vehicle_id,timestamp,speed,speed_level,acceleration,driving_mode,driving_mode_label,traffic_level,traffic_level_label,temperature_c,uae_heat_band,battery_state_pct,distance_travelled_km,energy_consumption_kwh,km_per_kwh
1102,2024-01-01 00:00:00,111.50736643582246,Highway,-2.7738156574639765,2,Comfort,1,No Traffic,0.741770214307623,Mild,30.41514793606419,20.75750842882099,12.054316837893046,1.722
1435,2024-01-01 00:01:00,48.61232334330797,Local,-0.7969822458298639,1,Eco,1,No Traffic,-3.4955161540777215,Mild,97.3855337784473,0.6429176296592819,4.48870104769729,0.143
1860,2024-01-01 00:02:00,108.73332025589964,Highway,0.2537998537264747,1,Eco,3,High,9.248274673124495,Mild,84.9126002160525,40.84282360003485,11.70137693672586,3.49
1270,2024-01-01 00:03:00,38.57948414974584,Local,-2.1113952082372354,1,Eco,2,Moderate,2.8684089901268166,Mild,28.777904099769607,5.305228735924097,7.389265564508191,0.718
1106,2024-01-01 00:04:00,57.17243836125499,City,1.477882875414461,2,Comfort,1,No Traffic,16.75024402320902,Mild,29.740159811814273,5.825925674399545,6.761205202007953,0.862
1071,2024-01-01 00:05:00,27.123479737919965,Local,-2.949871774967169,1,Eco,1,No Traffic,1.6298736724197376,Mild,67.55790839300951,2.510091060779996,4.31906050402437,0.581
1700,2024-01-01 00:06:00,76.85712506110127,City,-1.988405709395779,3,Sport,2,Moderate,1.2067481426024085,Mild,47.591133933854664,10.101039527342744,9.28572513709307,1.088
1020,2024-01-01 00:07:00,117.47773382097706,Highway,0.4847809791208544,1,Eco,3,High,34.464054284673225,Warm,22.792468725848742,8.923132449569461,10.154375379907354,0.879
1614,2024-01-01 00:08:00,72.41917152520544,City,1.2863253722237538,1,Eco,1,No Traffic,36.4582615596884,Warm,63.33132062664425,17.458505220815894,8.734982030592302,1.999
1121,2024-01-01 00:09:00,42.93769009362586,Local,2.499858616163497,1,Eco,2,Moderate,38.38972938645595,Warm,51.02760797486775,32.997592673126384,9.139607590819022,3.61
1466,2024-01-01 00:10:00,77.73809351886341,City,1.2329799116077431,3,Sport,2,Moderate,25.622609929326035,Mild,28.086119389739412,2.809281958661103,9.3552963469904,0.3
1214,2024-01-01 00:11:00,14.750481415846508,Local,1.0306756215291957,1,Eco,3,High,29.69574271581412,Warm,84.15363138047861,43.02776043272184,6.935742891556282,6.204
1330,2024-01-01 00:12:00,106.63908963184784,Highway,-0.6339531218960142,1,Eco,2,Moderate,32.61031398591831,Warm,93.20614122230448,16.39627290629214,9.893371837354756,1.657
1458,2024-01-01 00:13:00,60.37007409358037,City,-2.9922934468391915,2,Comfort,3,High,24.651492660429906,Mild,80.5275147211304,30.369705820489063,8.731184312327246,3.478
1087,2024-01-01 00:14:00,53.92196904475705,City,-2.2790444475862683,2,Comfort,2,Moderate,9.860939711613812,Mild,85.79378480130218,0.6990550993166389,7.207605094790329,0.097
1372,2024-01-01 00:15:00,70.30377461442231,City,0.2073272685362348,1,Eco,1,No Traffic,2.037414929508585,Mild,37.31924538128939,18.353814961911517,7.948397965703622,2.309
1099,2024-01-01 00:16:00,74.97406353472829,City,1.050779315066518,2,Comfort,3,High,5.677298822116754,Mild,41.08583607348808,0.2023405040778794,8.19924324438179,0.025
1871,2024-01-01 00:17:00,8.613096747181563,Local,-0.4953102966212253,1,Eco,2,Moderate,32.81863231322332,Warm,36.68220322393502,8.35636785150311,4.3719906939719575,1.911
1663,2024-01-01 00:18:00,81.91406654680829,Highway,1.3840740691703417,1,Eco,1,No Traffic,26.324375722907856,Mild,81.20507450924512,22.447736480518792,8.607421884772135,2.608
1130,2024-01-01 00:19:00,29.031801637863552,Local,0.1311737719930725,3,Sport,2,Moderate,15.51080935867682,Mild,95.83336631475976,26.800862355292516,7.185772096022532,3.73
1661,2024-01-01 00:20:00,85.67431590079077,Highway,-2.554942826434127,1,Eco,1,No Traffic,-3.676771526879628,Mild,77.34697653871221,7.731137126095147,8.010846035355843,0.965
1308,2024-01-01 00:21:00,98.7041753261036,Highway,-1.847902494192307,2,Comfort,3,High,6.97919666952474,Mild,90.51734119036448,37.28629225302105,10.104175318328322,3.69
1769,2024-01-01 00:22:00,96.47502090630245,Highway,2.0399893394636575,2,Comfort,1,No Traffic,27.80038719065937,Mild,71.0959275906538,9.531282909478168,9.575673650868708,0.995
1343,2024-01-01 00:23:00,66.3001160889467,City,1.3494764797466372,2,Comfort,2,Moderate,18.057425579276032,Mild,51.01279204470393,5.880670098637158,7.300779003444786,0.805
1491,2024-01-01 00:24:00,62.420387077290144,City,2.3685719220749704,2,Comfort,1,No Traffic,14.598962251710253,Mild,54.06092919442442,16.7378831867826,8.552035881601197,1.957
1413,2024-01-01 00:25:00,17.145115360729406,Local,-2.2946565052743804,1,Eco,1,No Traffic,9.11557303509585,Mild,26.025714573392385,27.616290316681567,6.100899914978993,4.527
1805,2024-01-01 00:26:00,93.04153804837628,Highway,2.941335207690443,3,Sport,3,High,22.311932375966077,Mild,22.516575619682087,49.446200639345435,12.824051271009102,3.856
1385,2024-01-01 00:27:00,32.569125653605724,Local,-1.7435597163003984,3,Sport,1,No Traffic,38.48734234172601,Warm,75.6380483351262,20.993914908793997,6.626022635287848,3.168
1191,2024-01-01 00:28:00,59.60345073815358,City,-2.929320742280148,1,Eco,1,No Traffic,35.550563948387776,Warm,55.07431136089445,21.35722122038133,8.658945042212396,2.466
1955,2024-01-01 00:29:00,34.11289115130201,Local,2.984537634321325,2,Comfort,2,Moderate,-3.627592786207309,Mild,64.17720544437036,3.060740158814432,6.282458616675993,0.487
1276,2024-01-01 00:30:00,16.059403559963176,Local,-1.3135566873293212,3,Sport,2,Moderate,16.64292201625506,Mild,64.6128998097933,38.31440169064924,6.920138536434345,5.537
1160,2024-01-01 00:31:00,75.54692362700838,City,1.0081167150753592,3,Sport,3,High,9.826118412112644,Mild,42.19006506666411,9.170971792866062,8.303310681306469,1.104
1459,2024-01-01 00:32:00,6.51984417874846,Local,-1.9399061149421688,1,Eco,3,High,17.977209805291043,Mild,58.071400866359255,37.26569787081437,7.284021894666983,5.116
1313,2024-01-01 00:33:00,89.83742809514399,Highway,0.4813711931948505,2,Comfort,3,High,22.279616044227165,Mild,57.66081773341618,45.53978219872408,12.052701702422915,3.778
1021,2024-01-01 00:34:00,38.110415431334,Local,2.424209918727356,3,Sport,2,Moderate,4.001263059889606,Mild,51.07417769822856,38.434216028358925,10.3035318977161,3.73
1252,2024-01-01 00:35:00,0.0161631605382384,Local,-1.0789129954293684,1,Eco,1,No Traffic,30.170563129671535,Warm,85.65403067208564,32.15842567856952,4.858111653316629,6.62
1747,2024-01-01 00:36:00,61.33549670846757,City,1.021523856266155,3,Sport,3,High,16.378062253868485,Mild,56.09312029500767,30.23542314488262,7.853329085537799,3.85
1856,2024-01-01 00:37:00,5.622229023312375,Local,-1.872578467209501,3,Sport,2,Moderate,39.640272470421074,Warm,68.29156196047903,22.736281331485568,6.121219414470381,3.714
1560,2024-01-01 00:38:00,33.14034693850794,Local,0.7487723923123513,2,Comfort,2,Moderate,-3.8692676415397456,Mild,91.64160963046608,7.31268048630721,6.696408185891189,1.092
1474,2024-01-01 00:39:00,84.83717849468594,Highway,-0.9812978890949392,2,Comfort,3,High,3.537362928390632,Mild,89.2986898287138,38.96404659517544,9.915802095342835,3.929
1058,2024-01-01 00:40:00,7.522754594623904,Local,-1.73275044847229,3,Sport,2,Moderate,26.033341025217915,Mild,91.2337763023332,23.918381292590432,3.539492587917388,6.758
1510,2024-01-01 00:41:00,100.72061908272028,Highway,-1.1209076957781892,2,Comfort,1,No Traffic,26.283088593650145,Mild,41.600399717201114,31.319726574468653,12.143701309239464,2.579
1681,2024-01-01 00:42:00,0.4583907190299729,Local,-1.926953588953204,3,Sport,2,Moderate,21.198470098762524,Mild,22.798599064645025,18.763359922780776,5.29110158899237,3.546
1475,2024-01-01 00:43:00,29.618864304228268,Local,2.411496647027297,3,Sport,2,Moderate,38.73820129107829,Warm,40.885343991626335,10.116063712053672,5.44349069267198,1.858
1699,2024-01-01 00:44:00,88.90848673824857,Highway,-0.616878682097227,3,Sport,1,No Traffic,13.689175392397004,Mild,42.29658764965669,40.3447723430343,9.15108250690218,4.409
1975,2024-01-01 00:45:00,37.952417967516816,Local,-1.528324170153796,1,Eco,3,High,13.766656543038373,Mild,92.74882613799744,17.185750298132128,4.79120256207853,3.587
1782,2024-01-01 00:46:00,12.227086567921624,Local,-0.3095529539044026,2,Comfort,2,Moderate,35.9714363450878,Warm,71.93941862703765,43.34733344567345,6.568445609840438,6.599
1189,2024-01-01 00:47:00,43.228070256051346,Local,-1.0767829991610267,2,Comfort,1,No Traffic,19.22988018985648,Mild,26.536316768178303,48.28967263588182,9.796015556673057,4.93
1957,2024-01-01 00:48:00,32.447194366143066,Local,1.4665155228799556,3,Sport,3,High,10.91774477135202,Mild,30.83028768088809,41.516427507631114,7.0867779613558195,5.858
1686,2024-01-01 00:49:00,101.12542825926658,Highway,2.8273194713129666,2,Comfort,1,No Traffic,27.35220936252366,Mild,32.454090043358036,6.49408846001345,11.147602658991469,0.583
1957,2024-01-01 00:50:00,37.601750110217175,Local,-0.371798059814119,3,Sport,2,Moderate,22.885177818438738,Mild,70.43373985351386,42.76504527513643,7.0573102695058045,6.06
1562,2024-01-01 00:51:00,94.67189661312086,Highway,2.1662003998334427,2,Comfort,1,No Traffic,8.788452262896618,Mild,78.83312204056026,26.015955488120294,10.611606077316974,2.452
1875,2024-01-01 00:52:00,107.02465737728816,Highway,0.395178441357717,2,Comfort,3,High,8.406795913654705,Mild,88.77151284523168,12.146438884792556,10.3610296581218,1.172
1566,2024-01-01 00:53:00,52.058090349183544,City,-2.056586009434599,3,Sport,3,High,12.802575888726466,Mild,95.25092406449944,4.748486077944668,5.350501383629159,0.887
1243,2024-01-01 00:54:00,109.19317726252704,Highway,1.1437364524880491,2,Comfort,3,High,-1.7770970452912866,Mild,36.13636459091534,13.997640972582742,11.752313421133302,1.191
1831,2024-01-01 00:55:00,45.27816647558314,Local,0.0806069827549205,3,Sport,1,No Traffic,37.41776061194376,Warm,44.781798777923925,6.957611400593123,5.71021105799679,1.218
1504,2024-01-01 00:56:00,115.68940997881298,Highway,0.9036391395126206,1,Eco,1,No Traffic,3.2359018088499276,Mild,39.225830459586454,1.3796646518514932,10.277919275362706,0.134
1130,2024-01-01 00:57:00,10.714742943068751,Local,2.3381244754299892,3,Sport,3,High,3.722093604747423,Mild,48.700925397291016,49.389441020793974,7.902831524163862,6.25
1484,2024-01-01 00:58:00,82.44231198038914,Highway,-0.3573925760637237,2,Comfort,3,High,24.116728225768497,Mild,93.17320859389996,41.59395819531102,11.2391577354925,3.701
1818,2024-01-01 00:59:00,59.25768485483144,City,2.4070657393041337,1,Eco,3,High,27.591117128491504,Mild,66.00900535514893,36.9735682285333,10.582493902087425,3.494
1646,2024-01-01 01:00:00,46.51785665467765,Local,1.5040140856899296,1,Eco,2,Moderate,28.15759568199426,Warm,79.05535178595993,9.73138718254461,5.529531285660885,1.76
1020,2024-01-01 01:01:00,75.9254254498321,City,-0.0683704447320914,3,Sport,2,Moderate,11.878376057690396,Mild,59.20953889014256,1.4840483036473533,9.57216534924072,0.155
1840,2024-01-01 01:02:00,84.46285099611974,Highway,0.6193328139477821,1,Eco,2,Moderate,34.29980288094665,Warm,22.30863306688996,24.311673740477083,9.312349900827677,2.611
1166,2024-01-01 01:03:00,0.5235923580370905,Local,-1.0465132048859314,3,Sport,3,High,19.479957778662,Mild,25.135638879825144,37.11055205382251,7.852141863983689,4.726
1273,2024-01-01 01:04:00,20.034370649663845,Local,2.901583798432645,2,Comfort,2,Moderate,14.736439847314998,Mild,63.03384250143086,48.145584431652146,9.21536295233619,5.224
1387,2024-01-01 01:05:00,85.56552607611825,Highway,1.0041069783023762,3,Sport,3,High,31.467390738955032,Warm,77.50312278560205,42.20979606129742,10.001288508659036,4.22
1600,2024-01-01 01:06:00,79.96624962938478,City,-2.736918885020221,1,Eco,1,No Traffic,5.960256215072697,Mild,37.22644220229852,44.68576756412842,10.881985476697956,4.106
1315,2024-01-01 01:07:00,115.92570061544126,Highway,-1.0402685655119477,3,Sport,3,High,33.70834495459836,Warm,77.75276591938433,12.0092711122773,10.481489170802814,1.146
1013,2024-01-01 01:08:00,91.32453483009397,Highway,0.7398866025543449,3,Sport,3,High,19.247322755421735,Mild,84.853261878681,7.850768279406099,7.826709195419165,1.003
1241,2024-01-01 01:09:00,114.09272492776056,Highway,-2.662000333204561,2,Comfort,2,Moderate,35.50261709529114,Warm,52.9517982689689,12.46431032765925,10.228197428837143,1.219
1776,2024-01-01 01:10:00,84.30486018417683,Highway,-2.8566948520851434,3,Sport,1,No Traffic,4.072563897509163,Mild,79.7135386275284,7.015115715592211,8.469874214667954,0.828
1345,2024-01-01 01:11:00,35.76626503673318,Local,-0.2998545628331843,2,Comfort,1,No Traffic,37.12283842010916,Warm,52.32239602627679,39.94434280321843,8.700090997727651,4.591
1564,2024-01-01 01:12:00,12.643790670102778,Local,-1.00385892184398,1,Eco,1,No Traffic,25.954453388757557,Mild,74.2680503564016,45.16184874219469,7.307512092661228,6.18
1897,2024-01-01 01:13:00,93.81886360139228,Highway,-0.3702083518010046,1,Eco,2,Moderate,22.82478370610735,Mild,81.11976394556345,15.43636711045985,9.224461766556294,1.673
1339,2024-01-01 01:14:00,77.29790657710991,City,-1.423840140719969,3,Sport,2,Moderate,13.993038376735331,Mild,99.35412946464886,43.858616528660306,10.340969057953414,4.241
1091,2024-01-01 01:15:00,5.7823214871955475,Local,-2.0116935183421143,3,Sport,2,Moderate,38.03417499845759,Warm,47.631732965087686,2.8462554899297787,4.876572322363352,0.584
1366,2024-01-01 01:16:00,43.2060559081174,Local,1.134860141882026,1,Eco,2,Moderate,14.976383274018076,Mild,52.88326244596892,33.90009132739612,8.588989029051652,3.947
1955,2024-01-01 01:17:00,114.81597785811434,Highway,0.0874266976068032,1,Eco,2,Moderate,17.434432860140912,Mild,33.24960475281371,26.421911173800027,11.59698840313413,2.278
1454,2024-01-01 01:18:00,60.048137485224146,City,-1.799074732503799,1,Eco,3,High,30.167414886339067,Warm,36.325844672144555,13.909490451427136,6.746085863635573,2.062
1427,2024-01-01 01:19:00,51.927496322364554,City,-1.08246344244001,3,Sport,1,No Traffic,7.817909332571775,Mild,75.47160020787021,38.43323465753772,9.137619991515892,4.206
1508,2024-01-01 01:20:00,54.92395261911528,City,0.5508474459799553,1,Eco,2,Moderate,8.117289076620631,Mild,93.36364721235807,10.681159344191745,5.527272490283655,1.932
1775,2024-01-01 01:21:00,25.06592688061965,Local,-2.566623910365133,3,Sport,1,No Traffic,29.8883959429549,Warm,51.568396132899245,20.86585942263505,6.538169616043007,3.191
1942,2024-01-01 01:22:00,44.24486050377543,Local,-2.1152819444029225,1,Eco,2,Moderate,0.786090513554857,Mild,34.3875557468433,35.52198087003686,9.010626144115571,3.942
1034,2024-01-01 01:23:00,44.37759071846119,Local,-2.5605263753556593,1,Eco,3,High,32.03340341318605,Warm,42.80795995063953,16.977626158978918,8.166680200494277,2.079
1205,2024-01-01 01:24:00,6.282602422496688,Local,1.8739039962847135,3,Sport,1,No Traffic,23.132875373943172,Mild,56.40413638465109,42.78247326092732,7.278272326072086,5.878
1080,2024-01-01 01:25:00,92.1081154221502,Highway,1.5144553992720553,2,Comfort,2,Moderate,19.2587694881472,Mild,43.25202634922947,43.284807830918005,12.540242699184638,3.452
1931,2024-01-01 01:26:00,49.98053182846548,Local,1.5198775912755424,3,Sport,3,High,5.309922198094668,Mild,38.686326649749304,10.206267944428165,6.835302057425587,1.493
1561,2024-01-01 01:27:00,98.6615864179708,Highway,1.2979520608561683,2,Comfort,3,High,30.386567620498397,Warm,78.87875910056636,22.075460434387463,9.172039765324431,2.407
1871,2024-01-01 01:28:00,102.04176013438745,Highway,1.0163125420192154,3,Sport,1,No Traffic,31.22288902789371,Warm,20.627593699249857,21.65743090015993,11.443272488438588,1.893
1387,2024-01-01 01:29:00,25.43928656383897,Local,-0.1380485077309501,2,Comfort,2,Moderate,16.7323840544433,Mild,63.13844218691865,20.561252251509703,4.361634537022763,4.714
1001,2024-01-01 01:30:00,78.88241786041543,City,0.8536689810426896,2,Comfort,3,High,12.512603868574397,Mild,83.50134456238031,25.1484096954953,8.962841117450026,2.806
1389,2024-01-01 01:31:00,56.6738164995578,City,-2.7698306712721523,2,Comfort,3,High,6.0772826885772915,Mild,41.29826290539746,3.810879072859923,7.965740664902294,0.478
1565,2024-01-01 01:32:00,105.6188085505782,Highway,0.7287865359407073,3,Sport,3,High,28.940530769012874,Warm,68.26332084896138,43.51549476717611,12.152200579345404,3.581
1105,2024-01-01 01:33:00,25.888881501174495,Local,1.667266233221263,3,Sport,1,No Traffic,23.77533654070178,Mild,73.51200844948943,14.566747439820253,5.57949487858374,2.611
1771,2024-01-01 01:34:00,81.3375840372053,Highway,0.0021501623063411,3,Sport,1,No Traffic,4.298396321508598,Mild,72.4019757124072,0.1904384333452138,7.275334291424041,0.026
1821,2024-01-01 01:35:00,72.9302546703267,City,-0.8549200294365784,2,Comfort,2,Moderate,30.751063585820532,Warm,55.66797073589741,34.286686240183634,9.403842025548585,3.646
1476,2024-01-01 01:36:00,35.43617730861993,Local,-1.3354395911941253,2,Comfort,2,Moderate,34.69923910113068,Warm,47.72623903006234,32.55855697966761,7.33068866312424,4.441
1702,2024-01-01 01:37:00,16.392108438140713,Local,0.8568123009724946,3,Sport,1,No Traffic,-2.3338731763289355,Mild,86.87392584222508,49.15979444205454,6.700808608047893,7.336
1401,2024-01-01 01:38:00,78.19677125727318,City,1.1568071917794525,3,Sport,1,No Traffic,29.758928711081857,Warm,80.67567655998914,35.990435998931524,10.12735924325885,3.554
1729,2024-01-01 01:39:00,88.63169497587968,Highway,2.225805599175255,1,Eco,1,No Traffic,33.37608700424436,Warm,45.700413873113,16.702034796998284,9.534668266010726,1.752
1555,2024-01-01 01:40:00,37.875281251602,Local,-0.9459955052340554,1,Eco,3,High,39.61785547635461,Warm,28.241535555376487,47.6356158347406,9.861724140467423,4.83
1161,2024-01-01 01:41:00,77.37991248267765,City,1.618633844313513,1,Eco,1,No Traffic,5.692067452181512,Mild,25.744603635637535,18.33075538319217,9.215746595240724,1.989
1201,2024-01-01 01:42:00,47.41570891338039,Local,0.3681349451360276,1,Eco,2,Moderate,11.695144234641376,Mild,27.54207823191489,41.08010982678911,9.498527405621118,4.325
1957,2024-01-01 01:43:00,85.58482599391412,Highway,2.2970189440684745,1,Eco,3,High,38.47859914903956,Warm,66.62954889536343,16.85013605533477,8.806784782303952,1.913
1995,2024-01-01 01:44:00,23.905832987286377,Local,0.1668726497737243,3,Sport,1,No Traffic,-0.7693002367887001,Mild,24.132974066319175,2.5305448431609574,6.186641601325042,0.409
1269,2024-01-01 01:45:00,106.82580031634092,Highway,0.1057789703878033,2,Comfort,2,Moderate,18.566852976163936,Mild,46.95414999712307,36.7158645636183,10.983193211324163,3.343
1862,2024-01-01 01:46:00,34.48915157586957,Local,0.4672624886454546,2,Comfort,1,No Traffic,17.803506092704946,Mild,80.25597615313835,17.575525444518096,6.7794156241845425,2.592
1815,2024-01-01 01:47:00,44.13431853073835,Local,1.4958921308546067,3,Sport,2,Moderate,22.294648249652365,Mild,43.54785332123025,17.01049618186076,7.486788288480325,2.272
1270,2024-01-01 01:48:00,6.971034249641974,Local,2.7881428729707656,3,Sport,3,High,9.885667668083054,Mild,81.06464617441038,35.82099618063836,7.831202867369545,4.574
1455,2024-01-01 01:49:00,13.381465478553167,Local,-2.558619874705406,3,Sport,3,High,36.66631399023061,Warm,79.63736305656442,16.169689267395988,4.923830478361478,3.284
1461,2024-01-01 01:50:00,61.903428325479375,City,-2.6793923856538973,1,Eco,2,Moderate,7.152756743158276,Mild,39.6661706106573,5.9888339402299255,7.455535748110105,0.803
1726,2024-01-01 01:51:00,32.111121207356575,Local,2.6253020244440313,1,Eco,2,Moderate,24.236298291298105,Mild,78.30577440741963,20.28506157008971,7.166679953649326,2.83
1251,2024-01-01 01:52:00,100.25762708906332,Highway,0.1792537531092364,1,Eco,3,High,17.316716023972127,Mild,79.82213106176806,41.20981757348679,9.205916589994564,4.476
1701,2024-01-01 01:53:00,1.7632066385944611,Local,0.6894180874016165,3,Sport,3,High,7.000305361603596,Mild,51.79631405336215,6.597203951522365,5.270274337962246,1.252
1295,2024-01-01 01:54:00,45.491285840632344,Local,-0.105458390431627,3,Sport,2,Moderate,3.4984208075092145,Mild,36.833638699321455,27.768590710615463,7.271307377516147,3.819
1724,2024-01-01 01:55:00,40.48146561229112,Local,-2.438055284355153,2,Comfort,2,Moderate,38.04529559159465,Warm,61.70166455134953,6.699738767791319,5.714819210284138,1.172
1719,2024-01-01 01:56:00,2.319315710112124,Local,1.6085362705119994,3,Sport,1,No Traffic,20.258115771810367,Mild,93.71180704001571,2.5542241371301384,4.183540340011448,0.611
1748,2024-01-01 01:57:00,14.924207880061228,Local,1.4833478705315208,1,Eco,1,No Traffic,22.18859105009988,Mild,71.16933859456495,18.99761775080811,4.835628033021546,3.929
1337,2024-01-01 01:58:00,49.637120990236234,Local,-1.129780071043128,2,Comfort,3,High,30.230295656889027,Warm,33.83379981018089,32.928377484880215,9.036670640041846,3.644
1878,2024-01-01 01:59:00,59.143750133693594,City,-1.1625645286295976,3,Sport,3,High,-1.3448003630097571,Mild,74.62055397868158,13.821867926494113,7.141403328420637,1.935
1052,2024-01-01 02:00:00,48.51476967058429,Local,2.0270482854331107,2,Comfort,1,No Traffic,27.11939205085504,Mild,54.176242182546765,22.34198427209714,7.405308634690475,3.017
1791,2024-01-01 02:01:00,63.712521409451256,City,-2.5658564535520405,2,Comfort,1,No Traffic,2.431306190754417,Mild,67.32230378842985,24.617413144681823,8.595155809786915,2.864
1921,2024-01-01 02:02:00,71.41580098868178,City,2.286630890139395,3,Sport,3,High,28.321648828440516,Warm,78.72512280184864,42.08038503896062,9.75777735180898,4.312
1216,2024-01-01 02:03:00,1.1908585353402756,Local,-1.4600298606245137,1,Eco,3,High,1.3597902232319772,Mild,61.19578812115559,40.96706249942704,7.638887898387635,5.363
1763,2024-01-01 02:04:00,55.691419134420464,City,0.5579084865329635,1,Eco,2,Moderate,32.46221649431183,Warm,85.11871796586469,0.2171257715610224,6.442761086705637,0.034
1187,2024-01-01 02:05:00,115.6199089065106,Highway,2.615965074010666,2,Comfort,2,Moderate,25.64573173271556,Mild,77.77244634533022,20.75455781153655,10.07577363842658,2.06
1379,2024-01-01 02:06:00,62.28387361554584,City,1.0687350092198784,3,Sport,3,High,12.365062998358916,Mild,69.20586720148086,32.83894249480498,9.143355883464912,3.592
1492,2024-01-01 02:07:00,81.30507209507438,Highway,-0.5134211251977803,3,Sport,1,No Traffic,11.147549975616254,Mild,32.06342526658812,42.63456891102355,11.686647737979309,3.648
1040,2024-01-01 02:08:00,37.423662950025985,Local,1.1372052534324908,1,Eco,2,Moderate,1.7026178600163808,Mild,86.87592887292547,2.5399993875578617,6.632574695783738,0.383
1156,2024-01-01 02:09:00,92.8789653783315,Highway,-0.9361221821017792,3,Sport,3,High,35.68240100947524,Warm,94.87244682558529,31.449591088704732,10.426676347346888,3.016
1014,2024-01-01 02:10:00,92.75057782513382,Highway,-1.3364495019048832,3,Sport,1,No Traffic,0.3338172781965589,Mild,30.957209904743586,42.11677292854915,10.808783148378184,3.897
1812,2024-01-01 02:11:00,62.555525718496675,City,2.980099667608078,2,Comfort,1,No Traffic,16.243482483810652,Mild,59.059290354674445,12.828293427110378,7.076115833395748,1.813
1064,2024-01-01 02:12:00,117.12165879350565,Highway,1.5047413870787263,3,Sport,3,High,5.6433304655411565,Mild,40.71109935764036,10.342290935196166,11.838094903703055,0.874
1856,2024-01-01 02:13:00,15.066025771518404,Local,0.868319864290906,3,Sport,2,Moderate,39.83473786085617,Warm,80.36186459404517,23.44568444156948,6.338744098541764,3.699
1838,2024-01-01 02:14:00,2.033719786749719,Local,-0.8682621406840871,3,Sport,2,Moderate,21.36298231834142,Mild,77.730370880376,48.13272113049979,6.586265817879003,7.308
1520,2024-01-01 02:15:00,92.41898541085152,Highway,-2.7050350250697113,1,Eco,3,High,1.731302652595577,Mild,31.270809645631896,34.67503108594696,12.352486100238522,2.807
1343,2024-01-01 02:16:00,96.8586644837859,Highway,-2.813658743789066,1,Eco,1,No Traffic,25.040379892981317,Mild,90.16218170093096,21.281803818938503,9.477561677695215,2.245
1128,2024-01-01 02:17:00,14.424867494469147,Local,0.3250875326927929,2,Comfort,2,Moderate,39.62240577501481,Warm,34.47784511824018,1.141053717213942,4.901110745241429,0.233
1647,2024-01-01 02:18:00,31.869939955032727,Local,1.5721963262343062,1,Eco,3,High,22.226947627691832,Mild,83.7807220518486,27.88062058555041,7.71013046138003,3.616
1471,2024-01-01 02:19:00,2.106283603995469,Local,0.2242751426631306,1,Eco,2,Moderate,15.582059255028753,Mild,56.55842877024039,17.5045212896661,5.592754624468757,3.13
1062,2024-01-01 02:20:00,35.197033293667765,Local,2.0447104316346874,1,Eco,3,High,8.197155472839459,Mild,46.2617834846521,9.367110743436523,6.802658674037637,1.377
1138,2024-01-01 02:21:00,92.77702487024058,Highway,-2.79944080144067,1,Eco,2,Moderate,-0.8544463327054421,Mild,32.65914101393708,25.057390299891217,10.373454270592095,2.416
1498,2024-01-01 02:22:00,62.15526332550947,City,-0.7994875414443596,2,Comfort,2,Moderate,5.271083454544941,Mild,33.409140491730355,17.134993434963526,8.906734670042189,1.924
1592,2024-01-01 02:23:00,41.77147118019457,Local,-1.5775776529549317,3,Sport,2,Moderate,19.91293508041932,Mild,72.95124437607203,2.0323616713172448,6.178697823662304,0.329
1391,2024-01-01 02:24:00,44.608715388759634,Local,-0.3163621910572676,3,Sport,3,High,28.9203564392312,Warm,64.03443103576964,36.30275040956025,9.141127808751524,3.971
1674,2024-01-01 02:25:00,0.1624350858561785,Local,-2.565741640835265,3,Sport,3,High,34.506890060334236,Warm,29.76683373209862,36.655887706128965,7.101588940871968,5.162
1418,2024-01-01 02:26:00,35.976063307828305,Local,2.7247898494264353,2,Comfort,1,No Traffic,30.71705126677017,Warm,29.015828835066017,30.9796893429604,7.880891842421817,3.931
1288,2024-01-01 02:27:00,77.57504899655166,City,-1.6604675935838344,1,Eco,2,Moderate,0.6459340617587959,Mild,25.784845981823317,42.05695060946195,10.40558620976831,4.042
1378,2024-01-01 02:28:00,116.90333325796286,Highway,2.5338466529015085,2,Comfort,2,Moderate,29.805694825587103,Warm,79.50138778988352,10.238759034672206,8.935140833398558,1.146
1772,2024-01-01 02:29:00,101.64729923806794,Highway,-0.4446410697799092,2,Comfort,3,High,21.172204576561253,Mild,76.95056681834313,14.381457425545118,8.420400820373663,1.708
1489,2024-01-01 02:30:00,2.831395757463495,Local,2.913144799531308,2,Comfort,2,Moderate,16.109840087717068,Mild,24.674479268366017,22.98692356554561,7.118296014388678,3.229
1230,2024-01-01 02:31:00,107.82727256098072,Highway,0.3243503007612647,3,Sport,3,High,20.77438533124363,Mild,64.82160604775784,3.102741680960267,8.404259611597759,0.369
1040,2024-01-01 02:32:00,93.98380959583513,Highway,2.5849971850548448,1,Eco,1,No Traffic,-4.636610205238062,Mild,26.77409241941519,44.188934417417535,13.38944279082672,3.3
1027,2024-01-01 02:33:00,93.64513482851766,Highway,-2.967906067834663,3,Sport,2,Moderate,-1.9521390663037936,Mild,92.29966164871531,24.5823675345351,10.244211918728016,2.4
1134,2024-01-01 02:34:00,54.95949108042858,City,1.4894328370854009,2,Comfort,3,High,18.663217558284153,Mild,92.5693935344106,16.300695789644774,7.002024986664859,2.328
1200,2024-01-01 02:35:00,47.76063515454034,Local,2.4183039186150923,2,Comfort,3,High,2.812866226670092,Mild,75.85863918505041,23.950376023415153,7.41294867616505,3.231
1839,2024-01-01 02:36:00,36.349887459983115,Local,-2.1616765981262756,3,Sport,2,Moderate,19.549342846004496,Mild,94.095113715156,16.323978104638304,6.068385505291041,2.69
1779,2024-01-01 02:37:00,7.883383074523893,Local,-2.423244889607091,3,Sport,1,No Traffic,10.939610734366685,Mild,84.91624243309525,14.384544679590968,4.321714027221558,3.328
1929,2024-01-01 02:38:00,27.388243619243894,Local,-0.4525643568842667,3,Sport,3,High,35.833540930363874,Warm,86.28308607416395,22.456120118926023,5.718007942325242,3.927
1032,2024-01-01 02:39:00,29.592436197362954,Local,2.6020734367976104,1,Eco,2,Moderate,37.735754228700415,Warm,65.57662804559466,24.1470431520149,5.649020888901555,4.275
1047,2024-01-01 02:40:00,58.08924836522419,City,0.2543193611426324,3,Sport,1,No Traffic,39.09028508808338,Warm,44.48473585729407,21.723935129276654,7.246204952002877,2.998
1502,2024-01-01 02:41:00,89.69332879160328,Highway,0.1647387823303931,1,Eco,3,High,35.45220981472684,Warm,37.42392920931373,27.44175456498927,10.665410555629542,2.573
1406,2024-01-01 02:42:00,56.85717940775359,City,-2.153243290204069,1,Eco,1,No Traffic,39.36508830365498,Warm,46.176001763114336,39.19061221401411,9.406508796283129,4.166
1573,2024-01-01 02:43:00,6.941333933659273,Local,-2.9952629334406873,3,Sport,3,High,26.77662065827128,Mild,70.27963440712497,2.957682764067593,5.003859572411352,0.591
1727,2024-01-01 02:44:00,114.93477611858448,Highway,1.860840544472767,2,Comfort,2,Moderate,38.22440259554732,Warm,33.81252286659191,40.59478246196328,12.076855144544249,3.361
1804,2024-01-01 02:45:00,113.12691829129346,Highway,-2.4745526220825704,2,Comfort,2,Moderate,23.88066094555722,Mild,40.69121893098573,11.503866178573448,11.6750984564875,0.985
1098,2024-01-01 02:46:00,94.222745177809,Highway,0.8030989124119436,1,Eco,2,Moderate,31.414639309857407,Warm,57.44486902363715,12.67943653619767,7.601020711365071,1.668
1683,2024-01-01 02:47:00,118.95934818770648,Highway,2.487698727091149,1,Eco,1,No Traffic,0.9359496725669628,Mild,38.644007881969245,30.013377804434203,10.810343746474828,2.776
1871,2024-01-01 02:48:00,65.33787993603156,City,-1.748088521049414,1,Eco,1,No Traffic,25.71698144211511,Mild,67.09149357728492,48.78599800851406,10.310317721865056,4.732
1725,2024-01-01 02:49:00,115.53220203038472,Highway,0.991637017421465,2,Comfort,2,Moderate,36.89964892008668,Warm,93.8540822765064,0.9682267442696838,7.56323597732226,0.128
1986,2024-01-01 02:50:00,9.072604874010093,Local,-2.5278085397549432,1,Eco,3,High,19.30217086897432,Mild,79.84714925625012,33.68936612175283,7.378986621979529,4.566
1546,2024-01-01 02:51:00,43.88168979136456,Local,0.6225308630256778,1,Eco,1,No Traffic,3.4068871088639163,Mild,73.31412913191303,34.875170575208415,8.177638453823276,4.265
1960,2024-01-01 02:52:00,27.0457521608119,Local,-2.0164096742807835,2,Comfort,1,No Traffic,18.709985232625066,Mild,66.6177180787023,28.725224620782686,7.393114169248202,3.885
1738,2024-01-01 02:53:00,23.499970096112403,Local,1.415721363091068,3,Sport,3,High,26.812344732676973,Mild,59.03583274056519,0.5835367083713905,5.45471951952768,0.107
1612,2024-01-01 02:54:00,16.896353867121128,Local,-1.1926122312365508,2,Comfort,3,High,29.640482459382905,Warm,34.92510877077278,30.356954659651684,7.158108063537352,4.241
1942,2024-01-01 02:55:00,74.6896369879196,City,-0.2196539471721226,3,Sport,2,Moderate,18.566590446939276,Mild,91.57683643414924,5.839563321726906,6.542540140474495,0.893
1461,2024-01-01 02:56:00,93.7586226896766,Highway,0.5965832521657299,3,Sport,1,No Traffic,4.781561089839254,Mild,39.882880161026904,3.995577693944262,9.689173091058924,0.412
1642,2024-01-01 02:57:00,69.39580793044328,City,-1.9723595360025623,1,Eco,3,High,36.70099548604363,Warm,27.30471020625286,34.833473086756904,11.374770076034045,3.062
1768,2024-01-01 02:58:00,17.63552515058516,Local,1.449826911705726,1,Eco,3,High,29.812783740401073,Warm,80.00121433829563,35.041704325348284,6.489437938928182,5.4
1004,2024-01-01 02:59:00,97.33485239201651,Highway,-1.184157956179113,3,Sport,2,Moderate,7.180978027792181,Mild,34.04924274649331,44.50660222286416,12.368708146146908,3.598
1217,2024-01-01 03:00:00,76.31456485964742,City,0.974231159476521,1,Eco,2,Moderate,31.531581282836846,Warm,49.75167996329408,0.2686853985748785,7.792634273744754,0.034
1502,2024-01-01 03:01:00,46.57988473523946,Local,-2.050301695803758,3,Sport,1,No Traffic,10.65381922831266,Mild,22.26279426327838,19.0001167205984,8.201626808664003,2.317
1766,2024-01-01 03:02:00,80.89563546432755,Highway,1.128705955238102,1,Eco,3,High,9.059410510077134,Mild,30.965435403235844,0.7123727478689138,8.60910805061433,0.083
1397,2024-01-01 03:03:00,31.188597509139942,Local,-2.23087156313723,2,Comfort,2,Moderate,33.83844823062149,Warm,33.85629046079296,18.2966610550928,6.697371404209059,2.732
1870,2024-01-01 03:04:00,41.42306501930526,Local,-0.4478610223800983,3,Sport,1,No Traffic,34.29558430677046,Warm,24.35281022001423,24.63373112289767,9.60138930743646,2.566
1794,2024-01-01 03:05:00,110.09830117583884,Highway,-1.516763557566739,3,Sport,2,Moderate,12.931663126854062,Mild,72.53255652982762,26.53348516134637,12.653064241971526,2.097
1392,2024-01-01 03:06:00,34.860540680570445,Local,1.4902514965690958,1,Eco,1,No Traffic,-4.598473771329597,Mild,86.96062366424938,17.86104240697305,6.172639758979829,2.894
1206,2024-01-01 03:07:00,56.39859217895239,City,-1.4277899729587529,2,Comfort,3,High,3.3954529629996344,Mild,49.86523250927527,36.29253826851375,10.487010493004307,3.461
1014,2024-01-01 03:08:00,106.81693648752176,Highway,2.2903038383723775,1,Eco,2,Moderate,35.91833477010514,Warm,89.96611813745605,20.83818664528579,10.55849140936168,1.974
1857,2024-01-01 03:09:00,84.92656203210329,Highway,2.350921268439677,2,Comfort,1,No Traffic,35.4437201674776,Warm,37.06772596481012,25.90461446143069,9.946489189665854,2.604
1553,2024-01-01 03:10:00,7.46438713976433,Local,-1.821352108663285,1,Eco,1,No Traffic,15.400513664205144,Mild,46.03123388489916,40.02437128920975,7.0892506123637355,5.646
1891,2024-01-01 03:11:00,17.676365313476442,Local,0.6830756700463456,3,Sport,3,High,8.685251827414536,Mild,32.058959442493475,8.797708040086581,6.3033475041787135,1.396
1460,2024-01-01 03:12:00,0.940990892630018,Local,-2.473694149680214,2,Comfort,2,Moderate,8.623673144732724,Mild,69.64473563351989,16.112672104834804,6.067301116125329,2.656
1690,2024-01-01 03:13:00,75.71061482749961,City,-0.6507774023902249,2,Comfort,1,No Traffic,35.373766118284216,Warm,53.589567269624546,26.11933707333472,10.125589100553048,2.58
1574,2024-01-01 03:14:00,53.7208110492502,City,1.2799303770076331,1,Eco,1,No Traffic,9.612998993898245,Mild,69.0626677473519,38.404149425750155,7.9772752964713085,4.814
1863,2024-01-01 03:15:00,16.112982108273066,Local,0.9565394810994974,2,Comfort,1,No Traffic,18.02111168830493,Mild,80.93399243153469,21.325235831701427,6.517722893155605,3.272
1742,2024-01-01 03:16:00,114.95209452681246,Highway,0.7482040164396477,1,Eco,1,No Traffic,27.8954972766804,Mild,63.656241282635875,3.731061936274737,8.571435267387125,0.435
1240,2024-01-01 03:17:00,63.55916687347439,City,-1.3047548180253383,2,Comfort,2,Moderate,4.426646872423847,Mild,70.21042839214303,49.44264354041624,9.167873235557057,5.393
1563,2024-01-01 03:18:00,29.0271952935467,Local,-0.7318503033935881,1,Eco,2,Moderate,6.422758671365214,Mild,94.82002515154664,35.424745061876365,5.985324175772955,5.919
1095,2024-01-01 03:19:00,60.07242853856491,City,-2.382323131798283,1,Eco,1,No Traffic,11.112785189280707,Mild,43.92514476870745,36.16448328378634,9.581487464556352,3.774
1899,2024-01-01 03:20:00,81.55443992821293,Highway,1.3141369226016062,1,Eco,2,Moderate,24.44005252063255,Mild,48.733115090716254,23.308735084921302,9.162567542805569,2.544
1733,2024-01-01 03:21:00,9.148706156827735,Local,0.0233327807476411,3,Sport,2,Moderate,31.78707930158475,Warm,77.41626893674695,27.397298841438037,5.784014522421798,4.737
1484,2024-01-01 03:22:00,32.96445780574704,Local,1.2525937940739276,2,Comfort,3,High,19.601759349894976,Mild,68.90444136443094,49.70301734479722,7.5050227818661535,6.623
1406,2024-01-01 03:23:00,96.83585890607924,Highway,-1.5063388512187634,3,Sport,3,High,0.9817931492330656,Mild,34.282632363177186,29.796273613504795,12.594407898532166,2.366
1230,2024-01-01 03:24:00,55.15978444831935,City,-1.0533706281896027,3,Sport,1,No Traffic,15.081048538137448,Mild,50.091784800839214,11.024580357639254,7.651400666883276,1.441
1748,2024-01-01 03:25:00,65.58925704387539,City,-0.994707976439312,3,Sport,3,High,0.74608249554373,Mild,57.4270410499772,48.22254901199074,11.613581789617932,4.152
1654,2024-01-01 03:26:00,51.93792026513631,City,-2.845545541516703,3,Sport,2,Moderate,-1.0266273649987108,Mild,53.55118703747115,26.934357854060835,9.413401344038231,2.861
1170,2024-01-01 03:27:00,5.267993117160614,Local,-0.9537127630162584,2,Comfort,1,No Traffic,21.53275464331515,Mild,34.261984665763265,1.1316001088589958,4.6193859002994,0.245
1540,2024-01-01 03:28:00,19.88997357841871,Local,1.8198274411082007,2,Comfort,3,High,38.02954503090653,Warm,93.95440734274098,28.710238751716656,5.8696881905483655,4.891
1035,2024-01-01 03:29:00,53.46499664902691,City,2.3837909744984316,3,Sport,1,No Traffic,32.69253250003268,Warm,80.98550093551808,3.616732590009144,7.017272710229336,0.515
1524,2024-01-01 03:30:00,25.102255848951337,Local,0.1093098938155647,2,Comfort,1,No Traffic,29.851206814412187,Warm,58.50846656862818,26.426656686647195,6.915063771620711,3.822
1159,2024-01-01 03:31:00,5.997483439161448,Local,-0.2669898286846788,2,Comfort,3,High,27.717518463940017,Mild,74.40488226454693,41.284051025031786,5.1468971450263155,8.021
1838,2024-01-01 03:32:00,101.23795968621884,Highway,-2.8150522878037787,1,Eco,2,Moderate,35.37075357110639,Warm,91.78261377084176,26.989431920495736,9.122349150026398,2.959
1698,2024-01-01 03:33:00,117.7431034996939,Highway,2.275226025512296,2,Comfort,2,Moderate,28.877578786425,Warm,30.893931388925697,18.73532136209227,10.741487129034375,1.744
1242,2024-01-01 03:34:00,95.17714487960872,Highway,-2.9219387194447637,3,Sport,3,High,23.209480538534713,Mild,40.02984405655822,44.14222656671211,11.23673505160413,3.928
1085,2024-01-01 03:35:00,102.45419060456004,Highway,2.6685004812612707,2,Comfort,3,High,11.410603612317416,Mild,63.4160997805316,46.38674488868935,12.701097224346716,3.652
1795,2024-01-01 03:36:00,29.037255638045444,Local,-0.064702507871456,3,Sport,3,High,-0.4575249563093262,Mild,83.92082970818869,17.439800021748212,5.058622287283958,3.448
1577,2024-01-01 03:37:00,115.27523706158397,Highway,-0.9483930385516404,2,Comfort,3,High,15.746501372980468,Mild,22.90039163532219,24.997644120452133,11.475563382974338,2.178
1681,2024-01-01 03:38:00,23.631084534411407,Local,2.54531060905596,3,Sport,1,No Traffic,36.61529062654153,Warm,98.72145201570883,49.147822574877864,8.502312396920896,5.781
1556,2024-01-01 03:39:00,114.17157724341988,Highway,-2.8536540413394196,2,Comfort,2,Moderate,21.239511941881865,Mild,56.39252823059177,8.987232209796712,9.7791481406395,0.919
1573,2024-01-01 03:40:00,119.37831527591412,Highway,0.4885493692145228,2,Comfort,2,Moderate,3.3026880952810114,Mild,48.73849124973784,14.977846476686672,10.787762346506682,1.388
1952,2024-01-01 03:41:00,85.40673668952584,Highway,0.2935951469960258,2,Comfort,3,High,24.206048881637976,Mild,43.41795502718175,21.478280538159407,10.081345049184192,2.13
1645,2024-01-01 03:42:00,117.73724781501863,Highway,-1.6840775927317075,3,Sport,2,Moderate,15.945800533622702,Mild,33.94853661206973,5.13432604104844,9.519905023017587,0.539
1795,2024-01-01 03:43:00,68.34477354805244,City,-0.4266754118987368,1,Eco,2,Moderate,36.91210398623349,Warm,83.32591271440222,13.674924169359814,6.768290313531678,2.02
1027,2024-01-01 03:44:00,31.14501398113084,Local,0.9135840356626216,3,Sport,2,Moderate,2.2422959527901165,Mild,96.43313317968772,27.27996547404519,6.731536215927841,4.053
1619,2024-01-01 03:45:00,52.43950627987451,City,1.3627871812915648,2,Comfort,3,High,27.040528682804315,Mild,53.09158038763186,11.502053213483045,7.790485977817996,1.476
1555,2024-01-01 03:46:00,71.22731224545431,City,-2.9956988477605213,3,Sport,3,High,25.672110916306075,Mild,96.1936555802765,34.34562077165178,8.540770640989045,4.021
1339,2024-01-01 03:47:00,8.7697874432418,Local,2.6211205805460915,2,Comfort,2,Moderate,39.25937103346771,Warm,85.90380923480274,17.44880695656993,5.571952206597819,3.132
1797,2024-01-01 03:48:00,74.68119175406953,City,-2.0128477656431256,2,Comfort,3,High,20.42104569782974,Mild,58.48409019810546,4.580767321710872,7.586804366321019,0.604
1957,2024-01-01 03:49:00,117.74134041147536,Highway,-1.5985173946658449,1,Eco,2,Moderate,34.2208316170138,Warm,73.92209433009062,38.25019794099292,11.944422948391294,3.202
1330,2024-01-01 03:50:00,22.812917974047316,Local,-1.4191593258369106,2,Comfort,3,High,-3.887872811085619,Mild,54.79873433363704,28.41407357843077,5.627068656230467,5.05
1639,2024-01-01 03:51:00,95.111413954606,Highway,-2.7730791806877884,2,Comfort,2,Moderate,0.5301385700859678,Mild,64.69787265700418,41.26097720871579,10.718235737358716,3.85
1505,2024-01-01 03:52:00,108.94785525355432,Highway,-2.2616872584580507,2,Comfort,3,High,10.567235778093874,Mild,24.643706961480305,18.07156569478004,11.06130269995153,1.634
1347,2024-01-01 03:53:00,113.2441911384265,Highway,2.918099537664972,1,Eco,2,Moderate,22.8697328720757,Mild,75.70107802404266,1.0670338250775386,9.499919712339867,0.112
1472,2024-01-01 03:54:00,115.21627252865366,Highway,-1.1086995757362836,3,Sport,3,High,15.208570523533387,Mild,24.225971558730937,2.4297558472464513,10.107419892506256,0.24
1230,2024-01-01 03:55:00,62.57515664657663,City,-2.3081934579657037,1,Eco,3,High,4.121331130596499,Mild,85.36679575357196,39.792946111570345,10.368813498596792,3.838
1189,2024-01-01 03:56:00,117.27694895898044,Highway,-2.35805243295226,3,Sport,2,Moderate,21.51416829511455,Mild,85.9957543568446,20.59099648442811,10.344287566658547,1.991
1224,2024-01-01 03:57:00,90.87722485613268,Highway,1.3167598060198316,2,Comfort,1,No Traffic,20.50145767036133,Mild,38.96618300449717,48.821646690567746,12.651649867756367,3.859
1384,2024-01-01 03:58:00,19.40057234843543,Local,2.127411984195845,3,Sport,2,Moderate,18.60013653343819,Mild,45.89302248286402,41.53238773270719,8.114822725461316,5.118
1376,2024-01-01 03:59:00,57.2280127761564,City,-1.4582862029491808,3,Sport,2,Moderate,-0.924974955018584,Mild,58.50483028466346,0.9044819439388212,6.025249985540711,0.15
1282,2024-01-01 04:00:00,86.19974104464048,Highway,-2.87454292598859,3,Sport,1,No Traffic,36.71614717403039,Warm,67.73303255459851,43.51201198494081,11.461720130275756,3.796
1957,2024-01-01 04:01:00,29.68083789829,Local,-1.6614598893278651,3,Sport,3,High,21.65148866656464,Mild,42.98829293935974,10.722022076372411,5.8866351395096395,1.821
1632,2024-01-01 04:02:00,76.87382202586649,City,-2.660905855219456,2,Comfort,1,No Traffic,6.879628623939576,Mild,67.398912370554,24.364619978508657,9.22304621072456,2.642
1627,2024-01-01 04:03:00,79.9920574855943,City,-2.379630380219751,1,Eco,2,Moderate,25.93381856775343,Mild,43.822965858343906,25.35545526209372,8.888020381358713,2.853
1972,2024-01-01 04:04:00,19.523969257027908,Local,-0.410951280914146,3,Sport,1,No Traffic,9.30585958909993,Mild,24.439257685684854,3.080087987552654,5.7142429226415326,0.539
1744,2024-01-01 04:05:00,67.81023749433075,City,-1.6204897748302045,2,Comfort,3,High,17.763521204849162,Mild,20.20220398655272,6.370715756463431,7.16387035269474,0.889
1258,2024-01-01 04:06:00,92.59522931743292,Highway,0.0956752711525403,2,Comfort,2,Moderate,10.350929697654234,Mild,28.09208463347429,21.21006533112749,9.600153383268976,2.209
1358,2024-01-01 04:07:00,59.86747974431303,City,-1.4790374804568578,2,Comfort,2,Moderate,34.61773119419618,Warm,83.38005601312146,32.16678174011187,9.580912336452784,3.357
1709,2024-01-01 04:08:00,1.452374013132891,Local,2.6432238066176854,2,Comfort,3,High,39.72912630407186,Warm,96.91450499066696,13.294407169282984,3.4628069741214675,3.839
1455,2024-01-01 04:09:00,1.0846162895150613,Local,2.435663807557587,3,Sport,3,High,2.253192939755441,Mild,54.15729594249754,26.36740820034043,6.6230712786817145,3.981
1410,2024-01-01 04:10:00,42.84352127640146,Local,0.4008366300627961,1,Eco,2,Moderate,-3.938947224953141,Mild,61.014716275995426,19.01885539190825,7.101677753388138,2.678
1648,2024-01-01 04:11:00,111.14328821181384,Highway,-0.873456048075683,2,Comfort,3,High,4.869512814191911,Mild,31.747853525874092,31.55513893704809,11.785669830042233,2.677
1317,2024-01-01 04:12:00,27.44121355243305,Local,-0.7131187077915868,1,Eco,1,No Traffic,21.547839239392605,Mild,64.08250821441257,21.279421334664068,5.128339089250297,4.149
1676,2024-01-01 04:13:00,76.12364266460246,City,-0.528886301133018,1,Eco,1,No Traffic,2.8278012809889876,Mild,31.572392160558145,42.5964916860917,9.913170106107144,4.297
1224,2024-01-01 04:14:00,26.64910448319847,Local,1.3654759328096642,1,Eco,1,No Traffic,31.516799107276903,Warm,68.89714649590641,49.188829020623295,9.128637468360749,5.388
1818,2024-01-01 04:15:00,38.60039875914583,Local,-0.2901660268869728,2,Comfort,1,No Traffic,13.390175955749909,Mild,94.66069340646833,45.66128644294712,7.7521528603860625,5.89
1233,2024-01-01 04:16:00,101.76505075217808,Highway,2.1403796790353846,2,Comfort,3,High,22.47397333213583,Mild,35.65588314424317,8.513351347549106,9.161189647064996,0.929
1683,2024-01-01 04:17:00,87.46337307239362,Highway,2.6645687155821873,2,Comfort,1,No Traffic,15.50280287302865,Mild,81.16509744456816,22.91316616332593,10.06530059347553,2.276
1663,2024-01-01 04:18:00,11.447913277585275,Local,-0.9843230797263968,1,Eco,1,No Traffic,35.649756472852914,Warm,21.880193825465923,22.99500426082848,7.547332487817549,3.047
1974,2024-01-01 04:19:00,51.44424251837203,City,0.3641668882540809,2,Comfort,2,Moderate,-3.4189098321974996,Mild,50.03977930572968,42.039272948206936,9.556897294159295,4.399
1826,2024-01-01 04:20:00,3.500371637431736,Local,-2.4296607790046134,2,Comfort,3,High,27.818585304546986,Mild,28.859880626440724,17.92374725859953,5.783286044211346,3.099
1373,2024-01-01 04:21:00,57.70681759236108,City,-1.797185713401846,1,Eco,3,High,24.347746000339,Mild,48.19803532765596,27.52513328216925,8.83865647482586,3.114
1671,2024-01-01 04:22:00,79.49208140412817,City,-0.5192053997390396,2,Comfort,3,High,24.228176394359195,Mild,33.88295357111068,30.503022261331655,10.111563793640968,3.017
1607,2024-01-01 04:23:00,14.220314831778186,Local,-1.7627837045893269,3,Sport,2,Moderate,13.62952268671923,Mild,49.86439920983099,5.6648872013004965,4.387029740184,1.291
1471,2024-01-01 04:24:00,34.66619266909988,Local,2.259362944732305,3,Sport,2,Moderate,-4.2946147185846115,Mild,53.40182448860243,27.9422604166558,7.27787723087748,3.839
1232,2024-01-01 04:25:00,47.740395060258834,Local,-2.0502824636454116,3,Sport,3,High,26.015832488558104,Mild,44.04728982247347,12.417390268896144,6.639856424613486,1.87
1691,2024-01-01 04:26:00,110.34372295872598,Highway,-0.2660350706814482,3,Sport,1,No Traffic,32.326204576371396,Warm,72.52975595785033,10.41018232903898,11.287280263691056,0.922
1112,2024-01-01 04:27:00,119.19060185075568,Highway,0.6341954427592542,1,Eco,2,Moderate,-1.1646360055693346,Mild,93.50816410071278,12.590747449598345,9.363864364636452,1.345
1829,2024-01-01 04:28:00,5.389355879473903,Local,1.1511834489650663,2,Comfort,2,Moderate,14.872787690978589,Mild,52.047629928421784,5.057664733511285,4.998982323228927,1.012
1496,2024-01-01 04:29:00,91.32095081944703,Highway,-0.7015837816409594,3,Sport,2,Moderate,2.316768427617439,Mild,35.387452518001716,3.57953950603549,7.936711746095406,0.451
1441,2024-01-01 04:30:00,44.606887968281185,Local,2.2145944123483714,3,Sport,3,High,22.49220038933237,Mild,41.65782065567867,32.37863183308715,7.663061288866339,4.225
1563,2024-01-01 04:31:00,47.0949823475376,Local,0.4099149064675531,2,Comfort,1,No Traffic,30.352219436156652,Warm,88.32006587970952,47.054845307985254,9.1044480697064,5.168
1267,2024-01-01 04:32:00,90.51179680164272,Highway,-0.3629533173146892,1,Eco,2,Moderate,25.001795421733284,Mild,65.73117786161183,34.431181095088796,9.911696155031008,3.474
1509,2024-01-01 04:33:00,110.21117185744905,Highway,-2.5965561956877803,3,Sport,2,Moderate,9.312703171864849,Mild,56.400882584556584,15.6615948697757,10.50296086605793,1.491
1806,2024-01-01 04:34:00,114.1114313403058,Highway,-0.2118631893290099,2,Comfort,3,High,1.2879716274572717,Mild,31.970937720714137,16.818825088823083,11.725829269951562,1.434
1385,2024-01-01 04:35:00,69.25471032459849,City,1.9244150448943813,2,Comfort,1,No Traffic,30.7420665722708,Warm,55.97818466590255,27.115321240884185,10.011340748317744,2.708
1386,2024-01-01 04:36:00,42.85453911606034,Local,0.6872461093278925,3,Sport,2,Moderate,9.576258632171148,Mild,42.279360268590935,43.32846362795245,7.8548126347843485,5.516
1112,2024-01-01 04:37:00,94.5058903030535,Highway,1.9929747223747096,3,Sport,3,High,-4.003707571500824,Mild,95.45305022826794,10.202981062394253,8.147294676639062,1.252
1612,2024-01-01 04:38:00,30.120165991476032,Local,-0.0359299764041662,2,Comfort,3,High,20.713954645716285,Mild,90.7256087532585,23.478716953522095,5.178222264369331,4.534
1624,2024-01-01 04:39:00,67.68888346002213,City,-2.289229769433109,2,Comfort,2,Moderate,6.100478960502025,Mild,26.71220334625584,24.9974414498979,8.337556282829299,2.998
1951,2024-01-01 04:40:00,43.02941538298478,Local,-2.9181609249847136,3,Sport,3,High,32.85426992611796,Warm,61.33227914089943,46.56805874823458,8.841427386500069,5.267
1080,2024-01-01 04:41:00,78.79572884494513,City,-1.1806827196884528,3,Sport,3,High,1.4464841975850344,Mild,38.00466764117377,26.85402862007211,9.917158312103693,2.708
1698,2024-01-01 04:42:00,28.847869547220828,Local,1.1879428289867544,3,Sport,2,Moderate,14.566038207666264,Mild,52.86216716194325,39.06484779607845,5.864353251287795,6.661
1112,2024-01-01 04:43:00,22.991153488179098,Local,1.7415594236501626,3,Sport,3,High,6.390859162495531,Mild,90.14783986011652,4.481278876972605,5.670954862593594,0.79
1001,2024-01-01 04:44:00,110.18869040105244,Highway,-1.2254829922780237,1,Eco,1,No Traffic,26.03207286494866,Mild,62.20116159108358,16.413488276691478,10.974713529706946,1.496
1641,2024-01-01 04:45:00,12.216441953944427,Local,-0.0260764747005173,2,Comfort,1,No Traffic,19.683890921083968,Mild,46.73722346966079,30.61003031857575,6.221998538582303,4.92
1219,2024-01-01 04:46:00,60.7149489281918,City,-0.4732865733955105,3,Sport,2,Moderate,30.59444736618682,Warm,36.63106832839976,33.914132802808425,9.68259689427012,3.503
1565,2024-01-01 04:47:00,26.50233395556107,Local,-0.5368632938914328,2,Comfort,1,No Traffic,15.637565885064348,Mild,84.02598875251914,44.27208631953589,7.656481905594491,5.782
1854,2024-01-01 04:48:00,4.671595599080094,Local,-1.611907720799097,3,Sport,1,No Traffic,-4.783620580502198,Mild,69.96144122914777,29.56214486664672,5.9288887219318696,4.986
1996,2024-01-01 04:49:00,4.322258194971167,Local,-2.18177336982325,1,Eco,2,Moderate,4.683841624277306,Mild,57.445236834098495,14.550002609845262,4.740995597404055,3.069
1735,2024-01-01 04:50:00,21.02661265269928,Local,-1.8198686506127213,2,Comfort,3,High,39.96206986874231,Warm,37.39874830903824,27.00085241096654,6.6569391747059665,4.056
1224,2024-01-01 04:51:00,104.01244254072004,Highway,-2.6680056770199236,1,Eco,1,No Traffic,13.240524518927964,Mild,46.739709932570506,35.60534746364633,11.255836130023662,3.163
1384,2024-01-01 04:52:00,33.8974492772432,Local,-1.8112155490585375,2,Comfort,3,High,22.910579854880147,Mild,96.78747413908148,39.23882576531783,6.0725126475071285,6.462
1402,2024-01-01 04:53:00,114.05510046903548,Highway,-2.9447946142477233,1,Eco,2,Moderate,35.72192236264407,Warm,61.607195008466746,47.234755107398115,12.436091758428567,3.798
1637,2024-01-01 04:54:00,69.79467515870323,City,0.7635504038158696,3,Sport,1,No Traffic,-4.07641180347102,Mild,52.05594249946024,9.618556868985678,8.16381703380562,1.178
1129,2024-01-01 04:55:00,52.39370277225193,City,-1.1017475556739027,3,Sport,2,Moderate,24.68233283788279,Mild,61.71376338786591,33.08116352096373,8.990536588874667,3.68
1052,2024-01-01 04:56:00,69.61066016033455,City,2.838868268561452,1,Eco,3,High,7.976963829029653,Mild,82.31908047196869,10.095406900796464,7.741615059998135,1.304
1683,2024-01-01 04:57:00,62.00380622715213,City,-1.8376976953422128,3,Sport,2,Moderate,7.566171490859416,Mild,47.208714920229504,15.961829216524562,8.602217107564373,1.856
1729,2024-01-01 04:58:00,91.05315045087902,Highway,-0.9250285781424364,1,Eco,1,No Traffic,5.11831314617381,Mild,34.29648967460871,7.223948501669285,8.787384765336336,0.822
1671,2024-01-01 04:59:00,33.89952791674227,Local,-0.852953048150801,1,Eco,2,Moderate,32.022814733102194,Warm,66.79488946712382,38.67238782090378,8.63751466930032,4.477
1709,2024-01-01 05:00:00,42.36604699203629,Local,-2.9492910236252365,2,Comfort,2,Moderate,11.782647960092252,Mild,73.21632827848538,45.70857607184802,9.263305762954932,4.934
1415,2024-01-01 05:01:00,107.29131630399009,Highway,2.0352477182367537,1,Eco,2,Moderate,-1.9797557782808417,Mild,77.01744023668397,1.5934472323305413,9.540969658520288,0.167
1246,2024-01-01 05:02:00,113.57478157804866,Highway,-2.8080332391340517,2,Comfort,3,High,-0.6416978952576597,Mild,90.55900726129038,40.694050938078966,11.184092512634988,3.639
1835,2024-01-01 05:03:00,107.10698729837694,Highway,2.6410790083754483,1,Eco,3,High,1.6876463209060928,Mild,49.69392965512904,12.163593617378506,9.370157920945427,1.298
1438,2024-01-01 05:04:00,50.33375927487763,City,2.3524461065617235,2,Comfort,3,High,35.45174142629163,Warm,26.028391698311346,24.399763550794987,8.158178508190995,2.991
1202,2024-01-01 05:05:00,93.6438603608258,Highway,0.2131314965157811,2,Comfort,3,High,14.234954192830411,Mild,96.66788669047536,37.436137066107285,10.184649324230165,3.676
1183,2024-01-01 05:06:00,57.160287996131856,City,0.2615734494677522,3,Sport,1,No Traffic,36.22222028197844,Warm,54.80095419499801,25.392030669515588,8.283335808697265,3.065
1122,2024-01-01 05:07:00,59.704782257532266,City,0.9226675377369382,2,Comfort,3,High,31.7865762742956,Warm,69.8606007738505,11.63936995526927,5.82934324135266,1.997
1400,2024-01-01 05:08:00,24.561613086874075,Local,-0.6776999283906782,2,Comfort,3,High,32.70471795660316,Warm,73.30442585026339,45.317668475908846,7.939370112310896,5.708
1766,2024-01-01 05:09:00,70.93563639102197,City,0.8833337003871327,1,Eco,1,No Traffic,7.90743150093247,Mild,63.72109669609628,29.71977388191897,8.66642466517712,3.429
1293,2024-01-01 05:10:00,22.336307730401753,Local,-2.7313896678690788,2,Comfort,3,High,7.2091485719291075,Mild,36.420602378901606,46.56965360193615,8.888775770717722,5.239
1279,2024-01-01 05:11:00,39.78776388806325,Local,-2.6757142359016406,3,Sport,2,Moderate,20.20307709270226,Mild,80.41144400929132,42.34740276301764,8.542395729778693,4.957
1836,2024-01-01 05:12:00,102.6036241943922,Highway,-0.256617482282734,1,Eco,3,High,13.806623289547783,Mild,84.30015794432653,43.841723363474664,11.777175573786192,3.723
1883,2024-01-01 05:13:00,24.849097105302626,Local,0.2977338066362094,2,Comfort,1,No Traffic,17.9077309735156,Mild,64.23804688139518,18.14946547603293,6.504771204143846,2.79
1609,2024-01-01 05:14:00,8.538994220811936,Local,2.326905842014914,1,Eco,2,Moderate,-2.6058109164035237,Mild,59.08489284678733,49.36702501543482,8.301149554949196,5.947
1197,2024-01-01 05:15:00,8.280911113537957,Local,-2.3720361965526227,1,Eco,1,No Traffic,38.72155860681376,Warm,29.115054650238825,42.63448373827481,8.365985222903614,5.096
1981,2024-01-01 05:16:00,112.89414246037296,Highway,1.9358875631633357,1,Eco,2,Moderate,-2.3824036471944594,Mild,26.716132919982705,16.94658887680846,12.335348793170825,1.374
1906,2024-01-01 05:17:00,60.83045255542015,City,-1.7397159762475825,1,Eco,2,Moderate,3.047408394784929,Mild,47.1651876450823,44.83112633699206,10.670090764749665,4.202
1510,2024-01-01 05:18:00,49.1294486180422,Local,-0.6354981089398088,1,Eco,2,Moderate,25.519023617586612,Mild,44.86769244139146,37.78911223303245,9.351930199557824,4.041
1751,2024-01-01 05:19:00,97.30542972095022,Highway,-1.1003853910355226,2,Comfort,1,No Traffic,1.9975698277862417,Mild,96.29251607706168,36.28433758511634,9.386856341791198,3.865
1143,2024-01-01 05:20:00,100.29911134926192,Highway,-0.5990683628076061,1,Eco,2,Moderate,-0.1908532531494939,Mild,82.68981939547439,0.4106689399483394,8.60569416259577,0.048
1608,2024-01-01 05:21:00,39.862923973872554,Local,-2.097027011564487,1,Eco,2,Moderate,1.9129171616914968,Mild,72.7939436207248,1.2261390924077231,4.669938365141334,0.263
1200,2024-01-01 05:22:00,83.23416689685543,Highway,0.0214204464213296,3,Sport,2,Moderate,-2.2135890552615907,Mild,61.41184712140841,34.77014744009722,9.830314516571086,3.537
1123,2024-01-01 05:23:00,92.5347379022264,Highway,1.809855538988204,3,Sport,2,Moderate,6.309343311625495,Mild,33.38940245813211,14.006308890099762,10.953207935325365,1.279
1186,2024-01-01 05:24:00,78.55808242391454,City,-0.3507959377266183,1,Eco,2,Moderate,7.200367195666656,Mild,98.27653377474272,3.020065523638668,6.009739385783417,0.503
1325,2024-01-01 05:25:00,18.191408976011925,Local,-0.0563185446108054,2,Comfort,3,High,17.437993939674477,Mild,50.0032558592168,14.368957932478391,6.8061281060005925,2.111
1463,2024-01-01 05:26:00,105.10597002204683,Highway,2.0926055116878857,3,Sport,1,No Traffic,14.74251327421488,Mild,28.554048195779583,41.911682774331,13.883965745185163,3.019
1348,2024-01-01 05:27:00,64.69134632832105,City,1.236348687828185,3,Sport,2,Moderate,16.31710368169803,Mild,59.503911657259685,23.583528678350685,7.738555256423661,3.048
1770,2024-01-01 05:28:00,33.896691164400444,Local,-0.0572735488812918,1,Eco,2,Moderate,22.721777689400614,Mild,89.91984092904666,30.81740500774708,6.107987564198341,5.045
1659,2024-01-01 05:29:00,51.02738225252327,City,-1.453826110864922,2,Comfort,2,Moderate,5.393264406229472,Mild,90.98328014218636,40.045220172133035,7.134398841030913,5.613
1763,2024-01-01 05:30:00,4.508530847868886,Local,2.3095604810698003,2,Comfort,2,Moderate,1.0616858991352824,Mild,20.87727328451578,16.236386147034683,4.934346972485079,3.29
1954,2024-01-01 05:31:00,15.344016146690109,Local,0.4621224101433503,3,Sport,2,Moderate,34.54952253904946,Warm,90.90365958011198,0.6561808202186997,2.941566150635413,0.223
1931,2024-01-01 05:32:00,91.8656100619033,Highway,-1.6731143393358396,3,Sport,3,High,23.527360280602807,Mild,41.71873739998868,16.233722181966677,10.92862862572381,1.485
1402,2024-01-01 05:33:00,0.0013961706439369,Local,-1.385281484171938,3,Sport,3,High,-2.2701517729340166,Mild,23.117789117473848,47.83825165505286,8.575422963423893,5.579
1345,2024-01-01 05:34:00,49.98789941787506,Local,1.8187985336174757,3,Sport,2,Moderate,38.24732424553691,Warm,87.82322162902994,24.166020787529774,9.074460367868838,2.663
1962,2024-01-01 05:35:00,62.70122173027061,City,-2.7351266274752675,3,Sport,2,Moderate,26.1880826020784,Mild,89.10934047905667,28.53339942851989,8.567400896164624,3.33
1510,2024-01-01 05:36:00,6.556130400116675,Local,2.9525531221729207,1,Eco,2,Moderate,1.826708893915523,Mild,67.698486387388,38.04542505407338,6.775898175638535,5.615
1146,2024-01-01 05:37:00,116.76937955667994,Highway,-2.217889921711249,1,Eco,1,No Traffic,38.61104942543803,Warm,65.95470058370867,5.835175591139743,9.1742661188221,0.636
1147,2024-01-01 05:38:00,27.135039749960633,Local,1.7764111523816242,1,Eco,1,No Traffic,11.443330446233489,Mild,85.04962180971356,36.7234047448537,6.90290152842038,5.32
1863,2024-01-01 05:39:00,36.503846356353705,Local,-0.6313480993699025,3,Sport,3,High,39.30295359391466,Warm,82.90476421682239,14.957946877725542,6.962667603645116,2.148
1710,2024-01-01 05:40:00,36.47310147060328,Local,-0.046702900275199,1,Eco,3,High,-0.3525966773020181,Mild,91.20843787541632,19.46925863064599,6.028277265888428,3.23
1819,2024-01-01 05:41:00,27.64999945408199,Local,2.2839034647874676,3,Sport,1,No Traffic,2.1986147665973075,Mild,64.21979580773628,13.547544220751938,5.458040257648326,2.482
1488,2024-01-01 05:42:00,0.1768586503573699,Local,-0.5225328624647205,2,Comfort,2,Moderate,24.583879789367987,Mild,97.41176741862468,7.761922751729616,2.4793446150353504,3.131
1928,2024-01-01 05:43:00,87.52137529055956,Highway,0.2249625220394069,2,Comfort,3,High,-4.003544067526704,Mild,99.69174647466708,18.136922553092187,9.670171611525042,1.876
1935,2024-01-01 05:44:00,116.02145997591424,Highway,-2.7042020255449803,1,Eco,2,Moderate,-4.158966145179394,Mild,29.32356879989061,4.8224835422254815,10.178105688679862,0.474
1639,2024-01-01 05:45:00,26.91521799420541,Local,-2.985915156795281,2,Comfort,2,Moderate,30.639227450120515,Warm,87.96350076432977,42.254425188858015,7.818502063426208,5.404
1550,2024-01-01 05:46:00,79.5656630164107,City,-1.5312007619896446,2,Comfort,3,High,2.550114928291914,Mild,59.98578061988712,15.366722952404164,9.178173057798377,1.674
1337,2024-01-01 05:47:00,89.02755923504581,Highway,1.0834985575126037,2,Comfort,1,No Traffic,36.34554966644233,Warm,51.00530706398657,32.71550418450989,10.715636498791964,3.053
1871,2024-01-01 05:48:00,101.81104549086297,Highway,-2.27241063984518,1,Eco,1,No Traffic,14.165327297711729,Mild,69.0457847906172,14.905108223763936,9.3434725467074,1.595
1640,2024-01-01 05:49:00,50.71550364163309,City,-2.3174282471727032,2,Comfort,1,No Traffic,34.314355943467405,Warm,24.47724458096056,10.614131683510884,7.343886673951776,1.445
1778,2024-01-01 05:50:00,36.35170867685151,Local,-0.5342363517845801,1,Eco,2,Moderate,13.79936128389378,Mild,60.51688950136639,35.71148921000193,8.85374627025306,4.033
1987,2024-01-01 05:51:00,39.03541608276373,Local,0.8870222316493592,3,Sport,2,Moderate,18.860350223746305,Mild,89.67124560213334,31.23779064495249,7.102762424767702,4.398
1952,2024-01-01 05:52:00,85.51455997182154,Highway,1.2724319534875832,3,Sport,2,Moderate,9.243137275438574,Mild,37.0769212911175,10.983436067825576,9.447932891574911,1.163
1472,2024-01-01 05:53:00,98.01353598067632,Highway,-1.9292959554097513,1,Eco,1,No Traffic,24.61343879901708,Mild,54.11119158155401,30.643597804480475,10.34339639922266,2.963
1945,2024-01-01 05:54:00,21.79367613079232,Local,-2.522471115767745,1,Eco,2,Moderate,9.319052467437976,Mild,95.15847101719004,0.3495837192019917,4.333264726888353,0.081
1150,2024-01-01 05:55:00,44.512920978931824,Local,2.642382203673266,2,Comfort,3,High,5.042654403252216,Mild,54.28510702445578,8.928038869350592,6.795549832141417,1.314
1414,2024-01-01 05:56:00,108.232823609898,Highway,-1.4360017046273896,3,Sport,2,Moderate,-1.3528709616784655,Mild,48.669410586591866,36.41492352205067,12.821880653551045,2.84
1989,2024-01-01 05:57:00,96.8032223633687,Highway,2.120078985652343,2,Comfort,3,High,-2.4048793477468977,Mild,55.24293184987026,20.566518259656153,10.289359438878956,1.999
1297,2024-01-01 05:58:00,118.18300833149708,Highway,2.1809487027769094,3,Sport,1,No Traffic,8.768845894103002,Mild,61.55622132140451,10.261081458751478,10.778582403705718,0.952
1610,2024-01-01 05:59:00,90.50979116184968,Highway,1.6351355505752672,2,Comfort,2,Moderate,28.141300536216495,Warm,70.55930753051751,25.345227213310732,9.59077993323136,2.643
1262,2024-01-01 06:00:00,47.18342412335067,Local,-1.9869983600845795,2,Comfort,2,Moderate,4.2529029854627325,Mild,84.05542407333849,23.31432835090467,6.9019890072150805,3.378
1763,2024-01-01 06:01:00,70.87654007935653,City,1.9308087555252025,3,Sport,1,No Traffic,8.465235256277346,Mild,56.16817646114514,31.73342099584626,9.868496141582568,3.216
1143,2024-01-01 06:02:00,79.32171050967844,City,1.61550335544952,2,Comfort,2,Moderate,35.73271383349557,Warm,85.39847480721123,3.7196621650191153,7.818869289447195,0.476
1345,2024-01-01 06:03:00,9.414697958054871,Local,0.5803379406373024,3,Sport,3,High,23.76208731150943,Mild,62.69765290816645,40.9855465632272,7.576953645077632,5.409
1623,2024-01-01 06:04:00,65.33963509246381,City,-0.9767877889862832,1,Eco,1,No Traffic,36.387507523988944,Warm,47.078440829438215,3.0080112685644997,7.988497789929901,0.377
1571,2024-01-01 06:05:00,85.11849941671315,Highway,-1.4249483744007354,2,Comfort,3,High,36.00517153016354,Warm,72.63606624955314,22.747378199536374,9.40224628226622,2.419
1880,2024-01-01 06:06:00,20.078556480127247,Local,-2.268664727517846,3,Sport,1,No Traffic,-2.146519288143953,Mild,77.41778037947931,35.55260388104993,7.497137852552828,4.742
1001,2024-01-01 06:07:00,93.67580609106686,Highway,0.0585424014052282,3,Sport,3,High,37.97541962177642,Warm,64.643918050359,17.30607062977888,9.24205559970966,1.873
1896,2024-01-01 06:08:00,70.0527336616934,City,0.5115652530590791,2,Comfort,3,High,-2.696991842243495,Mild,24.529197850777873,45.51491464919857,11.509210157928171,3.955
1303,2024-01-01 06:09:00,114.26661428371136,Highway,-0.8439660569052769,3,Sport,3,High,36.65285129868191,Warm,33.590630012865994,37.78606963214786,11.656914162972177,3.242
1253,2024-01-01 06:10:00,5.0906757848270034,Local,-0.1478455939147887,2,Comfort,2,Moderate,19.603004649552215,Mild,42.82381767121826,21.359798436386228,6.15687057915913,3.469
1651,2024-01-01 06:11:00,31.839136506656036,Local,-0.8189132557844001,2,Comfort,2,Moderate,18.993531229482617,Mild,42.610048476119445,9.27293704926546,6.213100859151326,1.492
1452,2024-01-01 06:12:00,72.18646551597888,City,0.8460363439242076,1,Eco,2,Moderate,27.096882817891853,Mild,73.87366401974964,2.2676015376637024,6.505595154949425,0.349
1036,2024-01-01 06:13:00,35.587189464711685,Local,2.4075552467793795,1,Eco,2,Moderate,34.56450718427785,Warm,21.467892933890607,40.103049938293296,9.001879800770228,4.455
1159,2024-01-01 06:14:00,85.73089968854906,Highway,-2.0164784277183307,1,Eco,2,Moderate,22.76520500475656,Mild,80.45454216396159,9.794284868225676,7.648579432149859,1.281
1008,2024-01-01 06:15:00,91.08063390263172,Highway,-0.7115471405812595,2,Comfort,3,High,14.142993420159469,Mild,41.227397984554656,13.55674130150385,9.690803713406424,1.399
1232,2024-01-01 06:16:00,12.301915687976932,Local,-2.154788376294832,2,Comfort,2,Moderate,0.0350204343148066,Mild,44.80174769728819,0.6178803162239773,4.950810688018216,0.125
1098,2024-01-01 06:17:00,61.66253570481213,City,0.749662622446992,3,Sport,3,High,30.51441876526954,Warm,62.23278623551394,1.009521559880323,7.807972356512086,0.129
1658,2024-01-01 06:18:00,61.06686667092671,City,1.3732230569315744,1,Eco,1,No Traffic,0.7732071611862308,Mild,37.2740480751166,11.597879864983232,7.963404338613228,1.456
1815,2024-01-01 06:19:00,44.31369242586493,Local,2.591476395584735,1,Eco,3,High,27.68646375396593,Mild,90.7577050860422,43.65613746495485,7.632608086694372,5.72
1207,2024-01-01 06:20:00,111.95098350836064,Highway,-1.3267684424342103,3,Sport,2,Moderate,18.75662256019117,Mild,26.829502346125224,39.06307011797981,13.00022586982518,3.005
1130,2024-01-01 06:21:00,99.30075838478656,Highway,2.7012672351925815,1,Eco,1,No Traffic,12.362616614113085,Mild,55.55058898408519,38.51666843912089,11.340177131089094,3.396
1403,2024-01-01 06:22:00,83.66512582915641,Highway,-2.620423969075951,1,Eco,2,Moderate,22.584387381401545,Mild,87.95378155639119,41.369035239968504,9.873325537252576,4.19
1151,2024-01-01 06:23:00,85.71919628819971,Highway,0.6180831801875293,1,Eco,1,No Traffic,29.756023873354437,Warm,69.26751155369885,9.412017089506053,7.178150321196502,1.311
1053,2024-01-01 06:24:00,55.405937257574294,City,-2.65720368394002,3,Sport,3,High,37.351282830277945,Warm,43.38636126741068,48.95535793823774,9.36644001082889,5.227
1119,2024-01-01 06:25:00,110.5193425315891,Highway,2.3626451265716693,1,Eco,1,No Traffic,6.9113597277009955,Mild,53.660816622116855,11.686412354096433,9.5623220044071,1.222
1672,2024-01-01 06:26:00,83.35145127039425,Highway,0.1788543424203243,2,Comfort,2,Moderate,37.62085720952642,Warm,76.53555042740118,7.581499561868205,7.059835781922864,1.074
1919,2024-01-01 06:27:00,87.47772739869798,Highway,1.0160901045767767,1,Eco,1,No Traffic,38.242662069450645,Warm,97.86085946911194,14.802770215581043,8.20036424889079,1.805
1627,2024-01-01 06:28:00,103.40290845448143,Highway,1.9894435554627157,2,Comfort,3,High,31.61337315158561,Warm,91.45109747035468,26.569621773624903,10.323968622798096,2.574
1586,2024-01-01 06:29:00,32.88859072106292,Local,-2.098136265096187,1,Eco,1,No Traffic,34.66467287240571,Warm,47.39462467059014,6.309087958439957,5.422731523438482,1.163
1624,2024-01-01 06:30:00,96.84850846400435,Highway,-2.768450628371197,2,Comfort,3,High,26.159238117272725,Mild,99.8558303430286,36.95718906687166,10.235317622478162,3.611
1967,2024-01-01 06:31:00,23.428872354779045,Local,2.2732868754771127,1,Eco,1,No Traffic,-3.2406251030921895,Mild,20.28037308248466,18.639181783334347,6.492486406873034,2.871
1419,2024-01-01 06:32:00,41.44103426938654,Local,-1.110400635246405,2,Comfort,3,High,20.878534511742643,Mild,22.210380464673207,28.46398512729648,7.865354779045944,3.619
1421,2024-01-01 06:33:00,40.27325451238112,Local,-2.2261265524370084,2,Comfort,3,High,28.62420533323474,Warm,85.9072412136955,36.738377580138994,8.125693158854215,4.521
1103,2024-01-01 06:34:00,117.42305620669688,Highway,-0.1892325774774805,1,Eco,3,High,37.37664106178508,Warm,35.957014946644165,45.10449800502134,14.54592006016179,3.101
1851,2024-01-01 06:35:00,102.78446684975124,Highway,0.5898364541761127,3,Sport,3,High,20.670333115849314,Mild,24.86154147169927,40.9854136394909,12.961201614678378,3.162
1253,2024-01-01 06:36:00,84.14038339083118,Highway,-2.8141763794649393,1,Eco,2,Moderate,30.73903052158225,Warm,38.971845858920176,26.91968685516662,9.461913716601789,2.845
1226,2024-01-01 06:37:00,87.24681139384681,Highway,-1.3506260504574736,3,Sport,3,High,26.72674228950223,Mild,54.08801231846881,49.55952748468235,13.334367952272098,3.717
1111,2024-01-01 06:38:00,67.44873532830853,City,-2.803200754338624,3,Sport,2,Moderate,7.636129984641183,Mild,78.44530163467239,26.53398548160988,8.780637467895286,3.022
1509,2024-01-01 06:39:00,113.65088005302228,Highway,-0.4779876648270065,3,Sport,3,High,1.9627633818111352,Mild,69.94684212409643,26.8450106972141,11.696526258442663,2.295
1472,2024-01-01 06:40:00,59.55105034588338,City,2.370600174397466,3,Sport,1,No Traffic,28.79073979050552,Warm,39.00969740483363,8.008560930576984,9.271084310143229,0.864
1098,2024-01-01 06:41:00,45.66212518438734,Local,2.895914468961415,3,Sport,1,No Traffic,5.519576253077833,Mild,60.26163584804675,7.521154752128623,6.261032220342627,1.201
1152,2024-01-01 06:42:00,19.56424043179092,Local,0.8222853210217651,3,Sport,2,Moderate,6.011119958356341,Mild,94.0971284318855,8.51818620314313,5.1997881349927635,1.638
1860,2024-01-01 06:43:00,94.34467827132696,Highway,-2.030173837292449,1,Eco,1,No Traffic,23.97758074152914,Mild,85.20062215870061,29.631885911866913,9.710941880174447,3.051
1913,2024-01-01 06:44:00,88.13327184907098,Highway,2.4350963399958347,2,Comfort,3,High,30.50808088132878,Warm,45.85518278654347,20.81707848292271,10.082561065990356,2.065
1895,2024-01-01 06:45:00,46.12260462289618,Local,0.0974869392003627,2,Comfort,1,No Traffic,21.20494417875563,Mild,98.5811649084557,19.355636633055003,7.239416281026846,2.674
1877,2024-01-01 06:46:00,3.0232096751075233,Local,-2.0775041273824915,1,Eco,2,Moderate,34.82424192455821,Warm,76.68963203481047,6.465158797262276,4.6795453948687,1.382
1337,2024-01-01 06:47:00,100.67967932616128,Highway,2.5303600167099685,1,Eco,1,No Traffic,4.514947116280352,Mild,24.995948453342542,19.116401567761063,10.907323225349453,1.753
1705,2024-01-01 06:48:00,1.370158014488836,Local,1.544814304338618,1,Eco,2,Moderate,6.35864932933328,Mild,22.812857063091094,18.961694635591936,5.715146202579298,3.318
1821,2024-01-01 06:49:00,84.44397355548611,Highway,1.3902316363389096,3,Sport,3,High,23.662997687085003,Mild,33.4726359208024,31.07863738684648,9.882345408468291,3.145
1162,2024-01-01 06:50:00,116.43085316712684,Highway,1.2550842227664276,3,Sport,3,High,32.32156830782336,Warm,78.22846944401175,19.48164398832389,11.563172377326538,1.685
1719,2024-01-01 06:51:00,52.51935937778442,City,-1.797961073421346,2,Comfort,1,No Traffic,19.27083107552051,Mild,34.699114067394234,20.9962245061802,8.033291910016738,2.614
1956,2024-01-01 06:52:00,28.19680859951433,Local,-1.7339598497548436,1,Eco,1,No Traffic,-4.532829201385422,Mild,60.91894153670668,13.699893666970588,5.814248481638321,2.356
1680,2024-01-01 06:53:00,84.5845212052058,Highway,1.1297579905635295,2,Comfort,1,No Traffic,25.462440814312348,Mild,27.46080961446654,6.662045205348289,9.589392239482583,0.695
1995,2024-01-01 06:54:00,98.05537704187022,Highway,-1.6816634993376187,2,Comfort,3,High,31.611209485807063,Warm,93.6708926264156,15.070543189165148,7.650559212564324,1.97
1160,2024-01-01 06:55:00,65.57163792934168,City,-0.3679698191817069,3,Sport,1,No Traffic,7.4444632553188335,Mild,47.51684908668541,2.233990482910506,5.737383244033473,0.389
1579,2024-01-01 06:56:00,116.04423303073754,Highway,1.6920109535636485,3,Sport,3,High,-2.5610797002979653,Mild,92.65056452485048,10.265127437378103,9.26718240889311,1.108
1800,2024-01-01 06:57:00,6.200246598955332,Local,1.703715108587046,2,Comfort,2,Moderate,18.30783901483967,Mild,95.59005135284356,16.315127403761853,4.727140875873158,3.451
1397,2024-01-01 06:58:00,60.575471796543376,City,-0.2804293648448421,3,Sport,1,No Traffic,-3.1030150842070956,Mild,20.490291785094463,7.367749967106545,8.140961461567247,0.905
1276,2024-01-01 06:59:00,86.21447367870601,Highway,1.7531396296514703,3,Sport,1,No Traffic,13.720753476185994,Mild,57.13081497589856,33.281985802106895,9.647520071793435,3.45
1815,2024-01-01 07:00:00,103.51685653790148,Highway,2.031730777188341,3,Sport,2,Moderate,-4.198196998836705,Mild,21.97248445655143,14.110174908628892,11.921179431821978,1.184
1915,2024-01-01 07:01:00,21.510673428934805,Local,0.9286545077055616,2,Comfort,2,Moderate,5.123502530857143,Mild,92.69542130423248,30.81482592917147,6.390983488500357,4.822
1503,2024-01-01 07:02:00,96.00041781164175,Highway,-1.629444886149479,2,Comfort,2,Moderate,12.497010334910946,Mild,61.47260357876607,32.22989205596418,11.182356009792493,2.882
1895,2024-01-01 07:03:00,66.32484908622543,City,-1.3559293176867149,2,Comfort,2,Moderate,0.0267650385366033,Mild,25.995521015879746,22.419685093314687,9.52800359998604,2.353
1391,2024-01-01 07:04:00,47.58644183879559,Local,-1.1109530675475878,1,Eco,3,High,0.1370156794907462,Mild,28.82213826212535,22.51041152150605,6.945482493817655,3.241
1134,2024-01-01 07:05:00,15.805803429491228,Local,-2.299175353596288,2,Comfort,1,No Traffic,32.21777831465317,Warm,50.68072195941912,29.11501679853053,7.025895242903365,4.144
1194,2024-01-01 07:06:00,103.83549106906948,Highway,-1.3610422777803293,3,Sport,3,High,-3.135925995917022,Mild,95.21873542983116,13.196571973374612,8.355282251901427,1.579
1400,2024-01-01 07:07:00,18.872784981565843,Local,-1.7428846541248073,2,Comfort,3,High,26.00348119031406,Mild,75.43273212544648,1.160123862867381,4.526134613722133,0.256
1639,2024-01-01 07:08:00,37.17454310509191,Local,-0.2680275011483868,1,Eco,2,Moderate,31.65169222072082,Warm,89.40950929513059,32.28672743696645,7.322079917742768,4.41
1032,2024-01-01 07:09:00,34.805463835492425,Local,2.4506252872335894,3,Sport,1,No Traffic,0.8825059361037519,Mild,49.31653170719837,30.46541665238881,8.676069479209465,3.511
1687,2024-01-01 07:10:00,104.56968410290251,Highway,-2.3731180994762515,2,Comfort,3,High,3.7916830531062686,Mild,23.457095963999866,23.87141511713634,10.517397562916832,2.27
1459,2024-01-01 07:11:00,80.72435930506776,Highway,1.3216075436843733,2,Comfort,3,High,23.86719857177632,Mild,97.94541097635312,43.80070396437236,10.264168093070657,4.267
1954,2024-01-01 07:12:00,95.60176766296468,Highway,1.1236980264787668,3,Sport,2,Moderate,9.204097573444852,Mild,21.37383925298956,25.480379153689302,9.84987925569408,2.587
1882,2024-01-01 07:13:00,30.056147855099876,Local,-2.425474808019854,2,Comfort,1,No Traffic,16.43903820557051,Mild,95.81213224648712,15.244383718918336,5.783928336804299,2.636
1469,2024-01-01 07:14:00,74.98489195283987,City,2.5354344294348,1,Eco,1,No Traffic,32.62012187258794,Warm,49.494193907931574,35.70526944277617,10.286166487187616,3.471
1374,2024-01-01 07:15:00,68.60951797724984,City,0.4108332129409175,3,Sport,1,No Traffic,1.209242712293043,Mild,20.80723240175052,48.12393566778289,11.629202115513152,4.138
1021,2024-01-01 07:16:00,99.93964521459252,Highway,-0.8176468731858946,2,Comfort,3,High,22.88436348571177,Mild,75.13257853796065,36.87025650210363,11.275045190344088,3.27
1749,2024-01-01 07:17:00,108.73044725775128,Highway,1.53923150097184,3,Sport,2,Moderate,37.407897502636,Warm,98.44322432250831,45.45150941505186,11.804777911093684,3.85
1669,2024-01-01 07:18:00,1.458812577286417,Local,-1.4558072495901957,2,Comfort,1,No Traffic,-2.414001664077326,Mild,97.2500578270074,5.724442486505066,3.004880987690718,1.905
1037,2024-01-01 07:19:00,80.88239028705512,Highway,1.1610590222779225,2,Comfort,3,High,-2.2996955756857456,Mild,32.87496089619347,6.13721797064675,8.798418080425787,0.698
1229,2024-01-01 07:20:00,6.220295894367482,Local,-2.7617327545665167,3,Sport,3,High,19.96340676779367,Mild,34.4998244852924,7.814824743093056,4.695034735662672,1.664
1364,2024-01-01 07:21:00,65.86303980928271,City,2.036448225655632,2,Comfort,1,No Traffic,38.20341082424481,Warm,65.24311316957281,35.17243639741571,10.73174585317546,3.277
1562,2024-01-01 07:22:00,34.515927485241384,Local,-0.3109749178720893,2,Comfort,2,Moderate,4.921313906505496,Mild,70.98438611426596,19.546382441580924,7.017153592320482,2.786
1437,2024-01-01 07:23:00,36.81319194265694,Local,0.8201574861476502,3,Sport,2,Moderate,9.885638637229023,Mild,79.15343309326926,23.937785341221975,7.871978158306897,3.041
1775,2024-01-01 07:24:00,42.35502041428279,Local,-1.672573081159898,2,Comfort,1,No Traffic,-0.5608411453456856,Mild,34.4840288377718,13.169813749357234,6.920200095367528,1.903
1282,2024-01-01 07:25:00,74.55509388595321,City,1.062442275950688,2,Comfort,3,High,11.30112536965824,Mild,96.72056694115476,36.83167975817234,9.76624237081172,3.771
1026,2024-01-01 07:26:00,40.085995880252305,Local,1.6334416553596594,3,Sport,2,Moderate,-3.0050383990964025,Mild,71.09914050313904,42.282864330130295,8.989561446654658,4.704
1225,2024-01-01 07:27:00,87.92388607083365,Highway,-0.1607208786936076,1,Eco,3,High,12.509229898513444,Mild,87.76375350964439,8.094685346256657,7.293144339362798,1.11
1276,2024-01-01 07:28:00,48.54328626886437,Local,0.7063615443707656,1,Eco,3,High,19.996949872391394,Mild,63.20525722273374,9.7174329104464,5.877530433655979,1.653
1797,2024-01-01 07:29:00,8.202384037195035,Local,-0.2620444570656088,1,Eco,2,Moderate,38.87521720079176,Warm,53.14214780719061,17.03609824628742,5.121306880675112,3.327
1608,2024-01-01 07:30:00,94.05118109809288,Highway,2.3645482155470727,1,Eco,3,High,31.827459083887742,Warm,98.17463252759968,14.080313085774089,8.777774723516034,1.604
1283,2024-01-01 07:31:00,34.29099895112472,Local,-0.012784916914085,1,Eco,3,High,31.992943484890716,Warm,66.56970966558688,26.623675937508963,6.312167192633401,4.218
1878,2024-01-01 07:32:00,51.932025551911515,City,2.050852254172913,1,Eco,1,No Traffic,5.266494605748871,Mild,89.34988662393431,37.65370264750639,8.98436570320809,4.191
1959,2024-01-01 07:33:00,82.25326598662818,Highway,1.8081123496214913,3,Sport,2,Moderate,-1.0744384024019702,Mild,96.2633917093032,39.6843573533431,9.639595730038108,4.117
1480,2024-01-01 07:34:00,39.89473885784544,Local,-0.5369710719098606,3,Sport,3,High,22.13836168469096,Mild,74.02837016069273,10.50163941868598,8.022960847305955,1.309
1452,2024-01-01 07:35:00,6.790278737605875,Local,-1.6194930488551498,3,Sport,2,Moderate,18.451218777509535,Mild,63.91509428149399,8.861534521686526,5.647256457027879,1.569
1828,2024-01-01 07:36:00,44.87052564153763,Local,-0.563507204641374,2,Comfort,2,Moderate,18.24267444599341,Mild,20.28086807285205,18.24834434495844,7.31375740839615,2.495
1815,2024-01-01 07:37:00,113.33382992331642,Highway,1.957304254651321,1,Eco,3,High,-0.0946406209680574,Mild,23.201571259120477,7.471425743986541,10.823355586823231,0.69
1658,2024-01-01 07:38:00,77.00812767582698,City,-1.634204785083646,1,Eco,2,Moderate,17.224820241849663,Mild,36.068097284089305,4.6806735785528994,9.095887382114638,0.515
1515,2024-01-01 07:39:00,80.57749784006484,Highway,0.1466180751464962,3,Sport,1,No Traffic,1.7660083269805762,Mild,34.88067454847962,12.204819598926674,8.531438784842342,1.431
1546,2024-01-01 07:40:00,75.87385843651678,City,1.8365804877644845,2,Comfort,1,No Traffic,13.99515671703272,Mild,40.38070361598763,19.757794466975287,10.219680683401478,1.933
1191,2024-01-01 07:41:00,23.879056675132414,Local,-0.879135149229727,2,Comfort,3,High,-2.202681530983279,Mild,44.394771015812864,29.433299122530844,8.18055199594843,3.598
1048,2024-01-01 07:42:00,50.200063692273616,City,0.8532578220161842,3,Sport,2,Moderate,33.560166973385606,Warm,48.80523948405826,36.19161209563984,8.488372279601508,4.264
1511,2024-01-01 07:43:00,90.1127758035982,Highway,-1.5262105557071128,1,Eco,3,High,-4.406896116233698,Mild,53.643015205510125,11.21829417045623,9.199295279960976,1.219
1016,2024-01-01 07:44:00,12.164747706379098,Local,-2.3443233277910407,2,Comfort,2,Moderate,37.26954127503984,Warm,27.909307076481173,40.951323771403594,7.84330323676137,5.221
1171,2024-01-01 07:45:00,33.34233313076547,Local,1.766305350557138,1,Eco,3,High,33.83013202280225,Warm,23.388954556222565,1.7801710016810035,5.5505775024205235,0.321
1219,2024-01-01 07:46:00,33.15829301590243,Local,-2.406188259547759,2,Comfort,3,High,28.867363265618636,Warm,73.91555592584187,22.257895237188187,7.619775619836094,2.921
1157,2024-01-01 07:47:00,51.84227131134072,City,-1.3717116295224925,1,Eco,2,Moderate,39.21477620285761,Warm,62.98678598744622,31.69051964122163,8.305823480664982,3.815
1476,2024-01-01 07:48:00,117.6442489130622,Highway,2.1306565319846404,2,Comfort,1,No Traffic,-2.57810012925876,Mild,55.53153617760957,14.6340749771669,10.945053709896143,1.337
1045,2024-01-01 07:49:00,8.100305602058633,Local,-0.9211842775279968,1,Eco,3,High,23.8718697723556,Mild,70.75519529346819,34.216228152389974,4.765772740881766,7.18
1372,2024-01-01 07:50:00,62.244119325671406,City,2.838272097084966,1,Eco,1,No Traffic,33.21859407122722,Warm,86.21435257628323,43.365968417703726,8.961717534743519,4.839
1517,2024-01-01 07:51:00,21.523761841465255,Local,2.878406008643158,1,Eco,2,Moderate,0.6977693438846213,Mild,54.21543272929637,4.559379392550644,5.91539833260538,0.771
1098,2024-01-01 07:52:00,116.48118544916927,Highway,-1.3903438772786598,3,Sport,3,High,21.31487403999373,Mild,71.28955720415834,25.67676506089775,11.415791347529987,2.249
1891,2024-01-01 07:53:00,13.596420567295704,Local,-2.7541306665006573,1,Eco,2,Moderate,12.726485891260232,Mild,96.2857779068127,1.0366481061672972,4.117753584696249,0.252
1744,2024-01-01 07:54:00,48.43212028339095,Local,1.2303797052322745,1,Eco,1,No Traffic,14.6122201006192,Mild,87.16995966892486,14.050756881129232,6.271093473091939,2.241
1036,2024-01-01 07:55:00,88.54619818015274,Highway,-0.2940809841099376,2,Comfort,2,Moderate,36.06358384233518,Warm,54.080064840192755,6.933319879003577,9.368170559911388,0.74
1279,2024-01-01 07:56:00,84.54653136329344,Highway,-2.3954829362425425,2,Comfort,3,High,19.23931526236296,Mild,71.57734702517944,31.251322740882927,9.626762339903795,3.246
1348,2024-01-01 07:57:00,50.72743642727187,City,1.245136913868257,3,Sport,1,No Traffic,-0.8032079819154125,Mild,34.16567375327518,12.509314986483291,7.795997284115907,1.605
1496,2024-01-01 07:58:00,41.58290015432619,Local,-2.812950545328473,2,Comfort,3,High,37.1747278229993,Warm,64.8417747916072,14.191668670656917,7.422291561441926,1.912
1301,2024-01-01 07:59:00,47.71348542634447,Local,2.221180142953453,1,Eco,1,No Traffic,3.334502675330297,Mild,98.50626329107544,10.360951571654304,5.783179673135806,1.792
1180,2024-01-01 08:00:00,31.713151579036712,Local,-2.168084825320178,3,Sport,2,Moderate,35.16865674124288,Warm,61.465209216201785,12.265744997183676,7.103002104597173,1.727
1606,2024-01-01 08:01:00,24.639952644815978,Local,-2.2361287275196498,3,Sport,2,Moderate,38.6914324488412,Warm,94.21106393521178,11.332999747494975,5.606996999484127,2.021
1098,2024-01-01 08:02:00,57.964763707066794,City,-1.9459662121884929,3,Sport,3,High,34.5026858422313,Warm,52.58679364026086,34.92377891350145,9.324592206421142,3.745
1699,2024-01-01 08:03:00,32.22405072811288,Local,2.7615981509523992,1,Eco,3,High,25.47102000140142,Mild,99.9075861747705,47.79493895130959,7.110385940017107,6.722
1992,2024-01-01 08:04:00,34.49539978767001,Local,1.159016161523076,1,Eco,3,High,28.459831892039062,Warm,66.33760281820463,24.562548102850375,5.755048147698596,4.268
1115,2024-01-01 08:05:00,78.81072761694685,City,1.8082292127818205,2,Comfort,1,No Traffic,26.494025969413983,Mild,23.381519538874763,30.059351006059124,10.836462052143652,2.774
1190,2024-01-01 08:06:00,116.22447980398708,Highway,-0.6141900856034819,2,Comfort,1,No Traffic,15.72359745347782,Mild,66.94038373531104,40.92349655505082,11.63669839441148,3.517
1252,2024-01-01 08:07:00,72.43646406712502,City,-0.9821236349702668,2,Comfort,3,High,7.34888734353342,Mild,41.96581565436773,23.85769677756336,9.145871663819603,2.609
1980,2024-01-01 08:08:00,9.237536047795952,Local,-1.5930959593009804,3,Sport,1,No Traffic,7.825122847796337,Mild,22.598505762871575,15.171015949817887,6.939404579139354,2.186
1927,2024-01-01 08:09:00,9.070033662488036,Local,-0.1161118301255461,1,Eco,1,No Traffic,27.90255375787619,Mild,85.66826437557307,47.55364359249852,6.279955647612473,7.572
1982,2024-01-01 08:10:00,114.17078650146792,Highway,0.310972401205011,2,Comfort,2,Moderate,23.17164017442476,Mild,42.05837095846047,45.31721196465232,13.496776754712885,3.358
1160,2024-01-01 08:11:00,35.674894836880036,Local,0.7906490619165325,1,Eco,2,Moderate,21.319781528611607,Mild,83.72388432371989,11.095952165086002,6.143070211057646,1.806
1255,2024-01-01 08:12:00,11.048038329897052,Local,-1.457288976007833,3,Sport,2,Moderate,24.36739770659789,Mild,43.05740663646936,35.18351471742044,7.4772920136632175,4.705
1322,2024-01-01 08:13:00,71.88535045804579,City,2.6919244854179443,1,Eco,3,High,29.865380594389997,Warm,35.54610830990194,32.392262872701096,10.620240486135378,3.05
1127,2024-01-01 08:14:00,74.83785339483194,City,-1.981449010757185,1,Eco,2,Moderate,28.67534115904901,Warm,97.9148459283542,32.51667919760323,9.473429181867935,3.432
1017,2024-01-01 08:15:00,77.82057841424258,City,2.7939190485984735,3,Sport,2,Moderate,-0.2571617393419174,Mild,48.93162622040157,41.54709064527466,10.766514879382196,3.859
1792,2024-01-01 08:16:00,32.08824334290496,Local,-2.910863264954977,2,Comfort,1,No Traffic,11.33657723680215,Mild,68.11009691545283,33.73787049640376,7.087248116738467,4.76
1734,2024-01-01 08:17:00,1.813282105737004,Local,-0.1132458490989263,1,Eco,2,Moderate,6.878521155283856,Mild,68.79851942515772,25.94839176704876,5.11216511638386,5.076
1565,2024-01-01 08:18:00,115.80184433453664,Highway,-0.9997929713006232,1,Eco,1,No Traffic,19.220739800086537,Mild,64.83787857388015,42.318690042407994,11.524161060938004,3.672
1569,2024-01-01 08:19:00,30.1071654829323,Local,-0.305259516418495,3,Sport,2,Moderate,-2.2362762932789537,Mild,93.17565948169717,13.31556580189672,4.91429994484026,2.71
1322,2024-01-01 08:20:00,81.1231545663057,Highway,0.4239874738847344,1,Eco,3,High,29.310882137162817,Warm,73.95528570934948,33.99335354184952,8.963564155859594,3.792
1871,2024-01-01 08:21:00,84.79558438544515,Highway,-0.3864650519237456,1,Eco,3,High,-0.2062699806774279,Mild,52.29864032839441,35.10586190670301,10.605787215774356,3.31
1685,2024-01-01 08:22:00,73.20089004953829,City,-0.5109188981904302,1,Eco,2,Moderate,7.213091165977806,Mild,88.99043076194192,43.52897851111248,9.955221187652675,4.372
1791,2024-01-01 08:23:00,37.548887305637784,Local,1.3963404924798395,3,Sport,2,Moderate,30.22336773494714,Warm,34.485031929277156,49.91555107962635,8.890679287229677,5.614
1625,2024-01-01 08:24:00,32.53155045168789,Local,1.115257650518788,1,Eco,2,Moderate,-2.67980076865812,Mild,63.5389406088334,27.92180953053101,7.262812942824016,3.844
1287,2024-01-01 08:25:00,71.72019392432438,City,1.9996276922150873,3,Sport,3,High,24.70904808501962,Mild,96.0440297555005,24.272255050587432,8.397129245578498,2.891
1942,2024-01-01 08:26:00,103.931476033403,Highway,-1.5002461125630266,2,Comfort,1,No Traffic,36.601522230747385,Warm,70.03181039043301,30.074093221021435,11.319191009308952,2.657
1853,2024-01-01 08:27:00,113.60804747080746,Highway,0.6571710585243817,1,Eco,1,No Traffic,22.793701773450454,Mild,85.3574760379901,32.96801297072747,11.990562471311597,2.749
1662,2024-01-01 08:28:00,12.708696528450917,Local,0.5111687123571231,3,Sport,2,Moderate,27.06958693306349,Mild,72.28485804361543,35.67791281355251,6.809806980629067,5.239
1961,2024-01-01 08:29:00,18.579433511726386,Local,-0.7815731347638675,3,Sport,3,High,30.652009263514618,Warm,87.14966908303123,14.13290603244729,5.426686236653094,2.604
1638,2024-01-01 08:30:00,113.36835105396956,Highway,-0.0836547485839145,1,Eco,1,No Traffic,5.001084498376816,Mild,95.55903038761949,24.40291621829605,9.252716775868876,2.637
1154,2024-01-01 08:31:00,88.3842274001751,Highway,-1.1173071401656276,3,Sport,2,Moderate,21.143376310565344,Mild,41.833738202618946,18.608936921605583,11.090019715065582,1.678
1489,2024-01-01 08:32:00,105.95925897957277,Highway,-2.148933614298089,2,Comfort,3,High,8.907552221358511,Mild,33.57288650053751,2.0347868096931325,10.41417625964358,0.195
1385,2024-01-01 08:33:00,24.315916096241175,Local,-1.717192736023603,2,Comfort,3,High,6.227292065138737,Mild,58.719260026603195,30.515219477915235,8.076016790523179,3.778
1985,2024-01-01 08:34:00,70.51030453312822,City,-2.3669181215927937,2,Comfort,1,No Traffic,3.6605386788499494,Mild,76.14899414593727,43.753244676391205,10.927198180407473,4.004
1784,2024-01-01 08:35:00,84.13675133009684,Highway,1.0984174511407447,2,Comfort,3,High,21.344377688621982,Mild,38.17530025457729,46.081487832244235,11.71295653056715,3.934
1103,2024-01-01 08:36:00,81.61342625363672,Highway,0.9643643586549092,3,Sport,2,Moderate,30.75393669492123,Warm,20.32811603441337,25.919440275594525,9.529335735870042,2.72
1928,2024-01-01 08:37:00,48.97820290400377,Local,2.703638229479237,3,Sport,2,Moderate,34.41500788848005,Warm,47.434809266936426,38.31764038497395,8.62264233646951,4.444
1392,2024-01-01 08:38:00,1.8473870029570172,Local,1.378070481883448,2,Comfort,1,No Traffic,14.286367576383672,Mild,97.50874683742308,35.64939574656486,5.0916008941324025,7.002
1810,2024-01-01 08:39:00,69.95112681651158,City,-2.687724967463211,2,Comfort,3,High,11.78045500890725,Mild,75.59739684846774,11.522009030993791,8.352403665452567,1.379
1245,2024-01-01 08:40:00,30.372184701553053,Local,2.305471043573725,2,Comfort,1,No Traffic,25.928810594526595,Mild,52.10603551529792,3.239236126162968,5.140998098949844,0.63
1175,2024-01-01 08:41:00,54.03050953714684,City,2.176050977674355,2,Comfort,1,No Traffic,30.116165883355777,Warm,35.406087787747225,37.41803460663041,8.798103315979992,4.253
1038,2024-01-01 08:42:00,114.90972181005807,Highway,-0.3400780753638077,2,Comfort,3,High,6.399370150257846,Mild,48.48717390037976,14.20645009287178,10.439926127866611,1.361
1476,2024-01-01 08:43:00,47.88423811709217,Local,0.515178303167529,3,Sport,1,No Traffic,8.37808978949665,Mild,33.587154664099835,27.514184272669088,9.55346036045885,2.88
1681,2024-01-01 08:44:00,100.7761927997312,Highway,2.8564699948351127,2,Comfort,3,High,19.002699361792764,Mild,28.50446570503611,26.25081238032089,12.190453978447232,2.153
1758,2024-01-01 08:45:00,22.624872689910134,Local,0.1938261830889978,2,Comfort,2,Moderate,14.997355952797466,Mild,92.5393898058043,40.91190788826013,7.426250401946502,5.509
1537,2024-01-01 08:46:00,80.69525976300346,Highway,2.4319309702565386,1,Eco,1,No Traffic,26.7604479876875,Mild,99.81202707003789,32.26781847829971,7.571974999332936,4.261
1866,2024-01-01 08:47:00,117.24083453267322,Highway,-2.501767453138881,3,Sport,3,High,17.701824594448567,Mild,33.12915516766323,42.37265093523102,13.809138595641391,3.068
1817,2024-01-01 08:48:00,12.227172104752416,Local,-1.853688787747903,2,Comfort,3,High,0.0219597575162211,Mild,24.361804710262376,37.63657548072933,9.087653507061049,4.142
1920,2024-01-01 08:49:00,0.9983930672630414,Local,-0.355470339352093,3,Sport,3,High,2.467893765464705,Mild,46.37848857169699,49.99158280479339,6.985156933299303,7.157
1407,2024-01-01 08:50:00,52.02993511591372,City,0.5085408500238282,1,Eco,1,No Traffic,35.58589797192878,Warm,56.932734460913224,43.2073609453148,8.198498440554554,5.27
1524,2024-01-01 08:51:00,11.115057966164064,Local,1.8973671111768011,1,Eco,2,Moderate,5.2329264173468015,Mild,36.38569976606835,10.632722370739218,5.767601705641429,1.844
1827,2024-01-01 08:52:00,89.80612196114777,Highway,2.9295726908591213,2,Comfort,1,No Traffic,-2.7461258861944904,Mild,44.113992943884675,48.0733070652514,12.719221075696382,3.78
1505,2024-01-01 08:53:00,109.74583966182708,Highway,-0.6668910211553012,2,Comfort,2,Moderate,27.915455122925135,Mild,36.06965885533262,17.07270200068238,10.33806610887826,1.651
1902,2024-01-01 08:54:00,52.08251672505106,City,-2.7155061831594907,2,Comfort,1,No Traffic,25.780501473008837,Mild,81.9408454745961,30.431217180976628,7.75553405131876,3.924
1824,2024-01-01 08:55:00,31.045397058652917,Local,1.8070290197719496,2,Comfort,1,No Traffic,22.003420839466894,Mild,77.00623545978087,47.07340108867135,7.926704579376689,5.939
1035,2024-01-01 08:56:00,52.12839828079317,City,0.6262843144968486,1,Eco,1,No Traffic,17.601526950914227,Mild,70.79612126087854,10.78684770244451,7.021516367233075,1.536
1684,2024-01-01 08:57:00,86.81373814200012,Highway,-1.80874284679079,3,Sport,2,Moderate,38.63111593210688,Warm,50.97742856633638,42.87921820794903,11.09763883708544,3.864
1019,2024-01-01 08:58:00,1.0864993896445174,Local,-0.0310292602714792,2,Comfort,3,High,0.3924533163304007,Mild,92.72327530513888,47.66231499493469,6.405884557168435,7.44
1320,2024-01-01 08:59:00,70.73447873816366,City,1.4538614732023465,3,Sport,1,No Traffic,17.957325216016752,Mild,97.5626033228016,42.70213237422465,12.00720973680275,3.556
1775,2024-01-01 09:00:00,73.59500218648549,City,1.6224707224118626,2,Comfort,1,No Traffic,20.382022456151965,Mild,33.89114501003296,40.976649313727215,11.533230708266256,3.553
1511,2024-01-01 09:01:00,76.52258962751226,City,-0.0022895280074282,2,Comfort,2,Moderate,-3.98781867286223,Mild,37.84101131295024,13.304256876490513,9.629389450947963,1.382
1399,2024-01-01 09:02:00,29.042649597705264,Local,-1.1687128192268452,1,Eco,1,No Traffic,13.539659116195232,Mild,62.050482240029574,20.414273028939597,6.616256833514339,3.085
1653,2024-01-01 09:03:00,85.68632680537522,Highway,2.842455492230961,2,Comfort,3,High,30.22609564248885,Warm,27.300045542579625,38.04066828293153,12.145276812148776,3.132
1971,2024-01-01 09:04:00,10.966978359813169,Local,0.9801756657389572,2,Comfort,3,High,16.19944398593196,Mild,54.91587190584902,5.996454456595776,5.686820557450604,1.054
1882,2024-01-01 09:05:00,23.912440376016097,Local,-0.5505748839222075,2,Comfort,2,Moderate,34.38753024059126,Warm,66.54330118221681,44.429789312418734,7.967878027596495,5.576
1470,2024-01-01 09:06:00,105.29640559853785,Highway,-1.3172206547720855,1,Eco,2,Moderate,24.015951935025665,Mild,61.76588569098665,10.591822662471982,9.707274744488265,1.091
1142,2024-01-01 09:07:00,88.64677808718797,Highway,1.386617898021373,3,Sport,3,High,29.473841382244338,Warm,46.47268664624208,28.283853359631713,10.410339898607452,2.717
1091,2024-01-01 09:08:00,1.64946648136143,Local,-1.5468993264373938,1,Eco,3,High,31.201606083656195,Warm,63.39566448617654,5.342469362125704,5.0016154997547835,1.068
1353,2024-01-01 09:09:00,29.805151244376024,Local,-1.969740066157871,2,Comfort,3,High,26.027510774805997,Mild,96.70407634070784,9.340978337833048,5.897002875925343,1.584
1833,2024-01-01 09:10:00,25.728777959179748,Local,0.1790033337724219,2,Comfort,2,Moderate,28.7221297011858,Warm,36.48139234331008,29.316453073620384,7.905019384354021,3.709
1799,2024-01-01 09:11:00,32.49675936443671,Local,-1.2600756441351488,2,Comfort,3,High,26.288974291956144,Mild,72.38650867152029,31.768643857866135,7.011141491977687,4.531
1726,2024-01-01 09:12:00,29.70717243358637,Local,0.7734308695416905,3,Sport,3,High,19.770868680413045,Mild,23.471735532484143,13.560600794651895,7.519517185895996,1.803
1958,2024-01-01 09:13:00,7.503155489141489,Local,-2.292367950754599,3,Sport,3,High,20.493983451794485,Mild,25.313312358514793,6.042956015111411,4.445615240181084,1.359
1853,2024-01-01 09:14:00,55.07286199161844,City,0.9296466274039296,2,Comfort,1,No Traffic,3.5448152186560584,Mild,64.1462579378868,27.52284084067935,8.422895337005594,3.268
1050,2024-01-01 09:15:00,87.92801697433981,Highway,-1.300220832013787,2,Comfort,2,Moderate,32.23476550205756,Warm,28.395134426235956,42.04782818896947,10.6996572657953,3.93
1664,2024-01-01 09:16:00,72.80780696609237,City,-2.9985423933929236,3,Sport,2,Moderate,9.046179119735443,Mild,21.787743074148587,10.152135019187268,8.948158045104664,1.135
1697,2024-01-01 09:17:00,80.74460023176957,Highway,-2.2383836539549415,1,Eco,2,Moderate,19.1081597109399,Mild,33.72103981184178,34.609108951592525,10.394611627581854,3.33
1574,2024-01-01 09:18:00,9.7379014243487,Local,2.6016922670105647,1,Eco,2,Moderate,6.229550107413219,Mild,65.18793367996595,19.35546538635155,4.871102720019956,3.974
1189,2024-01-01 09:19:00,114.17888522121449,Highway,2.204127834692147,3,Sport,1,No Traffic,26.31392405978023,Mild,76.26727636151459,47.16009435515931,12.129380236918433,3.888
1124,2024-01-01 09:20:00,100.61902006116298,Highway,-1.598345807782579,3,Sport,1,No Traffic,38.8826028482771,Warm,36.1982851313104,4.22040010332622,10.945756194405456,0.386
1149,2024-01-01 09:21:00,96.61083821947952,Highway,1.670231427272947,2,Comfort,1,No Traffic,31.08731055913333,Warm,73.46075497665396,2.0944208839836342,8.316119616756831,0.252
1313,2024-01-01 09:22:00,98.7580566050121,Highway,0.6514295590438453,3,Sport,1,No Traffic,22.85929668494051,Mild,34.598106487938345,6.302982269373734,9.042602468209337,0.697
1569,2024-01-01 09:23:00,111.92526097593137,Highway,2.8254282686992163,3,Sport,1,No Traffic,20.537794018394543,Mild,69.07659413050057,39.14399752331776,11.314805469330134,3.46
1341,2024-01-01 09:24:00,65.31047593364373,City,-0.7583660427956453,2,Comfort,2,Moderate,17.039706580881806,Mild,52.956774391663906,46.14620966808415,9.25847371054409,4.984
1304,2024-01-01 09:25:00,24.033842144115106,Local,1.088763675103028,3,Sport,2,Moderate,4.22371442936201,Mild,72.30396074668934,41.14158459695209,6.9194337120308065,5.946
1691,2024-01-01 09:26:00,74.01403294230494,City,-2.6187856654564885,2,Comfort,2,Moderate,10.660452332991047,Mild,99.6042201983398,35.91981734550102,9.639051762322412,3.726
1681,2024-01-01 09:27:00,89.14577924015268,Highway,-0.6225159191015646,1,Eco,1,No Traffic,13.287733337708527,Mild,95.02535721860497,2.9734744379076377,6.836261900383338,0.435
1837,2024-01-01 09:28:00,88.55008720248304,Highway,2.782905967129083,1,Eco,3,High,37.50560836784547,Warm,20.34254062688829,10.76919836968288,9.588237662625264,1.123
1782,2024-01-01 09:29:00,62.57388290002561,City,0.2338852467007233,1,Eco,2,Moderate,14.151228431620556,Mild,90.83510114898446,46.77541522351095,8.584016821574659,5.449
1053,2024-01-01 09:30:00,8.215046320029366,Local,-1.2727229799909323,2,Comfort,2,Moderate,21.37856596581667,Mild,25.31926361398132,31.177373712155255,8.546698257200214,3.648
1443,2024-01-01 09:31:00,44.53355261161534,Local,-2.278374221228358,1,Eco,3,High,36.509104327529144,Warm,96.2437268927876,23.469377952212557,6.237917747570681,3.762
1612,2024-01-01 09:32:00,110.49199301560289,Highway,1.2211700410891826,1,Eco,1,No Traffic,18.32918835151044,Mild,42.54605432797477,32.650374136561084,12.816443679280772,2.548
1992,2024-01-01 09:33:00,70.13386917089112,City,0.8691362605783608,2,Comfort,3,High,6.315240093881547,Mild,50.562786432901675,9.01182862575398,8.424412851272171,1.07
1263,2024-01-01 09:34:00,64.59983319068562,City,-0.7563677183773523,2,Comfort,3,High,12.14527479691349,Mild,27.331056414058228,44.65416121155444,11.952964156710475,3.736
1052,2024-01-01 09:35:00,32.26242172586322,Local,2.7056481111950053,1,Eco,2,Moderate,11.899264020375233,Mild,28.981820666312768,32.84955104803094,7.646993211880978,4.296
1571,2024-01-01 09:36:00,44.21387038998947,Local,-2.8667831220728983,1,Eco,2,Moderate,27.162290411596956,Mild,78.13924521834556,23.61509928898423,6.846211713111762,3.449
1619,2024-01-01 09:37:00,107.44153069838032,Highway,-1.1776568902090452,1,Eco,1,No Traffic,8.325432870701164,Mild,95.54657885986332,22.923041952566138,8.990542359952332,2.55
1004,2024-01-01 09:38:00,79.97556570322028,City,2.526416917797489,3,Sport,3,High,27.86298599921774,Mild,68.85987959634477,41.13663908319395,11.087852481594378,3.71
1102,2024-01-01 09:39:00,94.48644321027994,Highway,-1.0743873700833575,2,Comfort,1,No Traffic,35.01592203490265,Warm,77.26800124214489,15.46264013291504,10.501831629597229,1.472
1195,2024-01-01 09:40:00,54.52145076811861,City,-1.4864829968689777,2,Comfort,3,High,10.123285527117034,Mild,80.95757956777229,6.942876881920686,7.463020493730563,0.93
1773,2024-01-01 09:41:00,75.62966633473894,City,0.2053224595874838,2,Comfort,2,Moderate,1.0903495110596078,Mild,41.02514196423534,9.36491026367196,9.7342538394348,0.962
1876,2024-01-01 09:42:00,29.806033049184904,Local,1.942810499523228,2,Comfort,3,High,23.734945793588924,Mild,23.61837047361719,4.148686046738528,7.148268094653773,0.58
1991,2024-01-01 09:43:00,84.65529963401835,Highway,-2.3811194347298335,1,Eco,1,No Traffic,11.23845103857974,Mild,20.149819513533487,25.442360056924517,10.66764443106622,2.385
1883,2024-01-01 09:44:00,51.31216004440048,City,2.658124257874417,2,Comfort,3,High,19.029377521506007,Mild,48.05194263632149,33.895183830481294,8.573929629896332,3.953
1349,2024-01-01 09:45:00,53.10546177776947,City,1.770437287086985,3,Sport,1,No Traffic,23.53745343278248,Mild,39.31713825593729,46.70586154157696,9.31348371547585,5.015
1046,2024-01-01 09:46:00,77.9186789492258,City,-1.9124984666906883,3,Sport,3,High,13.348432482741018,Mild,24.985418003934853,37.565667203108674,11.53870819097744,3.256
1866,2024-01-01 09:47:00,112.3536745762712,Highway,1.272047767188976,1,Eco,2,Moderate,36.61125033055336,Warm,34.362263399493344,29.1972246607312,13.194555117707866,2.213
1822,2024-01-01 09:48:00,7.680761593034511,Local,-0.6902476641746569,1,Eco,2,Moderate,12.982659437671243,Mild,29.959911861435824,43.21130137985491,7.985534102345353,5.411
1935,2024-01-01 09:49:00,98.96918848164093,Highway,-0.5862319315420876,2,Comfort,1,No Traffic,8.8318447258013,Mild,93.19027044938964,44.62143170403147,10.468352711442904,4.263
1819,2024-01-01 09:50:00,35.08597324946317,Local,1.6997405546331985,1,Eco,2,Moderate,34.85538494944994,Warm,31.22137707673351,35.648043510805074,8.312417778372076,4.289
1655,2024-01-01 09:51:00,53.27033454076534,City,2.776708847884393,1,Eco,3,High,1.1335775541614366,Mild,63.011877119014336,2.9086012515913895,6.5733848898633385,0.442
1268,2024-01-01 09:52:00,2.6295994530010747,Local,-2.2400647629168366,1,Eco,3,High,0.589401795351554,Mild,67.44847640897316,14.658939462353826,4.486334153631775,3.267
1369,2024-01-01 09:53:00,36.125529340117566,Local,-0.4762185787270834,3,Sport,2,Moderate,37.10641934225316,Warm,63.4791566166907,16.87567932259924,6.416388152260095,2.63
1635,2024-01-01 09:54:00,60.31574911561566,City,-0.1143503514941786,2,Comfort,1,No Traffic,4.403578634925205,Mild,27.92451473727904,49.869332545170735,10.815014515482687,4.611
1105,2024-01-01 09:55:00,6.7411292816926816,Local,-0.7421290982700146,1,Eco,3,High,1.679683163108824,Mild,45.5038689400441,23.26171255577728,3.835054362905595,6.066
1669,2024-01-01 09:56:00,58.93148752597982,City,-0.8208652577026498,2,Comfort,1,No Traffic,19.082573680879683,Mild,24.10162659705226,38.11807377431091,10.072219763612912,3.784
1658,2024-01-01 09:57:00,111.25327546301128,Highway,-2.686387994630421,2,Comfort,3,High,-2.8945190205366114,Mild,51.65359312770528,40.7084839688043,12.312794740738957,3.306
1656,2024-01-01 09:58:00,12.647186172936626,Local,1.1132317233757396,2,Comfort,1,No Traffic,22.900675032740203,Mild,35.08791450172736,32.697679936973685,7.87944020058193,4.15
1119,2024-01-01 09:59:00,91.73288736906052,Highway,-0.3827134972797275,3,Sport,1,No Traffic,15.381885925257912,Mild,64.93060266275037,1.0119955606513806,6.977013524580545,0.145
1830,2024-01-01 10:00:00,49.160526405119114,Local,-1.8312371841364392,2,Comfort,3,High,23.818538398663005,Mild,75.42467150792804,1.065539245825923,5.9789924980353355,0.178
1786,2024-01-01 10:01:00,78.62084574292057,City,1.8962010138124104,2,Comfort,3,High,7.777160658973772,Mild,62.56958881637651,40.95701803809493,11.999308884092628,3.413
1603,2024-01-01 10:02:00,31.228391758227524,Local,1.8153644889097675,1,Eco,1,No Traffic,35.74624964570238,Warm,54.738935728911656,36.98807467422527,7.778167435746696,4.755
1057,2024-01-01 10:03:00,19.139071504962995,Local,-0.0816502314666371,1,Eco,3,High,7.176132072640556,Mild,50.98667366853539,26.852214780155094,6.220863499812662,4.316
1950,2024-01-01 10:04:00,19.25551371254717,Local,-1.2092960331134368,3,Sport,2,Moderate,23.690410849428726,Mild,87.3353414477603,12.51839925209522,4.602203167781804,2.72
1345,2024-01-01 10:05:00,8.459033477177357,Local,0.8285563547787143,2,Comfort,3,High,37.52913327824311,Warm,37.5494452052216,4.427013608054845,4.217923270091064,1.05
1740,2024-01-01 10:06:00,22.277604588149163,Local,-1.2710871853355816,3,Sport,1,No Traffic,13.036417975357718,Mild,78.73746716230951,8.296991495739539,4.220078762919292,1.966
1473,2024-01-01 10:07:00,79.7063261986762,City,-1.5839524180577278,2,Comfort,3,High,2.2641937731780244,Mild,80.59858597920952,29.058156342811262,9.680898737513736,3.002
1116,2024-01-01 10:08:00,105.80287342122097,Highway,1.3830879241579597,3,Sport,3,High,-1.9227885839674803,Mild,53.536000581658755,27.336749131949293,10.245943216178803,2.668
1829,2024-01-01 10:09:00,97.69508227093942,Highway,-2.758048561674296,2,Comfort,1,No Traffic,38.33580985634228,Warm,43.784047938051145,47.06921971359509,12.836834854315567,3.667
1790,2024-01-01 10:10:00,82.21611718493808,Highway,-2.431389173792436,1,Eco,3,High,29.36656686972725,Warm,57.64331888367802,47.868108231959745,12.390889633835965,3.863
1126,2024-01-01 10:11:00,13.25182360933232,Local,-2.9592709558584613,3,Sport,1,No Traffic,36.35284270318529,Warm,27.45711407141588,28.842741636554273,6.957649001199662,4.145
1392,2024-01-01 10:12:00,34.70249355551398,Local,-2.0823408811474433,1,Eco,1,No Traffic,26.447487392191515,Mild,23.674402578327197,42.08748675025576,9.368844236545666,4.492
1907,2024-01-01 10:13:00,37.17682503869628,Local,-2.586059947737243,2,Comfort,1,No Traffic,10.41018268852106,Mild,28.928255956151343,40.63125085394299,9.093480085742536,4.468
1640,2024-01-01 10:14:00,29.994833567714547,Local,2.974814206679511,3,Sport,1,No Traffic,0.5357463692521076,Mild,34.971602516978095,37.643590690033264,8.310608657304083,4.53
1057,2024-01-01 10:15:00,61.80067916516678,City,-1.2671401802754625,1,Eco,2,Moderate,36.81880866737503,Warm,60.33414562704344,21.923166970084523,9.373850713795743,2.339
1633,2024-01-01 10:16:00,64.2664577855607,City,-2.104391923984516,1,Eco,2,Moderate,17.03285698589235,Mild,87.93093089288976,19.531375034312028,8.964577469139279,2.179
1512,2024-01-01 10:17:00,42.826317020533224,Local,-1.5540224520244923,1,Eco,1,No Traffic,12.842904832493026,Mild,38.851386559974955,13.280285300515828,7.788394981277598,1.705
1750,2024-01-01 10:18:00,42.45469904837232,Local,2.616753429240807,2,Comfort,3,High,21.000642755760545,Mild,94.81296085974223,46.86104092784266,8.172516536569507,5.734
1801,2024-01-01 10:19:00,99.42667174872976,Highway,0.1209613381463743,3,Sport,2,Moderate,-0.2048305356018929,Mild,96.39263271480029,41.73782496077372,10.148504102854496,4.113
1095,2024-01-01 10:20:00,94.71514179836228,Highway,-0.8110914221528587,1,Eco,1,No Traffic,8.914171871851778,Mild,96.71236838761642,8.93807719378943,7.852490954514688,1.138
1637,2024-01-01 10:21:00,36.935499801689474,Local,2.2403487474553163,2,Comfort,2,Moderate,23.704424819417515,Mild,87.0050187741059,12.697908238114591,6.334777841525726,2.004
1117,2024-01-01 10:22:00,109.65461326479112,Highway,-0.6300583767058052,2,Comfort,1,No Traffic,-0.4944674139280138,Mild,49.10600326381765,29.10824729364571,10.284129538024134,2.83
1559,2024-01-01 10:23:00,114.33780204030072,Highway,-0.9899485802538256,2,Comfort,2,Moderate,1.085924153419776,Mild,25.814712880209846,20.738628699865917,10.204726246670324,2.032
1600,2024-01-01 10:24:00,39.2091050436049,Local,-1.7563048647015866,3,Sport,1,No Traffic,17.9764538840975,Mild,65.50549854131958,10.77349252592084,5.640295160192951,1.91
1487,2024-01-01 10:25:00,42.530993855166585,Local,-0.7332190565435308,2,Comfort,2,Moderate,23.0555706070491,Mild,64.69451551497869,39.57871193116962,9.568348775160224,4.136
1236,2024-01-01 10:26:00,60.67609841063506,City,-1.099893863898444,2,Comfort,2,Moderate,3.4150767607205825,Mild,87.99806136876765,0.1775011233507759,5.081348048855411,0.035
1884,2024-01-01 10:27:00,112.93449750404082,Highway,1.063823755788846,3,Sport,3,High,-3.5111914495028684,Mild,99.6792840756884,17.22949902021606,11.285983174822478,1.527
1896,2024-01-01 10:28:00,105.15833197707738,Highway,-1.2625037719756371,3,Sport,2,Moderate,38.12651017450403,Warm,60.65258452481181,46.474560637044235,13.33291181048003,3.486
1271,2024-01-01 10:29:00,12.308155510030776,Local,0.4631984785353689,2,Comfort,3,High,-3.7628303952849422,Mild,47.61632248318274,38.06232310751106,7.248351633536088,5.251
1188,2024-01-01 10:30:00,47.127689192569946,Local,-2.604647009808164,2,Comfort,2,Moderate,-4.907658131571146,Mild,34.87213692450136,20.124120403627533,8.699240903863162,2.313
1998,2024-01-01 10:31:00,66.40454276997262,City,-1.8522650598209136,1,Eco,1,No Traffic,9.550325597268989,Mild,20.383985985389657,46.443548087259295,10.516222624772473,4.416
1703,2024-01-01 10:32:00,60.3758967061848,City,-0.5555683703319074,3,Sport,3,High,5.010392594900569,Mild,60.729095399110335,45.05007996601742,9.389623204939449,4.798
1446,2024-01-01 10:33:00,23.26356815242712,Local,2.621695523452173,3,Sport,2,Moderate,20.811386294419492,Mild,64.44149333620766,2.7239278232760973,5.20518223340796,0.523
1580,2024-01-01 10:34:00,103.05801254017857,Highway,-0.7364880857058278,1,Eco,3,High,35.239399457848606,Warm,85.99507838539179,6.484260754633897,8.44945791386809,0.767
1789,2024-01-01 10:35:00,81.23289395962048,Highway,0.9844447271990048,2,Comfort,1,No Traffic,16.649845259769158,Mild,60.36615743142405,19.422791865448097,10.16786526495616,1.91
1860,2024-01-01 10:36:00,100.54900498221645,Highway,-1.4694766654716112,2,Comfort,1,No Traffic,29.798554396763677,Warm,93.31746789328452,46.47694281270196,12.101013652771575,3.841
1246,2024-01-01 10:37:00,103.05171352193666,Highway,-2.2377985441606096,2,Comfort,1,No Traffic,35.915216731552746,Warm,70.24667812571484,42.22583797134754,10.910399365569704,3.87
1962,2024-01-01 10:38:00,89.80270243988878,Highway,-2.6487803995196995,2,Comfort,1,No Traffic,3.522984412279337,Mild,87.22689905768665,2.4833095386261137,8.193523582540303,0.303
1075,2024-01-01 10:39:00,52.70527214996608,City,-1.167519008743492,1,Eco,1,No Traffic,16.973989875490265,Mild,31.86413878461977,25.66531379343859,8.974646232646506,2.86
1153,2024-01-01 10:40:00,73.26561060185095,City,-2.054033839218552,3,Sport,3,High,23.893149981942827,Mild,88.42689042418517,36.04063944111626,10.61456884332634,3.395
1655,2024-01-01 10:41:00,19.243848734369177,Local,-1.9559373119032548,3,Sport,3,High,9.934745706415503,Mild,74.01150835550787,13.86854203857198,6.764915852556029,2.05
1434,2024-01-01 10:42:00,80.83745009698892,Highway,1.5645558503217003,2,Comfort,2,Moderate,28.288844994479135,Warm,33.61864259506645,36.15397253942798,11.216315208787725,3.223
1996,2024-01-01 10:43:00,21.51039068871369,Local,-2.9049715743307547,1,Eco,2,Moderate,26.73917388498212,Mild,35.18108465168087,18.54930187058899,7.132087928262887,2.601
1085,2024-01-01 10:44:00,83.27395086121882,Highway,0.3468607544126065,2,Comfort,1,No Traffic,13.94924278681388,Mild,94.1200495235377,13.77541938396772,8.288822539640512,1.662
1696,2024-01-01 10:45:00,27.55177929047624,Local,-0.7232317164392112,2,Comfort,1,No Traffic,-1.0420810958992357,Mild,22.577228836029832,19.688984868833938,7.592513110549625,2.593
1284,2024-01-01 10:46:00,14.106156018026397,Local,0.0392999994512832,1,Eco,3,High,-4.479404743283918,Mild,57.00279546365649,47.544969914185096,7.702840643118092,6.172
1973,2024-01-01 10:47:00,19.83413881715489,Local,0.3769814232876172,1,Eco,1,No Traffic,11.620730297238271,Mild,45.078023194728125,45.27418935901248,7.752011344868918,5.84
1219,2024-01-01 10:48:00,0.2390562262884321,Local,-1.1197938332563309,3,Sport,1,No Traffic,-1.306901969708078,Mild,73.20619519987424,45.70616919710517,6.475649930856739,7.058
1068,2024-01-01 10:49:00,86.24875414242364,Highway,-1.2293468388942883,3,Sport,1,No Traffic,30.173099944371742,Warm,87.17035100551936,45.87721751202735,10.426415057451614,4.4
1046,2024-01-01 10:50:00,87.88812588700549,Highway,1.4004110960094345,2,Comfort,2,Moderate,10.044660247104137,Mild,48.830249724525565,8.995877147248978,8.767580710366246,1.026
1093,2024-01-01 10:51:00,61.792001989591135,City,2.227661928726943,2,Comfort,3,High,24.974422410626357,Mild,54.15216698582697,44.81346381287395,9.137615138794068,4.904
1749,2024-01-01 10:52:00,19.363536126646043,Local,-1.8445102052488327,3,Sport,2,Moderate,10.587054428520624,Mild,98.55342276011314,10.692594144606986,5.638710909584734,1.896
1957,2024-01-01 10:53:00,10.02652050128277,Local,-2.414287436789106,1,Eco,1,No Traffic,30.817228757260818,Warm,82.71332077433622,41.922967324800325,5.9686999524147,7.024
1452,2024-01-01 10:54:00,2.295475972474441,Local,2.3867748383521556,2,Comfort,1,No Traffic,34.978562347890154,Warm,91.77633047454331,27.140754410727183,4.592150556149495,5.91
1203,2024-01-01 10:55:00,19.889781235826483,Local,-0.9006272181156083,2,Comfort,2,Moderate,32.6881367168233,Warm,55.10097765213038,12.07411764959204,5.209581861246792,2.318
1911,2024-01-01 10:56:00,106.9026641979776,Highway,0.3079043439768849,1,Eco,2,Moderate,16.801310379093398,Mild,38.72609631872922,19.986168608335273,11.658633112614572,1.714
1217,2024-01-01 10:57:00,28.984421004201813,Local,-0.8427411328799792,2,Comfort,3,High,-1.2221775108580777,Mild,52.94907723091613,21.725571353440472,7.350262141762542,2.956
1473,2024-01-01 10:58:00,42.51255926606588,Local,-2.245185981923692,1,Eco,1,No Traffic,11.726999760704327,Mild,77.28735342652108,36.68524543911643,7.408693997592659,4.952
1431,2024-01-01 10:59:00,12.641458137759985,Local,0.5359898696863681,3,Sport,1,No Traffic,14.10051976172872,Mild,28.754432386878342,30.34047143023498,7.20686853426054,4.21
1340,2024-01-01 11:00:00,26.683356569780436,Local,0.1508451106177779,3,Sport,2,Moderate,38.21143048855936,Warm,41.637528449320705,40.85742972490248,7.31347608040958,5.587
1550,2024-01-01 11:01:00,62.30694849362462,City,-1.7820386448528167,3,Sport,3,High,20.447378734319305,Mild,23.73087203692723,19.900568871132688,10.489499201280376,1.897
1611,2024-01-01 11:02:00,72.9303219714783,City,-0.2887857320863327,3,Sport,3,High,23.838080480339872,Mild,54.587819067050525,37.20516773070879,9.723518245184328,3.826
1288,2024-01-01 11:03:00,29.44227769994533,Local,1.7816850240938749,3,Sport,1,No Traffic,30.190161145093327,Warm,86.19565887836906,39.660944592436906,6.592975275849419,6.016
1253,2024-01-01 11:04:00,6.927859107014065,Local,0.5425566186473478,2,Comfort,1,No Traffic,20.569111024465244,Mild,21.973095063840866,3.2508997382780658,5.982899686202853,0.543
1733,2024-01-01 11:05:00,46.92394429528784,Local,-2.4184960375980307,3,Sport,2,Moderate,21.931807413224288,Mild,74.02588214457327,18.84434448780724,8.478903809369397,2.222
1356,2024-01-01 11:06:00,28.104404511160094,Local,0.2881289833748104,2,Comfort,1,No Traffic,6.039750880057239,Mild,94.59966996109917,44.31087567581011,8.35035992416194,5.306
1022,2024-01-01 11:07:00,26.346470787576234,Local,1.216429795737521,2,Comfort,2,Moderate,-2.351002659742598,Mild,38.95422892089458,35.27829832933029,8.77447868187516,4.021
1761,2024-01-01 11:08:00,115.18353632561464,Highway,1.7562204346845078,1,Eco,1,No Traffic,27.462364559906604,Mild,75.49078725821185,20.98047273626689,11.04999703474567,1.899
1521,2024-01-01 11:09:00,73.95605831108689,City,0.7747054718056008,2,Comfort,1,No Traffic,33.19081138094917,Warm,98.00815208801605,9.230415200841248,7.234714096138617,1.276
1757,2024-01-01 11:10:00,66.82541318065151,City,-2.084051012755298,2,Comfort,1,No Traffic,13.540008249629672,Mild,96.98224481219704,4.920880763242026,7.172769137192766,0.686
1836,2024-01-01 11:11:00,49.893012422798634,Local,1.2610395995409638,3,Sport,3,High,19.70115039616944,Mild,38.79433544233146,11.544605368258628,7.476258965623983,1.544
1099,2024-01-01 11:12:00,51.47332001161731,City,1.0640510764890987,3,Sport,1,No Traffic,8.827835230106663,Mild,28.026484256965496,12.310152865249364,8.495703125131906,1.449
1801,2024-01-01 11:13:00,64.9086004605697,City,-2.8534387023562005,1,Eco,1,No Traffic,15.259926705958062,Mild,31.86260303167327,18.59603109797632,9.605541825333102,1.936
1179,2024-01-01 11:14:00,83.57157684433287,Highway,-0.529513994458541,1,Eco,3,High,4.400037681990479,Mild,76.16285347857138,8.928389963908243,7.12533267911222,1.253
1222,2024-01-01 11:15:00,84.25753154181953,Highway,-1.0022985182257602,2,Comfort,3,High,29.194906364723245,Warm,78.06071003626204,7.3877719491265905,8.211690773395855,0.9
1905,2024-01-01 11:16:00,20.603268924653943,Local,1.01647238552186,1,Eco,1,No Traffic,17.136030449879282,Mild,73.93892493025592,42.215937135749016,7.848787716444733,5.379
1761,2024-01-01 11:17:00,60.013530249195234,City,-1.7031851261344757,3,Sport,3,High,19.62204489449855,Mild,46.886271019379045,12.551958284241897,7.71285206854109,1.627
1658,2024-01-01 11:18:00,49.43497140409224,Local,0.545231537845551,3,Sport,3,High,-3.331036478244957,Mild,33.58215518064977,28.12410792342081,8.819254077774568,3.189
1441,2024-01-01 11:19:00,104.4632359523261,Highway,2.479235770885034,3,Sport,3,High,23.007927653200632,Mild,66.46088735618025,10.045047446928558,11.264101853580373,0.892
1607,2024-01-01 11:20:00,75.77027054620517,City,1.786814233251646,2,Comfort,3,High,4.119511540350526,Mild,58.69443566062933,24.63849995638936,8.68531909717213,2.837
1768,2024-01-01 11:21:00,63.90048796991782,City,2.528746417299182,2,Comfort,2,Moderate,12.252758996419246,Mild,78.30673176978428,13.907929476179762,7.945623739750536,1.75
1324,2024-01-01 11:22:00,13.847357061470085,Local,2.8710358015961397,1,Eco,1,No Traffic,13.572206504312897,Mild,55.30880629484972,4.4313039381661445,4.348593200966573,1.019
1515,2024-01-01 11:23:00,72.67654671880938,City,-2.935979237963023,3,Sport,2,Moderate,15.19296688696408,Mild,47.09117557491747,49.11057389573894,11.245755080532842,4.367
1015,2024-01-01 11:24:00,14.06446868162801,Local,0.7364476582648654,2,Comfort,1,No Traffic,5.234637510164347,Mild,43.47828618872115,22.94452521514931,5.254507772888759,4.367
1791,2024-01-01 11:25:00,40.46478906789025,Local,-0.5229636134465614,2,Comfort,3,High,33.254960112203825,Warm,36.91762560397972,19.7130651745926,7.642569966445254,2.579
1335,2024-01-01 11:26:00,17.141035777719825,Local,2.1591269420107304,1,Eco,2,Moderate,14.253256781708014,Mild,41.25971009493291,10.03619430846586,6.190289776782769,1.621
1758,2024-01-01 11:27:00,83.04883764292427,Highway,-1.4891117879452098,3,Sport,3,High,22.546050605871756,Mild,27.58643510752811,24.818757431539208,10.00759280531494,2.48
1257,2024-01-01 11:28:00,24.750253660338313,Local,2.8861769346904573,3,Sport,3,High,22.627189556219783,Mild,47.74856087431117,31.797427374686553,7.395982994132206,4.299
1496,2024-01-01 11:29:00,47.02312478256312,Local,0.6822478172624837,1,Eco,3,High,22.31431034896144,Mild,22.925584989036658,15.302038898125558,6.866419539235251,2.229
1987,2024-01-01 11:30:00,107.48097331425345,Highway,1.761224413372986,1,Eco,1,No Traffic,20.16931040273187,Mild,34.913107773306145,24.07287818054176,11.057721683802342,2.177
1895,2024-01-01 11:31:00,24.517966007876435,Local,-2.48640268306339,1,Eco,3,High,32.01815867191549,Warm,79.74163556955432,11.930344146184298,5.270229114587738,2.264
1159,2024-01-01 11:32:00,60.936607675053494,City,-1.8992526914468095,1,Eco,1,No Traffic,31.567801618623513,Warm,46.03751909412981,26.43288277800612,8.706133738844878,3.036
1474,2024-01-01 11:33:00,50.31259933992264,City,1.5504220382052196,3,Sport,1,No Traffic,13.771505767218656,Mild,73.45896135818751,39.38200255966937,9.460347621060333,4.163
1851,2024-01-01 11:34:00,2.174884925487568,Local,-2.8680808677640584,3,Sport,3,High,23.613072165877977,Mild,77.3507340477822,3.104650963912867,4.000874326743174,0.776
1663,2024-01-01 11:35:00,95.13097362873754,Highway,1.9012679153626968,1,Eco,1,No Traffic,-0.3726839962990969,Mild,66.49482741856909,25.940164481505036,10.085508384412694,2.572
1907,2024-01-01 11:36:00,8.285508757751966,Local,-2.916305887848531,2,Comfort,2,Moderate,-0.9152294779242452,Mild,96.69581930923188,20.0282178073553,5.1131829808988725,3.917
1689,2024-01-01 11:37:00,56.91060251723443,City,0.9427130343676398,2,Comfort,1,No Traffic,16.596238248456785,Mild,21.71518932984906,3.794662942262685,7.821914358403267,0.485
1674,2024-01-01 11:38:00,67.281395392674,City,-0.8094364786091646,3,Sport,3,High,35.50918106227096,Warm,79.09221204705136,47.03140233902905,10.041011860858545,4.684
1379,2024-01-01 11:39:00,75.41117479375045,City,0.6689691163151945,3,Sport,3,High,24.2499866135663,Mild,96.70293151523263,13.066164923094654,8.042556871555064,1.625
1544,2024-01-01 11:40:00,82.63579551694507,Highway,1.1761884419346824,1,Eco,2,Moderate,25.114739019141737,Mild,88.98173834823514,28.274115595742646,10.62298091549056,2.662
1928,2024-01-01 11:41:00,30.39268602272581,Local,-0.9451486848821746,2,Comfort,2,Moderate,2.0952990435775583,Mild,33.43141534440107,18.69375052882675,7.37384522608149,2.535
1956,2024-01-01 11:42:00,1.1974531990139248,Local,-2.352225311334987,3,Sport,1,No Traffic,15.39869999209775,Mild,46.14562450013857,13.629522080575782,5.188596864586135,2.627
1690,2024-01-01 11:43:00,86.81323948258944,Highway,-2.582124793510406,2,Comfort,1,No Traffic,13.035592524302212,Mild,33.79614719011723,26.406314466048716,10.424576372974975,2.533
1426,2024-01-01 11:44:00,64.27879192170943,City,0.5336161353752873,1,Eco,2,Moderate,30.23402560393869,Warm,68.10466910517633,34.48252696352726,7.831750987793984,4.403
1612,2024-01-01 11:45:00,100.33412438486984,Highway,0.1239321224046694,3,Sport,3,High,1.2020843547520617,Mild,76.97503855835939,39.29820652312264,10.999064786365231,3.573
1267,2024-01-01 11:46:00,98.56660354808332,Highway,1.453206054726795,3,Sport,3,High,19.263595329886197,Mild,45.36590154904466,31.732831304701655,10.97942243132236,2.89
1834,2024-01-01 11:47:00,101.19914013454598,Highway,0.0584130600236227,2,Comfort,2,Moderate,36.01081761469833,Warm,63.16052591874364,26.36216989244075,9.857781550807232,2.674
1576,2024-01-01 11:48:00,58.211359197544816,City,-0.4653252598147253,2,Comfort,2,Moderate,35.16069503435791,Warm,75.2736456056956,38.885356310802266,9.28507333113306,4.188
1416,2024-01-01 11:49:00,40.03540750042388,Local,-0.6114769305826151,3,Sport,3,High,33.355169938647414,Warm,53.70718532888387,25.921049399343215,6.342596696990664,4.087
1167,2024-01-01 11:50:00,94.9869843109644,Highway,-2.841318584413995,2,Comfort,3,High,11.87433908213725,Mild,88.32124243643675,48.71391916122869,11.700859869640524,4.163
1841,2024-01-01 11:51:00,54.15529356351059,City,-0.9866567898200572,2,Comfort,1,No Traffic,37.3495310794776,Warm,81.72399482302538,26.384361142672248,7.845593974987806,3.363
1042,2024-01-01 11:52:00,22.013063568412143,Local,2.856120945146966,1,Eco,2,Moderate,31.238522889671735,Warm,25.17324350804565,15.930632513438292,5.637774965393751,2.826
1555,2024-01-01 11:53:00,102.59688234737692,Highway,2.2413334573625328,2,Comfort,2,Moderate,33.301359365840646,Warm,69.69002392726632,22.373463311011996,10.548256738720925,2.121
1284,2024-01-01 11:54:00,105.90718521268168,Highway,-1.023731597794694,3,Sport,2,Moderate,36.95592074462442,Warm,38.826044076779965,24.55050490662717,10.867846841413035,2.259
1396,2024-01-01 11:55:00,55.957170736820416,City,0.5267724303982328,1,Eco,3,High,37.16505695263364,Warm,64.60146117338202,14.245955776443342,8.318735585452309,1.713
1011,2024-01-01 11:56:00,9.083967277174496,Local,2.083780473212964,3,Sport,1,No Traffic,5.802923346699588,Mild,96.5510754106373,8.021266980934433,3.868086664957967,2.074
1606,2024-01-01 11:57:00,46.53913079003175,Local,-0.352353979499588,1,Eco,3,High,0.7459470299725091,Mild,90.32496036418,21.626032368359727,6.869990480448775,3.148
1301,2024-01-01 11:58:00,96.4245191355124,Highway,-2.8922528174990942,1,Eco,2,Moderate,26.08937246070919,Mild,52.361312249210535,44.86193769992457,12.76440459906252,3.515
1897,2024-01-01 11:59:00,108.21288342554745,Highway,-2.5529372290881596,2,Comfort,2,Moderate,20.344628048671407,Mild,43.32110866754827,12.851005505979916,10.93419105699441,1.175
1252,2024-01-01 12:00:00,24.4167290997115,Local,0.0623563280922399,2,Comfort,2,Moderate,9.734192753436943,Mild,38.75245955266072,18.154751378873375,7.373429401215826,2.462
1498,2024-01-01 12:01:00,8.036833443032583,Local,2.81663625405527,3,Sport,2,Moderate,25.800227804965704,Mild,62.601189580521606,37.91037845872541,6.390875229937654,5.932
1753,2024-01-01 12:02:00,105.28205437594065,Highway,1.159257253313207,2,Comfort,2,Moderate,-2.2101405207835216,Mild,29.139876260644503,4.205437277810354,10.508092818674784,0.4
1034,2024-01-01 12:03:00,46.72859267746504,Local,-2.5745028513685826,1,Eco,3,High,-2.8756257576852464,Mild,63.942000650259885,41.271020494807814,9.707272276536118,4.252
1726,2024-01-01 12:04:00,65.01131571210759,City,-1.8638347452488233,2,Comfort,1,No Traffic,10.943976289079204,Mild,20.106691159263363,36.04191303896638,11.214724969791153,3.214
1848,2024-01-01 12:05:00,116.16789744609108,Highway,1.6279388593011,3,Sport,2,Moderate,3.723098054447238,Mild,45.90797045966759,27.533230623740355,12.230623516765686,2.251
1089,2024-01-01 12:06:00,7.9877673497067425,Local,2.0486385597374683,1,Eco,2,Moderate,27.335022283190987,Mild,37.5947451064465,10.552991836702574,5.220329127325744,2.022
1775,2024-01-01 12:07:00,77.79816089425147,City,0.7061675171315454,3,Sport,2,Moderate,37.66098270586864,Warm,97.69750319686256,4.724660202223256,8.617015788655769,0.548
1604,2024-01-01 12:08:00,8.89265070898405,Local,0.8665390177788996,2,Comfort,3,High,24.77323361580815,Mild,78.17938556559832,11.662783522328825,4.244887493780801,2.747
1921,2024-01-01 12:09:00,45.05627141598004,Local,-2.829975297699692,1,Eco,3,High,24.465296520740377,Mild,47.97227043697902,38.09861244147955,8.920221513173562,4.271
1969,2024-01-01 12:10:00,96.4577454232136,Highway,1.971181557489051,3,Sport,2,Moderate,-4.703199196118757,Mild,27.42760692244964,46.681381489596085,13.728496446818166,3.4
1601,2024-01-01 12:11:00,52.01666793067613,City,1.729651249024978,2,Comfort,2,Moderate,18.05246372760836,Mild,61.34404757524992,36.92062077289669,9.0080976402099,4.099
1417,2024-01-01 12:12:00,119.66188246835404,Highway,-1.445789135379917,2,Comfort,2,Moderate,31.769559407882177,Warm,37.075830506083385,26.428089384219952,11.604620860395716,2.277
1114,2024-01-01 12:13:00,67.08711419359226,City,1.252060319793042,3,Sport,2,Moderate,24.43541644021079,Mild,62.91436367186862,47.539068593132725,9.067472039535296,5.243
1616,2024-01-01 12:14:00,38.539458316314416,Local,-1.7108723614500114,1,Eco,2,Moderate,5.2502073091975525,Mild,86.8289883343114,41.44551023470547,7.989669186826725,5.187
1902,2024-01-01 12:15:00,26.413359108570376,Local,-2.758019033690922,3,Sport,3,High,33.181386179224035,Warm,69.26340416811084,32.82628231168554,7.452511336792408,4.405
1195,2024-01-01 12:16:00,42.06246411433942,Local,-1.7931807444577363,2,Comfort,2,Moderate,38.3969525896832,Warm,70.70307356360019,1.991444391096011,5.576667347042577,0.357
1825,2024-01-01 12:17:00,44.7039928511461,Local,-1.928226739474203,3,Sport,2,Moderate,7.55467813751217,Mild,63.28242312502492,14.457902055280169,7.483254784327444,1.932
1500,2024-01-01 12:18:00,8.245641326875317,Local,-0.9735120195909168,2,Comfort,2,Moderate,4.319245397461302,Mild,94.18125061051272,15.479683559113948,4.123557669057855,3.754
1625,2024-01-01 12:19:00,44.34890393121278,Local,-0.4893030169472512,1,Eco,3,High,10.233710709370415,Mild,94.55221475364826,17.427538613506535,6.530040427329046,2.669
1492,2024-01-01 12:20:00,55.70862236870699,City,0.0512333489862477,3,Sport,2,Moderate,-2.157877225504801,Mild,61.017856085884176,19.53034428940079,7.822527370275558,2.497
1074,2024-01-01 12:21:00,86.72853026865656,Highway,-0.1394767469500308,1,Eco,3,High,34.3044702889094,Warm,44.46075897148035,46.97452667851967,11.88038771691623,3.954
1412,2024-01-01 12:22:00,78.80753816659296,City,-1.3759523642082638,3,Sport,1,No Traffic,36.81847662396165,Warm,56.766960470355514,37.1194331641581,10.872205779142677,3.414
1375,2024-01-01 12:23:00,85.05187862749851,Highway,-2.824975988555553,2,Comfort,3,High,23.498636783490863,Mild,34.92463297564925,34.627555854152476,9.308185142896868,3.72
1419,2024-01-01 12:24:00,1.0036418252228518,Local,0.6306097334229044,1,Eco,2,Moderate,29.39506657840507,Warm,70.90754522544714,21.383096444705576,3.7799156775737064,5.657
1728,2024-01-01 12:25:00,26.120087949664324,Local,-0.625531020915874,2,Comfort,3,High,25.089280484582023,Mild,60.007386862578656,16.943725454242216,5.80114939133997,2.921
1276,2024-01-01 12:26:00,79.40211460798278,City,-1.2079670556747018,3,Sport,2,Moderate,11.980940318044109,Mild,28.264038225062393,6.066951719686986,9.291479460840335,0.653
1760,2024-01-01 12:27:00,58.078724181569655,City,2.201646256983074,2,Comfort,3,High,23.44190629244196,Mild,35.811822489569224,22.7294241324362,7.908519447826243,2.874
1675,2024-01-01 12:28:00,0.6376170802015135,Local,1.4804598467889587,3,Sport,3,High,32.63440768938008,Warm,58.37055649596215,10.346584536236032,5.252244383925397,1.97
1393,2024-01-01 12:29:00,96.53935709181869,Highway,2.1465932902346534,1,Eco,1,No Traffic,31.44583346060952,Warm,91.00711925750866,19.61141914677617,8.996503262021825,2.18
1868,2024-01-01 12:30:00,92.7371487948405,Highway,-0.0301032317252341,2,Comfort,3,High,-1.3524113112496463,Mild,65.31125765048779,7.903923900334901,8.78385592249395,0.9
1456,2024-01-01 12:31:00,65.81029955922752,City,-2.2144124872393354,2,Comfort,1,No Traffic,15.817043224440267,Mild,74.52280001667766,17.265395919654313,8.239863470016783,2.095
1919,2024-01-01 12:32:00,7.975599093152654,Local,1.1773286167276344,3,Sport,1,No Traffic,12.87946587807625,Mild,47.12228397951278,2.244670559205089,4.891074797060413,0.459
1191,2024-01-01 12:33:00,91.98180594391016,Highway,-1.7635573203769486,3,Sport,3,High,28.840393560093908,Warm,65.71291144353874,0.4005577276790576,7.553082396024983,0.053
1738,2024-01-01 12:34:00,70.04563052776368,City,-0.3526219854496992,3,Sport,3,High,17.561917279560248,Mild,55.7903858110454,43.508470221781664,10.12544429528988,4.297
1688,2024-01-01 12:35:00,93.8351972589551,Highway,-2.609995266306669,1,Eco,3,High,10.736549885623882,Mild,72.73039300985286,32.099078933898696,10.056631132084602,3.192
1098,2024-01-01 12:36:00,90.20963908750085,Highway,1.951850414537894,2,Comfort,1,No Traffic,26.78573922669407,Mild,24.04604528632083,29.42456604123079,9.954443723431789,2.956
1547,2024-01-01 12:37:00,96.36024863494046,Highway,-2.2443561537149965,3,Sport,2,Moderate,16.311033415115443,Mild,59.46401729911673,25.73832141476559,10.711580547171849,2.403
1977,2024-01-01 12:38:00,62.16096796855498,City,2.4185850422958577,3,Sport,2,Moderate,6.548081248883875,Mild,43.679410011517355,36.36378594708868,8.795124581237243,4.135
1998,2024-01-01 12:39:00,16.8389421832218,Local,2.1853836135693427,2,Comfort,1,No Traffic,35.06876151746015,Warm,46.09480490223274,36.834663690913125,7.0914687665397445,5.194
1095,2024-01-01 12:40:00,80.53889680556264,Highway,-0.2125034133645238,1,Eco,1,No Traffic,0.087153166887326,Mild,96.87339452464492,46.76904326036186,10.388698321445432,4.502
1663,2024-01-01 12:41:00,74.45685420623647,City,1.4662092258239436,2,Comfort,3,High,-4.186053190153105,Mild,34.61558501691062,12.29608395004254,8.79065560808105,1.399
1662,2024-01-01 12:42:00,89.07038246389047,Highway,0.7166704429089199,3,Sport,3,High,1.4759964691617729,Mild,44.89962020628775,39.28142061242982,12.09081053935304,3.249
1189,2024-01-01 12:43:00,20.38572072608824,Local,1.818453854026469,2,Comfort,2,Moderate,2.3639464073804897,Mild,60.79140605846974,49.55877123726761,8.087173659085803,6.128
1735,2024-01-01 12:44:00,23.397023988034707,Local,-0.4091693952845276,3,Sport,2,Moderate,19.211899002140456,Mild,89.0421558519699,1.548190790548885,3.843209325600348,0.403
1036,2024-01-01 12:45:00,106.84914206631942,Highway,1.7148509054661003,3,Sport,2,Moderate,23.118947528666688,Mild,53.33360665650964,18.7618727439761,10.518888172811655,1.784
1779,2024-01-01 12:46:00,89.9973358142485,Highway,-0.2252590976091122,2,Comfort,3,High,15.187501032645962,Mild,79.50922247105368,21.858189793735956,10.043145079883514,2.176
1368,2024-01-01 12:47:00,108.98741864403875,Highway,2.6457947270567628,2,Comfort,3,High,4.187706037553911,Mild,88.5099278571842,41.109433350243584,11.387070354083868,3.61
1694,2024-01-01 12:48:00,91.04583853967048,Highway,-0.0817673950491144,1,Eco,1,No Traffic,0.9485904457266344,Mild,44.801308465747915,0.7857964267062819,8.172759224466532,0.096
1524,2024-01-01 12:49:00,71.65863671883622,City,-0.2242843683976225,3,Sport,3,High,17.14683861056769,Mild,51.420014683096795,29.97111465353994,9.613807705509668,3.118
1278,2024-01-01 12:50:00,78.49592844334484,City,1.710431169381076,3,Sport,2,Moderate,20.446738942891542,Mild,48.5244978950685,44.639682619763086,11.10650816691481,4.019
1216,2024-01-01 12:51:00,106.6953508728012,Highway,1.9294661505650277,3,Sport,1,No Traffic,8.678261726656332,Mild,86.62846468943368,7.466590216780836,7.069032002426072,1.056
1866,2024-01-01 12:52:00,69.45681054143286,City,0.3269346859270245,3,Sport,3,High,4.919797630343837,Mild,23.547748956288093,5.867123481462688,7.580920057344561,0.774
1872,2024-01-01 12:53:00,75.88695891940648,City,-1.9212131190295476,3,Sport,2,Moderate,-1.373327291865774,Mild,44.6736871062944,49.98934329146281,11.313473346330497,4.419
1797,2024-01-01 12:54:00,18.77720592043207,Local,-0.1934506142545231,2,Comfort,3,High,-3.818998085349529,Mild,74.35268460761039,41.31535084147958,8.396323043652119,4.921
1272,2024-01-01 12:55:00,56.87054641393232,City,2.80843501745807,3,Sport,1,No Traffic,-0.2418606123719051,Mild,65.23547996522741,34.901183919163785,9.008604878938195,3.874
1880,2024-01-01 12:56:00,85.96765343497188,Highway,1.517917158235111,2,Comfort,3,High,28.39357355277733,Warm,54.90314874349554,20.00916350651307,9.93577380871026,2.014
1061,2024-01-01 12:57:00,32.51312379796385,Local,1.8669756232747936,1,Eco,2,Moderate,10.480839256925025,Mild,63.19585817771075,42.7127524110273,9.621223086982733,4.439
1595,2024-01-01 12:58:00,24.27050166294419,Local,-2.803047007084559,3,Sport,1,No Traffic,-3.7661488069144,Mild,35.80676686626546,46.14637297649644,9.90982367406844,4.657
1879,2024-01-01 12:59:00,37.65921698692986,Local,-0.1928432241950406,1,Eco,2,Moderate,17.867437233445507,Mild,54.45732972864083,36.64718654846341,8.258772996558324,4.437
1728,2024-01-01 13:00:00,28.980075359140013,Local,0.8797268019453321,2,Comfort,1,No Traffic,19.12302700998814,Mild,60.13623873410793,19.96492950934994,6.601836193587243,3.024
1341,2024-01-01 13:01:00,25.7895164443675,Local,1.980196101768448,2,Comfort,3,High,14.290995082557709,Mild,92.09512975636814,29.21850168097716,7.038232964709882,4.151
1396,2024-01-01 13:02:00,50.98210114417043,City,-2.704358078503371,1,Eco,3,High,-0.0192734584031342,Mild,40.866813024318105,5.016011422357182,7.787981595652883,0.644
1698,2024-01-01 13:03:00,108.94062166602409,Highway,2.1146333138512388,3,Sport,2,Moderate,28.97353289226836,Warm,89.42628017319461,7.985221707870463,9.738629310210216,0.82
1018,2024-01-01 13:04:00,60.84715760864619,City,0.2904056204514704,2,Comfort,3,High,26.00867147064786,Mild,71.53931206607855,39.173563410317826,8.001340862942149,4.896
1176,2024-01-01 13:05:00,22.550445697838764,Local,-1.8161161765436404,2,Comfort,1,No Traffic,12.762811222221467,Mild,21.62726648540808,1.5628420604402904,6.575161046973448,0.238
1611,2024-01-01 13:06:00,9.236600325704888,Local,-1.0964687013018,2,Comfort,3,High,12.13669105366306,Mild,77.97050695195149,2.5548802653889946,5.150160235172385,0.496
1395,2024-01-01 13:07:00,83.53873741655103,Highway,-1.3084226894906354,2,Comfort,3,High,2.017080172567441,Mild,22.844150203924407,25.45037223013904,10.08733055681765,2.523
1444,2024-01-01 13:08:00,45.93585173236654,Local,0.1851542057308548,2,Comfort,3,High,28.909720618948725,Warm,99.79049014510504,8.609410885309504,5.727970683891281,1.503
1232,2024-01-01 13:09:00,98.61971359024312,Highway,-2.689885920533209,2,Comfort,3,High,21.98082569528948,Mild,89.81093501529583,14.755833474774768,9.067706118035831,1.627
1914,2024-01-01 13:10:00,79.14129223689243,City,-2.048783049000459,1,Eco,3,High,-1.1392949519174458,Mild,43.78749980320365,20.00168809687339,10.752037552419496,1.86
1075,2024-01-01 13:11:00,95.54897406496424,Highway,1.8761582602546945,3,Sport,3,High,12.012855629661107,Mild,40.592898415736435,26.16054449254663,12.005553003011284,2.179
1264,2024-01-01 13:12:00,32.63352473021385,Local,-2.2043760555191336,3,Sport,3,High,35.660242415582616,Warm,50.515286568448715,14.248382591737167,6.6776272855752685,2.134
1454,2024-01-01 13:13:00,83.08307069532698,Highway,-1.5996223832512382,3,Sport,3,High,15.35685707453018,Mild,48.49335722515544,24.228968807715223,10.713263721683704,2.262
1795,2024-01-01 13:14:00,31.687438163246252,Local,-0.2797763663750561,3,Sport,2,Moderate,9.621737468525971,Mild,49.787025470830486,18.59716049984107,7.475764637835136,2.488
1717,2024-01-01 13:15:00,112.688217534035,Highway,0.1027253286799827,1,Eco,2,Moderate,23.97028339518677,Mild,45.46212368955843,4.143452367943035,10.10880273919945,0.41
1734,2024-01-01 13:16:00,76.36491378400493,City,1.581662877684952,1,Eco,3,High,4.133756995782623,Mild,69.69067254786651,43.36965641345929,11.265408724691408,3.85
1383,2024-01-01 13:17:00,38.94141602104105,Local,-0.3160054400028733,3,Sport,2,Moderate,18.571152919323076,Mild,33.141093097649915,14.140158569942026,6.651543770892704,2.126
1563,2024-01-01 13:18:00,32.341423475072716,Local,1.739187726213233,2,Comfort,3,High,25.12852391036405,Mild,87.67850339568105,30.50772598075068,6.371535689722761,4.788
1850,2024-01-01 13:19:00,22.91119020859722,Local,0.710077842272745,3,Sport,3,High,33.4695287188785,Warm,84.99219872250522,28.533030742067048,6.869365183721849,4.154
1505,2024-01-01 13:20:00,83.35691506724733,Highway,-2.3214015634570653,2,Comfort,3,High,26.16269362500415,Mild,58.11865662842163,10.038422439248206,8.073726446286408,1.243
1366,2024-01-01 13:21:00,26.24587355975127,Local,-2.0620113696429687,2,Comfort,2,Moderate,12.2984408725854,Mild,88.21839722228381,1.594912704476996,3.891899742350695,0.41
1143,2024-01-01 13:22:00,71.43639191129868,City,-0.3777976473013753,1,Eco,1,No Traffic,29.551007800673993,Warm,39.77160560242346,42.860877599118,11.114788285284444,3.856
1884,2024-01-01 13:23:00,31.75620323104288,Local,-0.6186636414657625,2,Comfort,3,High,35.42799676318788,Warm,21.40523645631735,24.934723788315623,6.978967059826215,3.573
1068,2024-01-01 13:24:00,79.43627337526424,City,1.4612656178237673,1,Eco,3,High,16.49936310969728,Mild,69.53663400238584,20.78192898616044,8.968977452427541,2.317
1098,2024-01-01 13:25:00,97.7927674248647,Highway,0.4844228387841109,3,Sport,1,No Traffic,-4.797464653252294,Mild,56.63275255717723,38.16923470006432,10.019198748001394,3.81
1395,2024-01-01 13:26:00,93.36302917735838,Highway,-0.671201513986504,1,Eco,2,Moderate,34.64131116783298,Warm,65.37316370366966,1.7546301936924753,9.32879380579207,0.188
1024,2024-01-01 13:27:00,91.3021597116938,Highway,-1.9754382992976864,2,Comfort,1,No Traffic,2.4448896223937924,Mild,91.94715272147224,38.28424265754694,10.146308681855164,3.773
1947,2024-01-01 13:28:00,22.526688683070248,Local,-1.6389773860470291,2,Comfort,3,High,0.6846477241167994,Mild,97.59404588527548,20.504831722348797,6.750644724129668,3.037
1890,2024-01-01 13:29:00,10.606193638142244,Local,0.4530061108143539,2,Comfort,1,No Traffic,8.845535458301418,Mild,70.75625118044825,27.626022895484617,6.730151496499021,4.105
1468,2024-01-01 13:30:00,83.87385941848628,Highway,-0.4593671706012454,3,Sport,3,High,12.099268542584252,Mild,81.12444718819506,37.64671810327243,10.592664057872636,3.554
1483,2024-01-01 13:31:00,44.20166565532216,Local,0.0895650531640326,1,Eco,2,Moderate,30.971951418399343,Warm,26.70467467897314,27.38584854196537,9.252755314349562,2.96
1564,2024-01-01 13:32:00,51.881547168401674,City,-1.975935388186598,3,Sport,2,Moderate,12.51325233009079,Mild,32.85724679132045,3.1824339507293993,6.9399177736107625,0.459
1150,2024-01-01 13:33:00,3.737891135206928,Local,0.977437514067395,1,Eco,2,Moderate,-2.803047514061751,Mild,78.65638439623812,36.45718447236296,6.5052785252233445,5.604
1143,2024-01-01 13:34:00,31.149173913005903,Local,2.1152324451358027,3,Sport,3,High,23.618275599577533,Mild,54.50923651104016,39.338447536439595,8.712412431002022,4.515
1568,2024-01-01 13:35:00,4.041168464935683,Local,-1.4523629592785965,3,Sport,2,Moderate,25.204946054350376,Mild,55.677221632352456,23.14846858612479,7.389774691523477,3.132
1038,2024-01-01 13:36:00,105.50229271214972,Highway,-0.0509146450090405,2,Comfort,1,No Traffic,31.639941437444666,Warm,44.688614530834926,22.009064375226025,10.494816138149329,2.097
1108,2024-01-01 13:37:00,29.207601986223658,Local,2.853163974125411,3,Sport,2,Moderate,12.948973629750927,Mild,68.5885106782195,12.671085425813338,6.737948486129378,1.881
1692,2024-01-01 13:38:00,66.88046034876096,City,-1.0005495566956342,3,Sport,3,High,-1.126801570654532,Mild,34.81320363329621,32.24372159581368,10.437937008303011,3.089
1041,2024-01-01 13:39:00,4.6775184793356495,Local,0.5702780695425673,1,Eco,1,No Traffic,19.887802496254867,Mild,70.15330234511165,44.11122684805756,6.607990116306335,6.675
1185,2024-01-01 13:40:00,80.02168695667896,Highway,-2.458825798798534,3,Sport,1,No Traffic,0.4448822159877963,Mild,33.903908570819176,32.83284016916271,10.819818016332553,3.035
1934,2024-01-01 13:41:00,38.763281490491266,Local,0.6360900148766593,2,Comfort,1,No Traffic,-4.231610463906054,Mild,25.10608277677709,38.58911196157263,10.087209483771684,3.826
1397,2024-01-01 13:42:00,107.7503024349199,Highway,-2.4622093601722925,3,Sport,1,No Traffic,30.036256233310553,Warm,46.42861509592488,41.88903666909933,12.474375207616426,3.358
1222,2024-01-01 13:43:00,106.5741826720843,Highway,2.7554126119429325,1,Eco,3,High,13.15347701522728,Mild,38.49122736078782,11.384595243872893,10.6936539196821,1.065
1633,2024-01-01 13:44:00,39.034874203409736,Local,1.2939759124338686,1,Eco,2,Moderate,18.625232742809622,Mild,91.11933108450658,20.165006272442763,5.945959295144894,3.391
1132,2024-01-01 13:45:00,108.11530748285617,Highway,1.7289587288142387,3,Sport,1,No Traffic,24.82821412458403,Mild,24.396276309490126,21.854384798165025,12.427554423159265,1.759
1162,2024-01-01 13:46:00,119.53892081985346,Highway,1.2246261646298215,3,Sport,2,Moderate,13.046245002005726,Mild,34.12909540592983,27.989128207565862,12.38081208411216,2.261
1214,2024-01-01 13:47:00,99.04987969487377,Highway,0.5383742164587946,1,Eco,2,Moderate,-2.6990783385171917,Mild,63.89756844664396,2.5541878546629526,7.632793734962934,0.335
1732,2024-01-01 13:48:00,101.38456173062748,Highway,-0.300523313486968,2,Comfort,2,Moderate,6.373464596858227,Mild,58.48537526779789,29.46151783403037,10.172873484488289,2.896
1234,2024-01-01 13:49:00,29.88104833309079,Local,2.1502402785663746,3,Sport,2,Moderate,3.7453536102075464,Mild,23.668161469976123,4.517222020833302,6.2357753077434435,0.724
1842,2024-01-01 13:50:00,69.20428786293076,City,2.7410140052583785,2,Comfort,3,High,38.98273093709195,Warm,20.58019424121156,40.347837574901526,10.857708408769748,3.716
1657,2024-01-01 13:51:00,8.070709676084142,Local,-0.0057829625755121,2,Comfort,1,No Traffic,28.277745431145696,Warm,99.045435356892,48.15479718763244,6.485317434659862,7.425
1750,2024-01-01 13:52:00,11.390152418600366,Local,2.589210294931572,3,Sport,1,No Traffic,15.319749921843664,Mild,72.70677602870705,14.558974394200137,4.562704215102031,3.191
1587,2024-01-01 13:53:00,119.86711344399488,Highway,0.4999974599311052,2,Comfort,2,Moderate,-2.1484671594118554,Mild,49.232490472124546,25.380094728065988,11.564052327062676,2.195
1008,2024-01-01 13:54:00,39.19670993110931,Local,0.2303051213785991,1,Eco,1,No Traffic,0.2132735115221748,Mild,57.634579813059304,41.17705849583774,7.085410249448179,5.812
1073,2024-01-01 13:55:00,89.78206944586157,Highway,-0.2731036022678599,2,Comfort,2,Moderate,31.58048061721366,Warm,41.32400963634296,15.801234901760411,9.252250166820236,1.708
1953,2024-01-01 13:56:00,96.79980636321798,Highway,-1.7442734308192809,1,Eco,3,High,37.54520922266503,Warm,47.58990269545678,7.9731068981058,8.884168905134443,0.897
1491,2024-01-01 13:57:00,102.96279252086752,Highway,-2.977682035091645,3,Sport,1,No Traffic,-3.58924169861022,Mild,71.92355738145712,36.97921993272352,11.446236722087228,3.231
1912,2024-01-01 13:58:00,119.71539568825878,Highway,-1.5509626388636324,2,Comfort,2,Moderate,35.96787052097241,Warm,90.62494390938966,34.94824489567381,11.565150525397476,3.022
1252,2024-01-01 13:59:00,28.979578230824146,Local,0.0583390296213908,1,Eco,1,No Traffic,12.125367102369635,Mild,34.730401846494786,28.54027848754134,6.122438466652064,4.662
1229,2024-01-01 14:00:00,4.842099223163965,Local,-0.7202402864414847,1,Eco,2,Moderate,4.613469729415327,Mild,87.2289204308255,47.22739609215133,6.180511638256826,7.641
1518,2024-01-01 14:01:00,49.34298215935031,Local,-0.3090886319841974,3,Sport,1,No Traffic,-0.3995439164064338,Mild,29.724530361461525,47.760602942968454,10.129822780463376,4.715
1173,2024-01-01 14:02:00,15.609680379473634,Local,2.8838893173842974,2,Comfort,3,High,29.72870238789377,Warm,37.19937788707129,43.091316576013774,7.332155891338558,5.877
1652,2024-01-01 14:03:00,2.691106699446615,Local,-0.8983657759840344,1,Eco,1,No Traffic,16.100971833181614,Mild,22.974023043971677,14.721702262387812,4.760364960871626,3.093
1167,2024-01-01 14:04:00,43.25121925697833,Local,-0.2869023638393528,1,Eco,3,High,32.45907018708655,Warm,31.264948967439956,11.34575994454105,8.252603118604416,1.375
1169,2024-01-01 14:05:00,94.04859012902836,Highway,-2.1989066918830824,3,Sport,3,High,5.177071904123295,Mild,93.38425163712404,41.80346064526178,11.419946708723703,3.661
1392,2024-01-01 14:06:00,67.9416829470085,City,-2.7122536053780744,2,Comfort,2,Moderate,25.53556165745911,Mild,56.75509972947029,32.60290847829743,9.435927779561252,3.455
1945,2024-01-01 14:07:00,37.533358705242485,Local,1.6524570875549678,2,Comfort,2,Moderate,0.3154767189757628,Mild,26.21326894226829,19.86668891634571,6.4746887439926,3.068
1794,2024-01-01 14:08:00,78.52104065912637,City,0.424099050431872,1,Eco,1,No Traffic,-0.9612192139353626,Mild,96.7781470431169,20.546848180705883,9.690099905804246,2.12
1633,2024-01-01 14:09:00,27.842181637057287,Local,1.5642288362633696,2,Comfort,3,High,1.0029932662788177,Mild,90.319384620692,42.681275926136834,7.716721190443317,5.531
1193,2024-01-01 14:10:00,1.725773528650203,Local,-2.1008232066806904,2,Comfort,2,Moderate,31.400558525213825,Warm,80.3746016694513,8.246038434874583,3.943970996884027,2.091
1516,2024-01-01 14:11:00,91.72240637237128,Highway,0.4309726270961453,2,Comfort,3,High,24.5028880944688,Mild,94.67782335580463,47.204273148832606,10.074241991814832,4.686
1028,2024-01-01 14:12:00,74.8491701836811,City,-1.4781451539517467,2,Comfort,3,High,2.468375137014621,Mild,37.61035366686113,31.69744314623067,9.975993226234849,3.177
1164,2024-01-01 14:13:00,91.4763149401152,Highway,-1.6316290985998805,2,Comfort,3,High,12.314749480833342,Mild,86.90954344080691,39.588750895383775,11.56828830418454,3.422
1421,2024-01-01 14:14:00,4.672562002519873,Local,-2.9308439156820887,2,Comfort,1,No Traffic,29.365870439040556,Warm,75.1992957083445,18.606241065625884,4.861342312501147,3.827
1338,2024-01-01 14:15:00,100.45435533967826,Highway,-2.2179556585855686,2,Comfort,3,High,7.855347523624925,Mild,89.58073996541506,29.38612837691031,9.938737235180914,2.957
1647,2024-01-01 14:16:00,74.3431440043564,City,-1.144391331001828,1,Eco,3,High,36.45686705408931,Warm,83.75292525941038,37.52452564867319,11.16500053759529,3.361
1495,2024-01-01 14:17:00,67.60744208551682,City,-2.2987274364543655,1,Eco,1,No Traffic,36.15712561076157,Warm,47.719605054146,21.812985613171243,8.337239419516436,2.616
1364,2024-01-01 14:18:00,74.95368577374379,City,2.9151506424656253,2,Comfort,1,No Traffic,19.88053715626256,Mild,81.95188296138045,24.448023446151428,9.016073119421518,2.712
1832,2024-01-01 14:19:00,103.73198962420368,Highway,-1.148204108856296,2,Comfort,2,Moderate,23.43884211184517,Mild,40.996504238791225,29.14578346032011,11.214074502290613,2.599
1341,2024-01-01 14:20:00,70.43238078706885,City,-2.2180563197860312,3,Sport,3,High,24.394825902452343,Mild,46.28737304224438,3.2640088474820512,7.992252840861934,0.408
1499,2024-01-01 14:21:00,69.71404558658152,City,-1.8055061230322536,1,Eco,3,High,6.631080598978404,Mild,28.632457377838097,43.17300741576344,11.03426075389862,3.913
1656,2024-01-01 14:22:00,118.88149884789188,Highway,0.5262193700488589,3,Sport,1,No Traffic,11.439462492579416,Mild,94.8061292784375,43.34722899405171,12.222204880052596,3.547
1510,2024-01-01 14:23:00,90.80762004822816,Highway,-2.615738856811269,1,Eco,1,No Traffic,1.11734997204481,Mild,43.28026907202252,14.142741873068514,10.470678533516065,1.351
1326,2024-01-01 14:24:00,53.07525665413623,City,2.1746047808469413,3,Sport,2,Moderate,36.61921037442411,Warm,61.64979721371615,44.003144584932784,8.273151767012036,5.319
1216,2024-01-01 14:25:00,84.88764000395133,Highway,2.768998075422884,3,Sport,1,No Traffic,27.57322474129985,Mild,51.30662691729541,37.285220902171666,11.467104643594716,3.251
1300,2024-01-01 14:26:00,46.70765660301462,Local,-1.5195154759957148,3,Sport,1,No Traffic,-2.91396801503086,Mild,96.79424964668011,24.211251251901412,7.630081913116035,3.173
1131,2024-01-01 14:27:00,27.46505549801988,Local,-0.2994283884548441,1,Eco,1,No Traffic,19.72243525440625,Mild,46.80393367507859,17.453424833931575,6.403794013342369,2.725
1803,2024-01-01 14:28:00,71.62222522653113,City,-2.867193293823018,1,Eco,1,No Traffic,10.43831806320817,Mild,82.28366571381513,20.029008120645887,8.115016299209028,2.468
1069,2024-01-01 14:29:00,111.38185177367416,Highway,0.8442613483633288,2,Comfort,2,Moderate,31.68795446776341,Warm,88.4332923704944,26.76750388002032,11.357840089693331,2.357
1251,2024-01-01 14:30:00,111.49674240185551,Highway,-0.516443651684467,1,Eco,3,High,10.471003952508076,Mild,54.84851979847727,20.68478302439041,10.829123948091592,1.91
1414,2024-01-01 14:31:00,41.02863337265884,Local,-1.3796492033906658,1,Eco,3,High,23.986755607040273,Mild,50.2537451562345,21.069892373046695,7.935322496839981,2.655
1786,2024-01-01 14:32:00,63.3212959466034,City,-1.7589773363003491,1,Eco,3,High,2.4583150055457654,Mild,79.81966567461023,10.23585634381498,7.2046644994276825,1.421
1444,2024-01-01 14:33:00,25.396307828383343,Local,0.9241384659525628,1,Eco,3,High,20.143997034207644,Mild,93.03167842449872,35.41981905729392,7.826598632354764,4.526
1875,2024-01-01 14:34:00,119.475733139866,Highway,-0.5026978138061136,2,Comfort,3,High,8.224857964909715,Mild,80.39453864577906,30.51861949023348,12.69946077488306,2.403
1181,2024-01-01 14:35:00,117.73414894415228,Highway,-1.922044265820528,2,Comfort,1,No Traffic,2.419979006313075,Mild,38.170109247349245,49.595884202378976,12.58815428537226,3.94
1166,2024-01-01 14:36:00,77.94107156489368,City,1.134654488920944,1,Eco,3,High,22.86666161214052,Mild,91.06461979501644,7.148085789703262,7.781163488306704,0.919
1090,2024-01-01 14:37:00,96.5296871612968,Highway,0.3904336982201619,3,Sport,1,No Traffic,23.73885400069191,Mild,51.00653339494664,5.775543601877541,9.494122606332418,0.608
1713,2024-01-01 14:38:00,85.812019354044,Highway,2.1520323295769774,3,Sport,3,High,39.250920151020395,Warm,66.09835294223474,25.845021726876443,9.55357709487507,2.705
1857,2024-01-01 14:39:00,71.17898628473618,City,-2.295144606741043,1,Eco,3,High,25.109772684750205,Mild,86.51484954341689,7.684339099152698,8.04512101597084,0.955
1530,2024-01-01 14:40:00,6.401759638667723,Local,1.713999611666737,2,Comfort,1,No Traffic,18.20694723372077,Mild,35.07158139203938,30.569995438227423,6.849893996581513,4.463
1038,2024-01-01 14:41:00,54.57172110631933,City,1.041100720903554,3,Sport,3,High,36.067937938813735,Warm,82.76081085420425,9.886143922583502,7.32497533711232,1.35
1125,2024-01-01 14:42:00,80.97435626008927,Highway,-2.309934379031413,2,Comfort,1,No Traffic,32.27263684098051,Warm,67.69302383285421,24.20162504376484,11.266688193735714,2.148
1450,2024-01-01 14:43:00,81.30379366604215,Highway,1.168924379230324,2,Comfort,2,Moderate,19.69358252980804,Mild,91.46733134620864,30.60444134713678,7.606620937484541,4.023
1172,2024-01-01 14:44:00,44.77471421068603,Local,-0.3507162667210175,3,Sport,2,Moderate,18.010708498336328,Mild,33.757632147483434,22.956235372842684,8.423782758011871,2.725
1652,2024-01-01 14:45:00,113.00303839896368,Highway,2.669908713335058,1,Eco,2,Moderate,37.38861335721446,Warm,53.654578963274275,16.067266699399532,11.474357076407472,1.4
1753,2024-01-01 14:46:00,20.08284386841372,Local,-2.150331896292604,2,Comfort,3,High,22.770716978151885,Mild,86.627447429347,39.13757252237839,7.335828523187163,5.335
1219,2024-01-01 14:47:00,60.04313354586727,City,0.8570003448944279,3,Sport,3,High,27.120062612627812,Mild,21.538536276540817,42.74743541385947,10.2453145883415,4.172
1637,2024-01-01 14:48:00,82.90607718609874,Highway,-0.7081197272223241,2,Comfort,3,High,-1.0994431033758594,Mild,28.97610934125143,13.974686728903988,10.888592475963032,1.283
1057,2024-01-01 14:49:00,83.6562967070171,Highway,2.740888023545267,3,Sport,3,High,27.323752956216666,Mild,99.24521702053876,40.688347360056824,8.96069919333294,4.541
1659,2024-01-01 14:50:00,77.83667481225787,City,-1.0201506282583412,1,Eco,1,No Traffic,6.910682899300745,Mild,42.43153428722805,19.642537589931965,10.564721262669584,1.859
1475,2024-01-01 14:51:00,33.03458561422322,Local,2.7731154569508014,1,Eco,2,Moderate,0.199206544283129,Mild,98.04345549791628,24.43241956077698,7.236524544230874,3.376
1455,2024-01-01 14:52:00,18.744788242394637,Local,2.4089151066044945,1,Eco,1,No Traffic,33.23497489623894,Warm,34.60252408069391,11.664309422933172,5.480595628702006,2.128
1828,2024-01-01 14:53:00,76.3128392192053,City,-1.377700588136062,2,Comfort,2,Moderate,26.10359889937357,Mild,48.88755544058685,31.323616410504982,8.918560240359325,3.512
1894,2024-01-01 14:54:00,71.91625393673253,City,1.821250660958566,1,Eco,2,Moderate,13.340394050715869,Mild,80.22955556028565,5.136243167169997,6.01873099467247,0.853
1360,2024-01-01 14:55:00,21.52272123470892,Local,2.9736252108210355,1,Eco,1,No Traffic,14.413752679362991,Mild,72.62227257905428,29.622712545939905,6.258476112713472,4.733
1934,2024-01-01 14:56:00,84.6166974684676,Highway,-1.484021986972306,1,Eco,1,No Traffic,3.8702974994417367,Mild,66.48979199432445,49.48693228350433,12.009032638531153,4.121
1000,2024-01-01 14:57:00,54.62063900803877,City,-0.3793369840600817,1,Eco,1,No Traffic,-4.570205204017614,Mild,62.3919340644006,37.697968730408846,9.5725822402418,3.938
1386,2024-01-01 14:58:00,80.13127099237835,Highway,0.121084419400558,3,Sport,2,Moderate,10.721161280621953,Mild,87.47523549317921,44.76246150085781,11.224684805121584,3.988
1972,2024-01-01 14:59:00,100.48404957241809,Highway,-1.230413185176814,3,Sport,1,No Traffic,1.6786461857163495,Mild,38.795885026671414,23.263357455710484,11.721492211475196,1.985
1347,2024-01-01 15:00:00,20.367411429230778,Local,-2.9084109621238214,2,Comfort,3,High,13.97770580592919,Mild,55.397674159481475,7.191056481086334,5.24808613572267,1.37
1189,2024-01-01 15:01:00,2.2973841596204014,Local,-1.67922453481484,3,Sport,1,No Traffic,32.52212895684813,Warm,32.43618337251658,14.494248501852097,5.35801468531877,2.705
1504,2024-01-01 15:02:00,93.4923103674944,Highway,-1.3083786939494493,3,Sport,2,Moderate,0.1639463531223874,Mild,67.67532765845635,2.546580743484686,8.319952932382257,0.306
1190,2024-01-01 15:03:00,73.16369101831391,City,-0.338401792090877,3,Sport,2,Moderate,-0.8710879038734092,Mild,40.04355394170561,25.140367524104736,9.0803856818108,2.769
1507,2024-01-01 15:04:00,83.95674835465461,Highway,-1.9733851295195888,3,Sport,1,No Traffic,35.59459989845029,Warm,46.70736514747087,32.518376907478356,11.453855314094028,2.839
1368,2024-01-01 15:05:00,100.57859699863712,Highway,2.2395261401500353,3,Sport,1,No Traffic,28.531280309724544,Warm,57.70005732988225,21.28171696834672,10.21529916889402,2.083
1408,2024-01-01 15:06:00,96.33731217894008,Highway,1.2294667963880164,1,Eco,2,Moderate,-2.6118560472084464,Mild,22.141646856250222,28.203924459281566,10.384882134070368,2.716
1823,2024-01-01 15:07:00,115.31041763145896,Highway,-2.488797134642028,2,Comfort,2,Moderate,-1.4193281634087285,Mild,27.355034873667012,16.10304219127482,11.951474509058826,1.347
1928,2024-01-01 15:08:00,64.31220946225419,City,0.9005547068395883,3,Sport,1,No Traffic,25.821590266701737,Mild,74.87433765665756,4.384318888879144,7.163283735812917,0.612
1933,2024-01-01 15:09:00,58.619475919188645,City,0.9219388584337224,3,Sport,3,High,11.665489096645878,Mild,54.31759845740058,21.656749722865204,8.026194528258088,2.698
1116,2024-01-01 15:10:00,48.22646398688761,Local,2.737327041861766,2,Comfort,3,High,27.5877982994999,Mild,89.18321775999163,27.435109988516047,7.327450848413183,3.744
1133,2024-01-01 15:11:00,18.442925141304546,Local,-2.9818747718630325,3,Sport,3,High,13.200433118521495,Mild,75.57376029153596,49.13347617512227,7.580529231884631,6.482
1057,2024-01-01 15:12:00,68.71286794584269,City,-1.5124053011651568,3,Sport,2,Moderate,38.55040092945254,Warm,20.648075331785797,17.42894288916057,9.148186502419115,1.905
1555,2024-01-01 15:13:00,33.24150291911745,Local,2.566748876251893,2,Comfort,3,High,26.2487475517293,Mild,69.33698646137078,33.92070590810214,7.916792175885147,4.285
1684,2024-01-01 15:14:00,110.55690146555706,Highway,2.5928034923896988,1,Eco,3,High,-2.902290581944631,Mild,27.49798928477731,41.14895961399612,12.635858466576169,3.257
1671,2024-01-01 15:15:00,69.9828965132517,City,1.3235185162238243,1,Eco,1,No Traffic,9.87257986948148,Mild,82.47465438323954,16.835997312681588,7.473466498977178,2.253
1172,2024-01-01 15:16:00,71.14082166097322,City,1.59457992628524,2,Comfort,1,No Traffic,20.362278376121317,Mild,99.32061506228015,46.50356883294416,9.123248809194417,5.097
1828,2024-01-01 15:17:00,42.5909593052412,Local,-2.4511022524221175,1,Eco,3,High,1.384313719016081,Mild,62.49590353932092,17.00768122978049,7.229867598561066,2.352
1814,2024-01-01 15:18:00,6.2387222373248985,Local,0.0832550086694015,1,Eco,2,Moderate,-4.886586496611694,Mild,74.62236001553043,48.49323505641621,7.0791426022474235,6.85
1148,2024-01-01 15:19:00,3.8092518447586343,Local,-1.6105020522660036,1,Eco,3,High,-1.4311340455227666,Mild,38.98513287158012,0.2076302018451153,3.863364073856618,0.054
1079,2024-01-01 15:20:00,50.8002172983837,City,-1.9126917383182964,1,Eco,1,No Traffic,18.59185649632756,Mild,55.00781950030348,31.74524883709507,10.474609834532382,3.031
1885,2024-01-01 15:21:00,10.147845371668542,Local,1.8618197947399953,3,Sport,1,No Traffic,23.451479089850693,Mild,88.48762657891069,39.51731976273262,7.1451475176528145,5.531
1212,2024-01-01 15:22:00,72.8216346648167,City,-2.1897711799167157,2,Comfort,1,No Traffic,-0.8193480937604383,Mild,33.3938358197001,14.075014906019783,8.259100850237402,1.704
1202,2024-01-01 15:23:00,105.7167606767589,Highway,-0.1880901780216888,1,Eco,3,High,24.93204357575259,Mild,41.24284844910097,5.940808657809395,10.373907715685334,0.573
1763,2024-01-01 15:24:00,105.94977798224666,Highway,2.6314694375161984,1,Eco,2,Moderate,22.770587076460412,Mild,55.634694022882414,1.3159852001227537,8.654577923878483,0.152
1228,2024-01-01 15:25:00,79.08544921586788,City,-1.8850076666079447,2,Comfort,3,High,37.29536419050682,Warm,76.97991134752112,3.8129061244858,6.912740203047712,0.552
1675,2024-01-01 15:26:00,25.34781977675172,Local,2.867960542429408,3,Sport,1,No Traffic,32.83039712030215,Warm,50.0707163836539,27.19739873387542,7.888708254873322,3.448
1226,2024-01-01 15:27:00,103.55961976306465,Highway,2.9657279145663544,1,Eco,1,No Traffic,37.44588386825343,Warm,94.2185823826403,41.97445343692619,12.3428055953723,3.401
1658,2024-01-01 15:28:00,106.33121223758498,Highway,0.3337029280944175,1,Eco,1,No Traffic,38.474843042054474,Warm,27.556564101497536,3.250230176747882,9.362212608927202,0.347
1531,2024-01-01 15:29:00,23.598430194355046,Local,-1.9791435589370523,3,Sport,1,No Traffic,14.83638411908299,Mild,49.66433580358781,5.747700858795258,6.592314804239546,0.872
1440,2024-01-01 15:30:00,88.49113029248127,Highway,-1.1033706723546262,2,Comfort,3,High,16.955980657510484,Mild,76.71632987427375,0.3546398054932452,7.902886847811433,0.045
1401,2024-01-01 15:31:00,34.382345871254756,Local,-0.4530430039407891,1,Eco,3,High,7.672988573009546,Mild,38.07894125291939,14.185642198302554,6.379493814446182,2.224
1046,2024-01-01 15:32:00,96.31683748235156,Highway,-1.1440546538506624,1,Eco,2,Moderate,17.879458116767662,Mild,72.51305073837383,46.07019466694146,13.041778400980334,3.533
1232,2024-01-01 15:33:00,119.66854798843232,Highway,-1.3161865207409054,2,Comfort,1,No Traffic,1.7821614189645354,Mild,33.13735665818768,13.886771093378597,11.202062532845783,1.24
1304,2024-01-01 15:34:00,3.6031206395271376,Local,2.833378255298145,3,Sport,3,High,25.21439323411891,Mild,24.47842278893491,22.096640905806726,6.800640165678466,3.249
1525,2024-01-01 15:35:00,107.68390389491184,Highway,-2.079811035505526,2,Comfort,3,High,-3.878035940073671,Mild,29.681257339891907,9.02997404800742,9.506591440043696,0.95
1142,2024-01-01 15:36:00,74.71566403183897,City,1.3999674523011736,1,Eco,1,No Traffic,5.603249032849739,Mild,94.39878265073078,5.902598367695765,7.433350547422174,0.794
1414,2024-01-01 15:37:00,116.80591429977854,Highway,-2.9975382633649508,3,Sport,3,High,4.36322641860918,Mild,64.14007063516411,9.201482885738628,10.471946860235777,0.879
1512,2024-01-01 15:38:00,55.801142103171316,City,0.5770960164142611,3,Sport,1,No Traffic,37.20500821399243,Warm,83.70766203837192,10.600598420645666,6.063431018972121,1.748
1372,2024-01-01 15:39:00,101.68655166856485,Highway,2.495658023724314,3,Sport,2,Moderate,1.5205788268532112,Mild,46.6123600724041,6.601412406435262,10.621088242479749,0.622
1565,2024-01-01 15:40:00,7.487288231793268,Local,-1.272395435440686,2,Comfort,1,No Traffic,35.084895285239234,Warm,67.41269183083574,39.59849527401331,6.223027064459996,6.363
1885,2024-01-01 15:41:00,40.233486009395484,Local,-1.8868441484536849,2,Comfort,1,No Traffic,0.5961199615673696,Mild,59.59617069639933,23.914557355680763,6.250148721212929,3.826
1258,2024-01-01 15:42:00,8.041984530145196,Local,0.910078769270562,2,Comfort,3,High,24.281409382620808,Mild,95.65903675218352,27.034494435318315,5.7645489671039165,4.69
1655,2024-01-01 15:43:00,117.04117601748848,Highway,1.2756084437903592,1,Eco,2,Moderate,9.394868567800216,Mild,79.80597088432883,18.795063707098617,9.94966793625353,1.889
1470,2024-01-01 15:44:00,98.0368688726204,Highway,1.1281831137118878,2,Comfort,2,Moderate,9.22010658461462,Mild,78.44341051972633,10.616067758567176,7.580455793603624,1.4
1952,2024-01-01 15:45:00,102.30569054951646,Highway,-1.0840987198717558,3,Sport,3,High,39.92219950546593,Warm,23.708261554742364,4.785693060661733,9.569041426011632,0.5
1970,2024-01-01 15:46:00,112.5558277720673,Highway,-1.4867855870440148,1,Eco,2,Moderate,5.171928600681584,Mild,63.97357352029529,3.888692582922975,10.554435591626437,0.368
1011,2024-01-01 15:47:00,10.212418334374242,Local,2.7355127997722652,1,Eco,2,Moderate,4.115203057049916,Mild,57.35931631214519,9.338587084709973,4.204434068407387,2.221
1329,2024-01-01 15:48:00,46.271711101600005,Local,2.539797049619577,1,Eco,1,No Traffic,21.52006370940836,Mild,94.22738132849555,42.52379204559993,7.828101049945969,5.432
1735,2024-01-01 15:49:00,8.524186685280256,Local,-0.2561003406430782,3,Sport,3,High,28.333857866285783,Warm,40.58735905516258,10.905604959963028,6.011429823095719,1.814
1783,2024-01-01 15:50:00,25.29517218600343,Local,2.0771631969262403,2,Comfort,2,Moderate,39.21270355855514,Warm,41.58667626328754,17.805497625881994,7.179754878859118,2.48
1967,2024-01-01 15:51:00,27.52389324452068,Local,-0.2860591341942236,3,Sport,2,Moderate,26.563619840685735,Mild,52.90769991052003,28.68030702313319,6.5222219763104325,4.397
1357,2024-01-01 15:52:00,56.29286532570944,City,-0.4536658915649374,2,Comfort,2,Moderate,20.284197981268427,Mild,39.46957707251008,25.619513939934738,9.995656588974004,2.563
1971,2024-01-01 15:53:00,32.22746009443711,Local,-2.059422314404232,1,Eco,1,No Traffic,13.410927299113943,Mild,30.33471342469996,33.32444942360275,8.198797850571708,4.065
1407,2024-01-01 15:54:00,12.117372818131331,Local,-0.4415636610481632,1,Eco,1,No Traffic,21.780076403769986,Mild,88.59318773206407,9.796309994597625,4.5621203425142705,2.147
1667,2024-01-01 15:55:00,20.098930691292924,Local,0.2245016315988417,3,Sport,3,High,22.037574853871128,Mild,64.66212195231327,26.250041542422174,5.334225860513216,4.921
1372,2024-01-01 15:56:00,17.673067626250912,Local,-2.864974035427881,2,Comfort,3,High,4.797017223894569,Mild,88.90901751652534,38.41068305607018,7.27978143213682,5.276
1007,2024-01-01 15:57:00,116.7692157494758,Highway,-0.3353219689475617,1,Eco,1,No Traffic,25.204385269021152,Mild,86.49078123229567,19.436597042242756,11.336737776633544,1.714
1121,2024-01-01 15:58:00,91.11510083021685,Highway,1.6881373103712018,3,Sport,3,High,4.199070579898184,Mild,42.56338838317369,48.59753047956429,11.91613300210442,4.078
1347,2024-01-01 15:59:00,116.13137583234744,Highway,1.0802763382456195,3,Sport,3,High,17.04796705279116,Mild,63.81899554594192,28.93967670134745,10.123246229274107,2.859
1675,2024-01-01 16:00:00,52.76885838094903,City,0.8109419331836101,2,Comfort,3,High,6.694128068346053,Mild,26.657416219205636,33.77384523515059,9.805625996453491,3.444
1089,2024-01-01 16:01:00,33.40421779951879,Local,2.4573325706232154,2,Comfort,1,No Traffic,9.076046067838798,Mild,93.22015072246067,23.008478208782225,5.7654258682311745,3.991
1647,2024-01-01 16:02:00,95.7951836651024,Highway,-2.89180794104862,2,Comfort,1,No Traffic,22.62446589982134,Mild,52.341017205212246,42.90675711324146,11.651927390406223,3.682
1697,2024-01-01 16:03:00,39.150470164937616,Local,0.3422855171534049,1,Eco,2,Moderate,-2.098169836798988,Mild,51.49409471112171,22.62919750743472,6.840128403448995,3.308
1315,2024-01-01 16:04:00,35.926004844641795,Local,1.7240930904582423,3,Sport,2,Moderate,-4.458433310409765,Mild,44.220429649436255,47.11978764787255,9.461888521257125,4.98
1177,2024-01-01 16:05:00,27.900719064939743,Local,0.2480122962076034,2,Comfort,2,Moderate,0.8779004296439634,Mild,56.85309957685631,15.44377809512761,4.131867881325392,3.738
1539,2024-01-01 16:06:00,15.561477386908242,Local,-1.056626684517725,3,Sport,2,Moderate,2.591814013352389,Mild,40.14075092363584,43.30438834702922,8.116726922277657,5.335
1731,2024-01-01 16:07:00,30.775567322011916,Local,-2.182496609448133,1,Eco,3,High,3.904283562053527,Mild,49.98818182374436,32.003723366451254,7.403067454003164,4.323
1868,2024-01-01 16:08:00,42.63836981686652,Local,2.325378430897148,1,Eco,3,High,29.82689815965159,Warm,83.99576388679054,39.972828003341995,8.437874440901627,4.737
1040,2024-01-01 16:09:00,80.87930497748765,Highway,-0.1754256456743821,2,Comfort,1,No Traffic,15.10860851670454,Mild,86.74044028681375,1.9812941011867853,6.538133865954877,0.303
1739,2024-01-01 16:10:00,7.507781066334189,Local,2.2686911819142086,1,Eco,3,High,16.147126022992246,Mild,44.33459821028129,13.936254622487295,5.270374068136208,2.644
1703,2024-01-01 16:11:00,25.26083275984115,Local,0.5151127345990099,3,Sport,3,High,23.995037328499457,Mild,57.52115444422303,42.36923480503232,8.063301683429033,5.255
1922,2024-01-01 16:12:00,97.08283683500116,Highway,1.0451526996900045,3,Sport,3,High,27.809894578578145,Mild,89.90558210240418,15.984851301780187,9.082261047098957,1.76
1501,2024-01-01 16:13:00,17.630630830052493,Local,1.8255669262707004,1,Eco,2,Moderate,-4.842124270095378,Mild,24.21386654637577,35.66150213267759,7.872516779021155,4.53
1958,2024-01-01 16:14:00,41.117417582702586,Local,0.954933267600806,1,Eco,1,No Traffic,33.55264011123263,Warm,91.13159695966284,49.61022184761301,9.613677562561628,5.16
1144,2024-01-01 16:15:00,103.7590706229768,Highway,-0.6116709559263738,1,Eco,2,Moderate,39.47956812733488,Warm,37.53474765218654,8.940720608468274,10.307256935720355,0.867
1200,2024-01-01 16:16:00,18.59103733721312,Local,0.0818003035719057,3,Sport,3,High,0.4813344507289772,Mild,74.28313953715006,20.935542431136703,6.387443802819173,3.278
1928,2024-01-01 16:17:00,9.928420274182788,Local,1.8182731480552796,1,Eco,3,High,24.29862626456066,Mild,66.60413571076802,8.339822867230797,5.104938108210168,1.634
1723,2024-01-01 16:18:00,58.1445594096013,City,-0.7580982217620948,2,Comfort,1,No Traffic,-4.891381051956059,Mild,64.23525985514017,7.798894080094405,8.22970204461042,0.948
1460,2024-01-01 16:19:00,36.29034135342437,Local,-0.6712712593890178,2,Comfort,2,Moderate,-2.793673122143794,Mild,88.74881798022571,31.68883704252922,9.08785037251283,3.487
1731,2024-01-01 16:20:00,67.6090037380625,City,-2.4258593036519933,3,Sport,3,High,7.825045903872489,Mild,28.125771491572905,9.649664234697193,7.498406221591853,1.287
1751,2024-01-01 16:21:00,96.45658685801702,Highway,2.4875066113304865,1,Eco,1,No Traffic,33.088183798883534,Warm,47.762242026050885,24.184432051963977,10.247258158780957,2.36
1924,2024-01-01 16:22:00,16.45781857832918,Local,-2.4537821103273494,1,Eco,3,High,24.362540564698183,Mild,63.06021970758125,48.89927953373626,7.351484975989672,6.652
1908,2024-01-01 16:23:00,69.6838901465142,City,0.8892550646913353,1,Eco,3,High,15.06194193875471,Mild,84.90310831568318,16.723161153734065,7.189879535206823,2.326
1557,2024-01-01 16:24:00,60.66105124678367,City,-0.5208331271832138,2,Comfort,1,No Traffic,14.736931312107677,Mild,37.31544667293372,43.69412934960459,9.846287602591492,4.438
1546,2024-01-01 16:25:00,17.289454321583946,Local,-0.5662836584673459,2,Comfort,1,No Traffic,15.9724108458907,Mild,84.2343873099421,19.878616564763004,5.110691123165179,3.89
1252,2024-01-01 16:26:00,74.87981826347789,City,1.0773110194361033,2,Comfort,3,High,8.99648985104517,Mild,51.97107859951486,13.216959039560845,6.744592922489324,1.96
1389,2024-01-01 16:27:00,32.836850143292594,Local,-2.597437604220728,2,Comfort,1,No Traffic,34.497153293148145,Warm,35.11310851469563,16.87895998547557,6.644081051287306,2.54
1593,2024-01-01 16:28:00,58.540118225281496,City,0.5622346977086075,2,Comfort,3,High,20.55411090399088,Mild,80.71891523547862,6.471555219455171,7.260333612135779,0.891
1882,2024-01-01 16:29:00,9.872678913247428,Local,1.6321907158341284,3,Sport,2,Moderate,16.777748358663377,Mild,27.271912117963826,33.981359282092775,7.29488184245582,4.658
1255,2024-01-01 16:30:00,55.15008686563477,City,1.9692765473195657,3,Sport,3,High,15.928447142069675,Mild,61.18138992603544,25.500095239842057,8.688909004108897,2.935
1708,2024-01-01 16:31:00,36.77561616513844,Local,-1.976817663637348,1,Eco,1,No Traffic,37.112191010407415,Warm,25.110062708951073,30.73014011092934,7.527262567185678,4.083
1814,2024-01-01 16:32:00,98.68574534224253,Highway,2.384514300469042,1,Eco,2,Moderate,27.56478676988568,Mild,48.51342841262301,15.22432960873307,10.44968052400368,1.457
1920,2024-01-01 16:33:00,6.837447239684193,Local,0.9368765510846532,2,Comfort,1,No Traffic,1.5166549622463543,Mild,68.0861439205114,32.707901773944144,6.793488994045128,4.815
1449,2024-01-01 16:34:00,50.2328729901996,City,2.2911288049240968,1,Eco,3,High,14.663657647446929,Mild,64.48924331897705,8.313484525753209,7.802935991793693,1.065
1009,2024-01-01 16:35:00,55.01177089577256,City,-0.0883156973388104,3,Sport,1,No Traffic,7.97674946865355,Mild,52.37243343237332,32.65838852845981,8.31915443056317,3.926
1823,2024-01-01 16:36:00,87.00072915589425,Highway,0.2522000705832123,3,Sport,3,High,39.40908959785732,Warm,54.32383951776926,4.14879409339527,7.873900648135658,0.527
1797,2024-01-01 16:37:00,68.91450901082533,City,2.514229662172027,1,Eco,1,No Traffic,13.692806784093136,Mild,38.14156426806132,20.073630462095224,9.72077266939362,2.065
1241,2024-01-01 16:38:00,80.06548046330172,Highway,2.399457260128031,2,Comfort,1,No Traffic,-1.945845363659794,Mild,56.470607073928235,30.526677130486657,8.910509592125676,3.426
1250,2024-01-01 16:39:00,93.24591427821072,Highway,-0.3110347597859881,3,Sport,3,High,13.504540065826196,Mild,96.26038845766674,42.7803454759996,10.949236322854352,3.907
1876,2024-01-01 16:40:00,103.46435683898264,Highway,-1.3535242101859095,1,Eco,2,Moderate,9.460762627267089,Mild,88.03623342270323,40.63950980213245,10.798344360835078,3.763
1004,2024-01-01 16:41:00,37.66505960669646,Local,-0.6409773926144151,2,Comfort,3,High,21.981219118521153,Mild,31.618629526107505,26.394808843177636,6.9743589455494215,3.785
1118,2024-01-01 16:42:00,64.56272464366836,City,-0.6734140288215018,1,Eco,2,Moderate,5.173517885306342,Mild,22.382462985673676,44.18019779867034,11.200849778884182,3.944
1800,2024-01-01 16:43:00,100.81296941270398,Highway,-1.2787987501032363,2,Comfort,2,Moderate,-3.3811857635278253,Mild,94.68194501733043,25.344557966096776,10.239168913831678,2.475
1373,2024-01-01 16:44:00,118.73413571580676,Highway,-1.3885223740022006,2,Comfort,2,Moderate,-0.6853831178498888,Mild,62.13997999045981,25.90661910951593,11.54853239597442,2.243
1064,2024-01-01 16:45:00,106.74231732525158,Highway,2.1663776188783164,3,Sport,2,Moderate,7.741641529046442,Mild,63.027025851944614,36.05562696919963,11.439400680362446,3.152
1145,2024-01-01 16:46:00,44.57607151492522,Local,-2.58082847589203,3,Sport,3,High,10.674518418989845,Mild,82.45743965652179,43.9013379062798,8.48240947492136,5.176
1223,2024-01-01 16:47:00,23.41998206623805,Local,1.0656670925975646,1,Eco,3,High,32.55027430201298,Warm,45.17511790970613,30.175553164975064,6.453783221470131,4.676
1238,2024-01-01 16:48:00,58.72710448879064,City,-1.9630796912612865,1,Eco,2,Moderate,7.153135780647316,Mild,58.55260550688017,47.21516862039072,9.571384544015766,4.933
1176,2024-01-01 16:49:00,88.99697422032507,Highway,-0.9329646396356206,2,Comfort,2,Moderate,-3.582812593577924,Mild,97.493033051739,11.706044696025428,9.762267560114,1.199
1778,2024-01-01 16:50:00,59.10828849039571,City,-2.630741795190979,3,Sport,2,Moderate,30.133006744128437,Warm,73.77189495459257,46.223040508716515,9.623802357533958,4.803
1852,2024-01-01 16:51:00,57.98170359764022,City,-1.3801581788672277,2,Comfort,2,Moderate,34.10129065400332,Warm,32.29960255966287,11.160482466536838,6.403114397281132,1.743
1281,2024-01-01 16:52:00,100.58765052981607,Highway,1.6105264267034531,2,Comfort,2,Moderate,17.15378068302375,Mild,30.658139838748266,26.368133307534816,12.449516773618624,2.118
1062,2024-01-01 16:53:00,43.36845348806237,Local,2.310091947283552,2,Comfort,2,Moderate,7.821725384041184,Mild,36.34118066664043,39.821986631575925,10.045505503191224,3.964
1216,2024-01-01 16:54:00,103.17536097739747,Highway,-1.6708370885857975,2,Comfort,1,No Traffic,29.74629460532871,Warm,81.3369339536574,40.09904994811072,10.519770108472317,3.812
1853,2024-01-01 16:55:00,48.816576114206825,Local,-0.2187129644464689,2,Comfort,2,Moderate,-4.599571699310428,Mild,43.63016030724928,13.980147182256273,7.937003105674133,1.761
1826,2024-01-01 16:56:00,39.387972681400726,Local,-0.1780557123767616,2,Comfort,1,No Traffic,36.581270309855256,Warm,21.711107734006383,49.29617149280241,9.940913488721389,4.959
1794,2024-01-01 16:57:00,54.47878934396388,City,2.241451834558405,1,Eco,3,High,33.94892401947901,Warm,95.53394908045294,4.122110763762291,6.657162667110268,0.619
1688,2024-01-01 16:58:00,91.49363504098422,Highway,1.5767943172548329,3,Sport,3,High,19.517494447967607,Mild,33.577073311592855,1.8356590785721727,9.573421885342515,0.192
1460,2024-01-01 16:59:00,15.120243343679313,Local,0.0784633102082992,3,Sport,2,Moderate,7.491153455940486,Mild,20.76465489184549,42.092320006282314,8.402350564937484,5.01
1928,2024-01-01 17:00:00,23.570305904642087,Local,1.0244832028306403,2,Comfort,3,High,-3.521980276295105,Mild,38.97052819066584,40.969043637711465,7.916980700388937,5.175
1609,2024-01-01 17:01:00,114.17337907957103,Highway,2.0841303234562005,2,Comfort,3,High,39.9920687588588,Warm,38.80230296945069,35.66959057602633,12.029239740010738,2.965
1104,2024-01-01 17:02:00,21.058995285762883,Local,-2.94276627584673,2,Comfort,2,Moderate,29.29331753674078,Warm,53.76042006765785,42.553623803334865,8.37887736445089,5.079
1098,2024-01-01 17:03:00,68.12727815172654,City,-0.5826598136997081,3,Sport,3,High,10.241944411367127,Mild,93.63118652000294,6.964206885744952,6.323262618201135,1.101
1510,2024-01-01 17:04:00,69.51773599943255,City,2.443459003662472,3,Sport,3,High,-4.132761276254694,Mild,90.33479342232783,4.874808491994988,7.615689469615722,0.64
1384,2024-01-01 17:05:00,58.75493544602938,City,1.4418781850637084,2,Comfort,2,Moderate,23.768127780734694,Mild,56.55156439859424,48.473191392235385,10.12049046391452,4.79
1404,2024-01-01 17:06:00,77.36942982921823,City,0.2570482460044481,3,Sport,2,Moderate,39.4106802588263,Warm,52.87199239934452,31.24947584034802,10.541210239756577,2.965
1822,2024-01-01 17:07:00,27.57920709571421,Local,0.1778671622108003,2,Comfort,2,Moderate,26.818271888470026,Mild,64.4007269179881,46.000352684937305,7.4645630868883694,6.162
1517,2024-01-01 17:08:00,66.31947213320979,City,-0.9133794143733732,2,Comfort,1,No Traffic,-1.232851614358763,Mild,39.47632095774126,45.33151688819034,10.18122627449792,4.452
1475,2024-01-01 17:09:00,44.660790629627655,Local,0.1231232018490873,2,Comfort,2,Moderate,13.102526747810028,Mild,24.174799357309027,32.69167798453805,7.452219932089333,4.387
1976,2024-01-01 17:10:00,79.40007115550269,City,0.9322991967807192,1,Eco,3,High,-0.0867441772598862,Mild,95.13793089369652,31.46087819518988,9.61559814880654,3.272
1708,2024-01-01 17:11:00,16.946825204777937,Local,-0.4898217694272415,3,Sport,2,Moderate,36.04722473204264,Warm,34.935918790173815,18.061295618276596,6.505652703504914,2.776
1862,2024-01-01 17:12:00,68.50529002073715,City,1.284918878353044,3,Sport,1,No Traffic,9.868651192866135,Mild,35.872058339657315,7.540591792004417,7.345849466619746,1.027
1644,2024-01-01 17:13:00,22.232442645998844,Local,2.167393363562315,3,Sport,3,High,28.001943820330197,Warm,57.79682630831581,34.36158713852619,6.567669233004388,5.232
1869,2024-01-01 17:14:00,33.437167573804366,Local,-2.0718909108908328,2,Comfort,1,No Traffic,-1.188933889590202,Mild,59.329067587226454,40.91124244032518,9.611958934117132,4.256
1770,2024-01-01 17:15:00,26.24517603882999,Local,-0.2907178630954536,1,Eco,3,High,0.778661310794778,Mild,21.474736776059355,27.276725126871433,7.653764034824118,3.564
1436,2024-01-01 17:16:00,21.940533584258052,Local,-0.5518794522895134,2,Comfort,2,Moderate,25.57694479228081,Mild,31.836379101917657,2.638370091755812,5.93262191145447,0.445
1022,2024-01-01 17:17:00,99.08531418728003,Highway,1.1247888242983688,2,Comfort,1,No Traffic,32.95659767629761,Warm,50.25238548485934,7.331393514119086,9.641962813480292,0.76
1996,2024-01-01 17:18:00,34.28490811930684,Local,-1.500795208452424,2,Comfort,2,Moderate,4.065248034907553,Mild,74.69845548084312,5.187820886918913,6.912902296377189,0.75
1564,2024-01-01 17:19:00,111.25485382373392,Highway,0.8415054897136578,1,Eco,3,High,13.825176069867856,Mild,38.27347654655487,32.92579926658727,12.700075012222534,2.593
1676,2024-01-01 17:20:00,116.3911830414229,Highway,2.2649354503889283,2,Comfort,2,Moderate,22.8737665616407,Mild,53.841155699341016,28.28297544812971,10.109433647475608,2.798
1713,2024-01-01 17:21:00,68.55125639245168,City,-0.4912104012382636,2,Comfort,2,Moderate,30.832435266712267,Warm,64.58760517731734,23.378364667789665,8.413131443123069,2.779
1457,2024-01-01 17:22:00,17.160134719887168,Local,2.46609419987532,1,Eco,3,High,23.268847467067648,Mild,91.08739956986336,27.21608693945814,6.082815763738258,4.474
1082,2024-01-01 17:23:00,44.94578920554975,Local,2.9589824336008705,2,Comfort,1,No Traffic,-0.7058335710840478,Mild,46.08564018616987,13.87014663347747,7.301998071907544,1.9
1144,2024-01-01 17:24:00,95.72787160178568,Highway,-2.3634477003122876,2,Comfort,3,High,19.42686977503378,Mild,30.68466126907868,40.255885858930846,11.434264388360788,3.521
1084,2024-01-01 17:25:00,44.08688744364846,Local,-1.6016808720908482,3,Sport,3,High,34.807300666445656,Warm,59.14177807180866,16.494408043488033,7.336277951912305,2.248
1077,2024-01-01 17:26:00,10.44206619633465,Local,2.702278508892559,1,Eco,2,Moderate,34.061067446079285,Warm,79.73772813472496,32.25062957492275,6.26220221676201,5.15
1456,2024-01-01 17:27:00,66.81418931138255,City,2.74996611888832,3,Sport,3,High,21.325702348793257,Mild,28.788780564218676,19.604624906935676,8.719914364951919,2.248
1877,2024-01-01 17:28:00,101.41450217952418,Highway,-2.413756347679449,2,Comfort,1,No Traffic,39.80632930468775,Warm,53.97467933575683,3.701109596152485,9.020156923949394,0.41
1000,2024-01-01 17:29:00,95.51116645722028,Highway,-2.91000899773718,1,Eco,3,High,-0.2694324927040066,Mild,21.42281130099867,12.921876078617675,9.332904116112651,1.385
1050,2024-01-01 17:30:00,21.01477681564239,Local,-2.0333998604614667,1,Eco,3,High,16.536791082624376,Mild,22.68473453178009,48.25840653703387,10.268077964917683,4.7
1684,2024-01-01 17:31:00,80.731753729496,Highway,2.97607670029349,2,Comfort,2,Moderate,29.880563770873316,Warm,58.63626905733325,9.60780231003037,9.21079539506617,1.043
1716,2024-01-01 17:32:00,26.460511612277653,Local,-1.9200023003358788,3,Sport,1,No Traffic,1.346715315137165,Mild,43.85578385207435,5.335941808699256,6.70295286640877,0.796
1771,2024-01-01 17:33:00,26.184904146260667,Local,0.0152856403321388,2,Comfort,2,Moderate,38.773739266728455,Warm,87.60858392043298,14.628494392126475,5.238302501506416,2.793
1445,2024-01-01 17:34:00,104.8886127966222,Highway,2.0905063585830668,1,Eco,2,Moderate,10.932094533264024,Mild,68.17234449011634,43.90850280743634,11.503872109560406,3.817
1448,2024-01-01 17:35:00,29.96027432882762,Local,-2.877590335870762,1,Eco,1,No Traffic,10.75628892903659,Mild,56.314636939439225,15.370718573885313,8.553069168154456,1.797
1880,2024-01-01 17:36:00,31.58968158216134,Local,0.6269338935507571,2,Comfort,1,No Traffic,4.593743551354278,Mild,52.63482968434371,20.927268967497746,7.854756036120948,2.664
1487,2024-01-01 17:37:00,0.0784068913559465,Local,-1.337847306782254,2,Comfort,3,High,7.9607858829967455,Mild,59.77963841516506,15.572838372988144,6.7445448818188805,2.309
1799,2024-01-01 17:38:00,104.48028409506212,Highway,2.174009498638389,2,Comfort,1,No Traffic,20.99150050328938,Mild,23.235106497012907,49.449780778963536,13.937638641184352,3.548
1033,2024-01-01 17:39:00,95.11137758509616,Highway,-1.299233104415525,2,Comfort,2,Moderate,14.320943007292954,Mild,91.4234685136528,49.993767447150546,12.101966088777305,4.131
1347,2024-01-01 17:40:00,75.27947221088137,City,1.1205343216914532,3,Sport,1,No Traffic,3.702018024702859,Mild,99.86425245871666,24.19036038719088,8.832165449198662,2.739
1094,2024-01-01 17:41:00,90.03189167266108,Highway,1.0453177946843812,3,Sport,1,No Traffic,31.41129731424112,Warm,34.51896998869589,39.262802907469144,10.989699596814964,3.573
1071,2024-01-01 17:42:00,18.245828090939018,Local,-1.67103870684216,3,Sport,1,No Traffic,-2.199231179417315,Mild,29.63063718196958,11.080985894563034,5.641036487538147,1.964
1550,2024-01-01 17:43:00,54.99883135050905,City,-2.7912048007898993,3,Sport,2,Moderate,32.55937350251223,Warm,31.486197075887617,18.77732782003879,8.62703000112457,2.177
1153,2024-01-01 17:44:00,42.146326481853706,Local,-0.5445025572876165,1,Eco,3,High,7.372242609156061,Mild,72.88216465874937,33.99904960429404,7.911862622780235,4.297
1249,2024-01-01 17:45:00,11.25318315084198,Local,-1.2648410882047818,1,Eco,3,High,17.31564998931873,Mild,72.91526707606198,14.387787188202976,4.442632633642358,3.239
1673,2024-01-01 17:46:00,58.33565822579089,City,1.853866497682252,3,Sport,2,Moderate,12.147904236477633,Mild,87.83393298227287,11.312467268373572,8.365995331891147,1.352
1437,2024-01-01 17:47:00,110.48875804111624,Highway,1.802185130732072,2,Comfort,3,High,20.677095102537137,Mild,80.14611107410026,46.11967031157646,12.738584292099093,3.62
1117,2024-01-01 17:48:00,4.807094286083338,Local,-0.2578562868442473,1,Eco,3,High,30.81954978130789,Warm,55.97517386954718,12.290473987492394,2.7441316105305686,4.479
1770,2024-01-01 17:49:00,34.97530961925526,Local,0.6390733519393135,2,Comfort,2,Moderate,39.51939070636128,Warm,69.02842892522551,3.057963165149603,5.380009590808208,0.568
1890,2024-01-01 17:50:00,24.904912344684416,Local,0.6255570959215513,3,Sport,2,Moderate,8.772661554425571,Mild,75.06277362944063,37.57929189734338,7.131768212350985,5.269
1305,2024-01-01 17:51:00,28.57759843988356,Local,1.96294889056574,1,Eco,3,High,19.921198556359016,Mild,61.018917622818016,12.23908756764719,5.7520549728553725,2.128
1267,2024-01-01 17:52:00,109.01214622552504,Highway,-0.4499855152608152,1,Eco,1,No Traffic,15.970339694874884,Mild,58.05207875613093,22.564188954197338,10.360451319706652,2.178
1960,2024-01-01 17:53:00,56.16828650811482,City,-1.3473199212569456,1,Eco,3,High,39.95176716909043,Warm,71.60779565141226,5.666695994899307,6.337731756605752,0.894
1053,2024-01-01 17:54:00,55.95592955277826,City,-1.4097904911567152,1,Eco,1,No Traffic,31.4011133724752,Warm,64.5979639180523,3.5189273624941846,7.229223749832208,0.487
1235,2024-01-01 17:55:00,91.26907709463389,Highway,0.2171536756932246,3,Sport,2,Moderate,12.868773636108674,Mild,71.51538442687283,23.07623901955171,10.643253455269615,2.168
1388,2024-01-01 17:56:00,18.539064480591097,Local,-0.3051107836067244,1,Eco,1,No Traffic,16.45955750234409,Mild,69.02838191706911,16.920708275967538,5.4012651875192,3.133
1989,2024-01-01 17:57:00,58.4718424920061,City,-0.3592753740903829,3,Sport,1,No Traffic,6.0680467491967,Mild,77.53572484109237,25.34566882390695,7.883794446838067,3.215
1733,2024-01-01 17:58:00,51.598225694527166,City,-2.4531759654617566,1,Eco,1,No Traffic,28.986129388697194,Warm,71.42428070263009,48.292584437484074,8.238434973896563,5.862
1762,2024-01-01 17:59:00,71.62928286559874,City,1.3116224441411737,3,Sport,2,Moderate,33.034530387029896,Warm,61.57939891498138,20.4286754837724,7.777673780421091,2.627
1824,2024-01-01 18:00:00,119.94692439005264,Highway,-1.7175798721085358,3,Sport,3,High,38.42440706303142,Warm,74.54374490275092,30.172589476768785,12.038774884009875,2.506
1400,2024-01-01 18:01:00,92.33386728984566,Highway,-1.818278218747672,2,Comfort,3,High,20.462300356800867,Mild,55.95855721483424,4.9700095768564445,9.257886983662084,0.537
1623,2024-01-01 18:02:00,47.743884362091265,Local,-0.5234500783356393,3,Sport,1,No Traffic,25.180735100684775,Mild,39.33369807780808,44.307288489242666,9.37454981228255,4.726
1766,2024-01-01 18:03:00,99.30636627288564,Highway,-1.6333299502931915,2,Comfort,3,High,15.072647425125671,Mild,20.113457610713237,40.312469061875355,11.797773542196342,3.417
1302,2024-01-01 18:04:00,20.485003597497624,Local,0.503149603848092,1,Eco,2,Moderate,22.410782965193967,Mild,64.79713177166745,26.168109579112578,7.038698415921271,3.718
1918,2024-01-01 18:05:00,3.655642357075215,Local,-0.7712199639931709,2,Comfort,2,Moderate,10.693706360805889,Mild,67.25241812869129,9.250506026403873,5.04826924046334,1.832
1206,2024-01-01 18:06:00,24.533804695712767,Local,-0.3065296644432593,3,Sport,2,Moderate,28.196010243428766,Warm,97.76391718205714,21.354900977446015,6.071759138844673,3.517
1228,2024-01-01 18:07:00,40.84938673371116,Local,0.2230159296241733,2,Comfort,2,Moderate,-3.9784835410530177,Mild,48.91826672754205,14.939461395841535,7.299706795189996,2.047
1852,2024-01-01 18:08:00,61.269690895147185,City,-1.778786865109171,1,Eco,3,High,-3.7194417638607384,Mild,51.53065942626494,49.72638609411979,9.513081097674483,5.227
1909,2024-01-01 18:09:00,73.81549686494398,City,-2.0654902628068212,2,Comfort,1,No Traffic,27.225440058396913,Mild,36.14396650737522,24.592830597817745,9.811845362214802,2.506
1577,2024-01-01 18:10:00,109.2726860657306,Highway,2.2825314172416284,3,Sport,1,No Traffic,36.88072614063248,Warm,25.64274361898575,21.169431938751615,10.125062571299672,2.091
1074,2024-01-01 18:11:00,61.18248114605492,City,-0.397657783011474,3,Sport,1,No Traffic,23.451202049640088,Mild,81.82435942893925,8.536009973887321,6.6084506926847695,1.292
1434,2024-01-01 18:12:00,60.153077355087525,City,-0.527438342204765,1,Eco,2,Moderate,27.69377345516636,Mild,39.974485147146,12.031536573539334,6.6640037074914265,1.805
1102,2024-01-01 18:13:00,6.029161178757856,Local,-2.786327098362951,1,Eco,3,High,32.07704310481754,Warm,68.71238888240303,35.60822693797135,6.744703774969057,5.279
1421,2024-01-01 18:14:00,4.189386318746857,Local,-0.0121421844756408,2,Comfort,3,High,11.275341900861076,Mild,75.02184284363852,26.79197569547871,6.318067014745004,4.241
1703,2024-01-01 18:15:00,66.13919542996464,City,0.3250183296660003,1,Eco,3,High,-0.134885409826623,Mild,57.69893498333182,17.965762503964747,8.900721428290126,2.018
1763,2024-01-01 18:16:00,52.58143358980134,City,0.3530452257279988,3,Sport,3,High,36.989152926254334,Warm,90.10816904217532,14.92098292528522,6.842093801770185,2.181
1737,2024-01-01 18:17:00,100.70164739763584,Highway,1.242187015937306,2,Comfort,3,High,37.23567542510981,Warm,55.503587278378305,10.116938287557694,10.321292197167258,0.98
1805,2024-01-01 18:18:00,19.28155016542142,Local,-1.9351089900539291,2,Comfort,3,High,14.882825000743557,Mild,42.79268984334121,1.7915048535324485,4.288672969493141,0.418
1305,2024-01-01 18:19:00,2.9965994540459517,Local,-1.486661194616287,2,Comfort,1,No Traffic,4.77263456475762,Mild,91.6812418369298,48.859783433508504,4.208775889022274,11.609
1097,2024-01-01 18:20:00,53.88465215161511,City,1.864382791382476,2,Comfort,2,Moderate,35.15594722464951,Warm,88.92514273999652,37.68020651044043,9.052604738478204,4.162
1849,2024-01-01 18:21:00,28.4974268102709,Local,2.683023701060364,1,Eco,1,No Traffic,26.87920136883639,Mild,33.12319576611304,46.40075367418852,9.138357855722369,5.078
1797,2024-01-01 18:22:00,5.953724800660494,Local,-2.184403515796076,2,Comfort,3,High,-4.629724225386719,Mild,22.076881468313676,20.686288233074993,6.154317841947824,3.361
1334,2024-01-01 18:23:00,86.95179442171548,Highway,-0.0141026729686908,2,Comfort,2,Moderate,-0.1526134343412879,Mild,27.198844507969653,43.48219924072852,11.819785772614203,3.679
1858,2024-01-01 18:24:00,13.391159994869696,Local,-1.714942483562479,2,Comfort,2,Moderate,39.243983924728504,Warm,42.923791884305366,12.886871103299711,5.9161981937906525,2.178
1434,2024-01-01 18:25:00,72.9983400009326,City,-2.6395609898701053,3,Sport,2,Moderate,-3.2842319536334896,Mild,97.78078413933686,25.540757213987035,9.474549406699598,2.696
1446,2024-01-01 18:26:00,33.7259700200267,Local,-1.0469799712431875,3,Sport,2,Moderate,7.7149754663629935,Mild,64.681292252866,10.203724048717367,6.569593463120208,1.553
1993,2024-01-01 18:27:00,20.819526042602643,Local,-2.1378742488947236,1,Eco,3,High,19.682335511776134,Mild,49.8609385623415,38.53982455025679,7.789142621591751,4.948
1307,2024-01-01 18:28:00,45.5701827503181,Local,1.259598440605478,3,Sport,3,High,3.2960027292495493,Mild,91.09728756901973,24.930340145959523,7.316349662570011,3.407
1248,2024-01-01 18:29:00,96.17349314675444,Highway,0.2023524820286666,3,Sport,2,Moderate,5.442433886333154,Mild,56.25090651827997,26.860019625899614,10.648730919509758,2.522
1165,2024-01-01 18:30:00,47.05122922854872,Local,-2.1369931740581345,1,Eco,3,High,10.883536895290096,Mild,45.21909027208169,42.98678602220793,8.485056151679624,5.066
1480,2024-01-01 18:31:00,90.09235790532668,Highway,-2.944550469566914,1,Eco,2,Moderate,7.129942074532911,Mild,95.2975622996526,36.98694913157782,10.793116115064636,3.427
1983,2024-01-01 18:32:00,15.058355615898083,Local,1.848942294145276,2,Comfort,3,High,31.151030256400325,Warm,87.96141329541425,48.31667124095936,6.462725307747268,7.476
1334,2024-01-01 18:33:00,92.7325703598095,Highway,-1.9428335630145148,2,Comfort,2,Moderate,17.512351302667216,Mild,87.49347003355527,20.32626635921395,8.402295310665172,2.419
1541,2024-01-01 18:34:00,28.431998988797837,Local,0.6372998533245959,1,Eco,3,High,7.537906640992469,Mild,60.98277944401705,23.12659065131235,5.820101826459235,3.974
1758,2024-01-01 18:35:00,81.28717558666473,Highway,-0.9784685215395266,2,Comfort,1,No Traffic,9.089321507261428,Mild,83.1550719052364,30.80540041941315,9.60136677896123,3.208
1105,2024-01-01 18:36:00,67.89378658091957,City,0.5129156298902133,2,Comfort,1,No Traffic,-3.206076818538588,Mild,34.34826874116415,22.720291329559892,8.521166574133657,2.666
1562,2024-01-01 18:37:00,111.49736606540247,Highway,-1.106078238106056,2,Comfort,3,High,-2.777356571860598,Mild,65.85783660449948,21.03880744544787,10.295601726128082,2.043
1080,2024-01-01 18:38:00,46.47870215703768,Local,-2.4783626358464748,1,Eco,3,High,27.305840486149783,Mild,98.70767382780366,17.094529922304538,5.791830811585998,2.951
1132,2024-01-01 18:39:00,7.939822660132854,Local,-1.6622999486534784,3,Sport,1,No Traffic,0.080987668200132,Mild,43.27667444143693,41.61102254442192,7.105530468729163,5.856
1796,2024-01-01 18:40:00,2.2986582661503485,Local,-1.8716486011255464,3,Sport,3,High,16.410854860680182,Mild,83.54818633981401,26.721119245770673,5.071893286736021,5.268
1899,2024-01-01 18:41:00,99.22302731673038,Highway,-0.4318838853621369,1,Eco,2,Moderate,32.90645392851086,Warm,59.23827257664538,30.409416145960616,10.41413122011062,2.92
1137,2024-01-01 18:42:00,62.96827651937186,City,0.9497027005569444,1,Eco,3,High,11.580407757724052,Mild,23.184454657766985,10.28336914248551,7.808207530895087,1.317
1183,2024-01-01 18:43:00,93.02928622019392,Highway,-1.4171635503218547,2,Comfort,3,High,10.558850215481767,Mild,81.04155182525339,12.663646372516444,8.392009747973068,1.509
1400,2024-01-01 18:44:00,28.131072001381764,Local,-2.9275803881962923,1,Eco,1,No Traffic,34.28717241041373,Warm,33.48553155136902,17.055681100197948,7.301242040850838,2.336
1329,2024-01-01 18:45:00,41.410049461588045,Local,0.1136241855885415,1,Eco,1,No Traffic,33.918267849235264,Warm,70.51788537062001,23.32191191777741,7.536274641975561,3.095
1784,2024-01-01 18:46:00,3.6124646653582726,Local,0.6345569361538326,1,Eco,3,High,34.60615606571277,Warm,26.85313552375783,2.291972450187368,5.430475648536505,0.422
1507,2024-01-01 18:47:00,115.37907894889346,Highway,2.777222964010858,1,Eco,2,Moderate,20.73612820592915,Mild,95.74939179967718,44.43072894321065,13.02508435847219,3.411
1851,2024-01-01 18:48:00,80.14414880409761,Highway,0.5368248185594808,2,Comfort,3,High,37.85369231079672,Warm,43.33791097442887,45.19524149720645,12.140400801097648,3.723
1983,2024-01-01 18:49:00,111.98461053111674,Highway,-0.1729646437311487,2,Comfort,2,Moderate,31.853377651781976,Warm,38.11717533419159,33.11782801061205,12.80375962864762,2.587
1068,2024-01-01 18:50:00,31.85956889148868,Local,0.4404097553862227,1,Eco,2,Moderate,13.703549212856592,Mild,30.330912325306745,15.871036424380495,6.27494965851933,2.529
1545,2024-01-01 18:51:00,73.3756333470793,City,2.567403779172162,1,Eco,3,High,23.329981387301725,Mild,95.68017546712382,19.32738340264677,8.862769694120686,2.181
1773,2024-01-01 18:52:00,81.41999619511654,Highway,1.9702688736098777,3,Sport,2,Moderate,0.4805087241239363,Mild,76.95229939530441,36.729144843667186,8.2175495312385,4.47
1052,2024-01-01 18:53:00,38.10596403091061,Local,-1.062127599817152,3,Sport,1,No Traffic,19.809948367788316,Mild,79.3328710974471,14.385921173465643,6.086459567922476,2.364
1449,2024-01-01 18:54:00,101.7731082018756,Highway,-1.5764738180571765,1,Eco,2,Moderate,6.84170875994209,Mild,59.95236491041957,30.485009328390458,11.254611415920907,2.709
1204,2024-01-01 18:55:00,113.65937554802974,Highway,-1.4241983258035582,3,Sport,2,Moderate,7.759625193011599,Mild,57.978222821638674,45.32292679918228,11.918862590466215,3.803
1125,2024-01-01 18:56:00,106.18261412352052,Highway,0.0265262382912778,3,Sport,2,Moderate,0.6573204817566172,Mild,28.80169943931813,20.58134681968336,9.877190267568109,2.084
1746,2024-01-01 18:57:00,88.6880371127247,Highway,1.4642967073714672,2,Comfort,1,No Traffic,11.118965060826692,Mild,64.78728764671934,29.393733321746375,9.923031200641674,2.962
1042,2024-01-01 18:58:00,33.295761566994486,Local,0.0193152430977727,2,Comfort,1,No Traffic,16.662564863462094,Mild,39.75331960870324,46.43663037473301,10.292877466765455,4.512
1751,2024-01-01 18:59:00,33.79392505267581,Local,-2.5932216250313243,2,Comfort,3,High,22.01594985340884,Mild,98.17162662403248,17.09502013885754,5.088994665600117,3.359
1970,2024-01-01 19:00:00,115.60323845352455,Highway,1.3414842026398857,3,Sport,2,Moderate,8.719120132118931,Mild,83.72647520121178,38.006023301101216,11.218735242497877,3.388
1882,2024-01-01 19:01:00,1.2341395122830434,Local,1.8358207720257231,1,Eco,1,No Traffic,30.651170543954116,Warm,53.03936481543101,37.78058060920161,8.111938776173048,4.657
1110,2024-01-01 19:02:00,85.92599678905734,Highway,-1.263012809281682,2,Comfort,2,Moderate,18.44319827216731,Mild,32.10730069532264,46.431910170889296,12.470717104282503,3.723
1760,2024-01-01 19:03:00,84.74953950663146,Highway,0.9847544357001023,3,Sport,2,Moderate,23.71234490300788,Mild,82.82653529110272,42.943607027239125,10.429544193267123,4.117
1662,2024-01-01 19:04:00,74.72274491397569,City,-0.44044859367364,1,Eco,3,High,7.516462404033979,Mild,29.76430136650528,37.46652636089288,10.524584660133442,3.56
1182,2024-01-01 19:05:00,118.8130615304239,Highway,2.3347161343646565,2,Comfort,2,Moderate,31.636114555551913,Warm,35.14670027976564,31.86211986240249,14.580215622987744,2.185
1847,2024-01-01 19:06:00,37.42553229164703,Local,2.071353348964439,3,Sport,1,No Traffic,23.092350275467176,Mild,36.92164141953819,12.13529572080807,7.1864535651185335,1.689
1094,2024-01-01 19:07:00,40.796623655189784,Local,0.1525919898578536,2,Comfort,3,High,33.805693725212066,Warm,64.55125106184755,33.565368766131165,7.686088582224841,4.367
1970,2024-01-01 19:08:00,9.472728353586666,Local,1.1490332748815666,3,Sport,3,High,2.1978210522232517,Mild,82.9645323192293,13.894528960976578,5.031768186557736,2.761
1373,2024-01-01 19:09:00,53.13577638524849,City,2.300098206132624,2,Comfort,2,Moderate,12.129847011894938,Mild,45.145190297975375,22.056978307273845,7.54313896349799,2.924
1911,2024-01-01 19:10:00,31.32582314818177,Local,-0.0256979395303469,3,Sport,2,Moderate,0.0857282825766851,Mild,26.77358514202315,35.51396197803528,7.744062114947168,4.586
1519,2024-01-01 19:11:00,41.2064042613173,Local,-1.1204955570670685,1,Eco,1,No Traffic,4.698728990697662,Mild,57.16307708195353,33.7772229580821,8.184852990438884,4.127
1899,2024-01-01 19:12:00,100.14861483067531,Highway,1.521996827457487,2,Comfort,2,Moderate,12.75463770181915,Mild,79.84881929279484,20.119834735036335,9.424710103649051,2.135
1359,2024-01-01 19:13:00,112.2581416232995,Highway,-1.6796024712918494,2,Comfort,1,No Traffic,35.25618584467184,Warm,37.73310744699106,9.215516730205222,10.268154934963288,0.897
1899,2024-01-01 19:14:00,22.287968640622275,Local,-0.6688131119637477,3,Sport,2,Moderate,20.06683010823568,Mild,37.593963843149936,24.25870845894674,6.787438480334524,3.574
1695,2024-01-01 19:15:00,44.7010717864159,Local,2.1943634226407625,1,Eco,1,No Traffic,9.86702488214162,Mild,95.77816218773688,13.571648731565483,5.295165309926307,2.563
1280,2024-01-01 19:16:00,111.43566745384727,Highway,1.3465340416158904,1,Eco,2,Moderate,28.610462329581654,Warm,96.33229816953424,12.846180486797316,9.444046880208203,1.36
1194,2024-01-01 19:17:00,7.417015282706716,Local,-0.5771339685150045,2,Comfort,3,High,-4.114278221256434,Mild,99.23725856492612,16.406999913783583,4.727675737150955,3.47
1863,2024-01-01 19:18:00,11.083263373365424,Local,-1.7115329855498556,3,Sport,1,No Traffic,11.654149505920056,Mild,84.61276812598241,35.34126414843268,5.454001509394867,6.48
1194,2024-01-01 19:19:00,19.534918704747525,Local,-0.8641896550065811,2,Comfort,3,High,22.03742634670203,Mild,35.054733533435645,24.914563015195245,7.491355861927769,3.326
1666,2024-01-01 19:20:00,71.42554009522497,City,-1.295375104635402,3,Sport,3,High,21.245678673799095,Mild,36.95852166394091,18.72123174352475,8.60925025808758,2.175
1092,2024-01-01 19:21:00,18.056672520719697,Local,-1.9434642723368765,1,Eco,3,High,22.34010470991224,Mild,47.21801932179136,45.0396812283393,8.166815847448245,5.515
1671,2024-01-01 19:22:00,116.169165774088,Highway,1.4599974813939405,2,Comfort,3,High,4.517534416650971,Mild,45.45060250667927,35.368355647491484,12.879057077219567,2.746
1945,2024-01-01 19:23:00,53.60574327102244,City,-1.487580678898971,3,Sport,1,No Traffic,10.168561884706545,Mild,96.52221992624072,24.783176083830696,7.711354565086017,3.214
1060,2024-01-01 19:24:00,60.18215524201997,City,-0.2749951789934171,1,Eco,2,Moderate,36.9204453451582,Warm,83.1259186305355,21.122289305177663,8.576619120493547,2.463
1633,2024-01-01 19:25:00,29.599033896648777,Local,-0.6848433189833454,3,Sport,3,High,38.82889890790138,Warm,77.92070337292431,40.96295187776021,8.76871579712569,4.671
1050,2024-01-01 19:26:00,56.51523029216802,City,2.892464271813785,2,Comfort,2,Moderate,9.041725809935263,Mild,34.87705792465054,8.728932246980758,8.883324927027175,0.983
1402,2024-01-01 19:27:00,79.42963591644138,City,-0.6534465351106769,3,Sport,1,No Traffic,24.002666653393945,Mild,92.76204474898636,33.241280879313955,9.956587916141643,3.339
1788,2024-01-01 19:28:00,90.14125643448511,Highway,-2.5201051032194712,2,Comfort,2,Moderate,5.858355061160763,Mild,86.2296303604939,1.148663415013658,7.653605241390658,0.15
1004,2024-01-01 19:29:00,90.46416992518957,Highway,-2.461045484567496,1,Eco,1,No Traffic,11.58379001381715,Mild,33.0913473062339,0.4473395818482789,8.972010672259191,0.05
1465,2024-01-01 19:30:00,69.3469335232906,City,0.5445223281183891,3,Sport,2,Moderate,30.65506135671837,Warm,89.6936265568778,46.59600628859125,10.51746641793548,4.43
1603,2024-01-01 19:31:00,108.52317299926288,Highway,0.5961813104295937,1,Eco,1,No Traffic,17.553042850288705,Mild,41.7798029096377,25.74803005423445,10.699825097933504,2.406
1681,2024-01-01 19:32:00,98.08894167673311,Highway,-0.4874460571040702,1,Eco,1,No Traffic,33.23154819286929,Warm,26.469579666568485,15.824359535625256,9.248847022027046,1.711
1828,2024-01-01 19:33:00,90.84577376383506,Highway,-0.4089378461278219,2,Comfort,2,Moderate,23.29331105465756,Mild,72.5457845211368,39.7553405948218,10.859613507884148,3.661
1533,2024-01-01 19:34:00,6.672662601655275,Local,-2.6764045029547727,2,Comfort,3,High,23.301453331576685,Mild,72.30437275074645,49.24291749819154,8.40968278965849,5.856
1404,2024-01-01 19:35:00,0.8253554663579177,Local,0.0992790623355732,1,Eco,3,High,-3.47539873334787,Mild,27.594560765249447,1.8172481918347545,5.380791555134791,0.338
1837,2024-01-01 19:36:00,25.493673263456756,Local,0.0284368522821099,2,Comfort,2,Moderate,28.73516616588593,Warm,45.50814471492659,1.994238642901788,5.20462488362014,0.383
1512,2024-01-01 19:37:00,79.62283126961427,City,-2.102704088658333,1,Eco,3,High,39.00399375777237,Warm,99.42515698044308,42.75362441295016,8.586412041582026,4.979
1644,2024-01-01 19:38:00,49.3436986659055,Local,-2.3769636833344343,2,Comfort,3,High,16.286285211402312,Mild,74.27413336069895,27.880068508249092,8.913360287715093,3.128
1232,2024-01-01 19:39:00,48.28875111591741,Local,-2.2585650564030573,2,Comfort,1,No Traffic,2.1361006731627477,Mild,78.40601332826634,44.14881291292989,9.35949027285108,4.717
1523,2024-01-01 19:40:00,106.15042658755364,Highway,-2.3938305210524486,3,Sport,2,Moderate,38.96399521212427,Warm,37.03338284834445,34.76268954099273,12.275365088598278,2.832
1345,2024-01-01 19:41:00,107.46754177582064,Highway,0.6582491732205589,3,Sport,3,High,8.055664366803985,Mild,26.302565680313144,23.58222401237108,12.709240771713311,1.856
1045,2024-01-01 19:42:00,109.10103168643028,Highway,-1.8211040855824885,2,Comfort,3,High,13.413908008172667,Mild,42.152135179275014,8.151161648275883,10.334788220011369,0.789
1545,2024-01-01 19:43:00,37.66536918180328,Local,-1.4914190868752193,1,Eco,3,High,-1.518511365431075,Mild,39.91187081545536,19.554071233897336,7.6783004589824015,2.547
1944,2024-01-01 19:44:00,82.92669752871141,Highway,-1.9585671350913616,1,Eco,2,Moderate,-0.0123410438411646,Mild,38.76352805984425,39.37854011867924,10.024060533803484,3.928
1077,2024-01-01 19:45:00,32.59598175292436,Local,2.7470118266910184,1,Eco,3,High,4.745455175173285,Mild,35.420345750963165,11.772485725846602,5.194811009033859,2.266
1729,2024-01-01 19:46:00,22.873179968933975,Local,2.1277047789110126,2,Comfort,3,High,19.680972929059045,Mild,65.98045525243235,35.64708805014722,8.474218004455619,4.207
1812,2024-01-01 19:47:00,22.155894881684304,Local,-1.6170309758908747,2,Comfort,3,High,20.100514083898364,Mild,46.24827806734574,12.442494498420736,6.270948979324667,1.984
1922,2024-01-01 19:48:00,41.052914503631285,Local,-1.034602236467244,1,Eco,1,No Traffic,22.280972027929685,Mild,85.62760120380244,23.230365470335435,6.400194351206557,3.63
1072,2024-01-01 19:49:00,51.59491437357861,City,-1.740642946170017,3,Sport,2,Moderate,21.271763065341833,Mild,34.71579342779072,4.363057015114028,7.683796044342803,0.568
1793,2024-01-01 19:50:00,99.7139005266082,Highway,-0.0487442432350575,3,Sport,3,High,17.28566423875365,Mild,57.17016566948356,22.80442309102097,9.880613505357063,2.308
1248,2024-01-01 19:51:00,14.38693121672545,Local,-2.8823368051544787,1,Eco,1,No Traffic,31.094439457094907,Warm,21.0926269140864,30.6738569610212,7.052898434108688,4.349
1046,2024-01-01 19:52:00,88.1911016873873,Highway,1.0282080533807747,2,Comfort,2,Moderate,37.02548638182426,Warm,58.53458579641536,28.20957027634881,11.106266290814744,2.54
1120,2024-01-01 19:53:00,63.77458970271664,City,0.1389488989058498,2,Comfort,1,No Traffic,7.13925999756532,Mild,24.467057670117953,20.38267906837574,9.4358341225549,2.16
1213,2024-01-01 19:54:00,34.5534411211191,Local,2.39183356980662,1,Eco,1,No Traffic,0.8587157037895707,Mild,98.21788094981147,18.547794259291067,5.904087430451772,3.142
1238,2024-01-01 19:55:00,59.13835014393895,City,-2.0136438940295154,3,Sport,2,Moderate,14.12892822576811,Mild,83.24737029203303,13.842397998046424,7.645476048279455,1.811
1055,2024-01-01 19:56:00,35.993048373242715,Local,1.8246554763667897,1,Eco,3,High,-3.810993120771083,Mild,59.20891813091643,38.37849287879962,8.05729453395257,4.763
1349,2024-01-01 19:57:00,71.52983462859672,City,1.7517660868002949,1,Eco,3,High,34.74934931702544,Warm,26.926988654348023,39.1536410748431,11.202877388303396,3.495
1106,2024-01-01 19:58:00,52.061270742629304,City,-2.2369128646986782,1,Eco,1,No Traffic,5.786781711084586,Mild,67.39563526323315,24.20307474169559,7.05694678612681,3.43
1830,2024-01-01 19:59:00,19.728663489465447,Local,-0.6086446551352345,3,Sport,2,Moderate,19.718348338673273,Mild,80.70110005615021,19.189832068237003,6.591185629588439,2.911
1047,2024-01-01 20:00:00,13.989968946683607,Local,-1.9790841531328984,1,Eco,2,Moderate,0.179274545341407,Mild,35.257380240379625,31.907406317905156,7.014448274730731,4.549
1572,2024-01-01 20:01:00,65.60348184865562,City,-1.4716769972547066,3,Sport,3,High,19.89658026594779,Mild,65.45666726299928,27.930842872549057,8.765663098031315,3.186
1336,2024-01-01 20:02:00,108.2895639943324,Highway,-1.420522951016734,2,Comfort,1,No Traffic,-3.245294619416102,Mild,85.13687187062943,33.39604777384198,8.611700436422705,3.878
1025,2024-01-01 20:03:00,41.27492238692226,Local,0.3374183641546366,3,Sport,3,High,29.596301301507637,Warm,81.4598222117053,15.370175057312576,6.228332863881574,2.468
1803,2024-01-01 20:04:00,87.96001286671479,Highway,-0.531534409437207,3,Sport,2,Moderate,37.99396581897616,Warm,84.23936142937224,39.43864300842609,10.022572899767209,3.935
1256,2024-01-01 20:05:00,79.03936259277204,City,2.686396824037832,1,Eco,2,Moderate,8.813922922461794,Mild,90.34587398957758,15.905466261519296,8.292146383352701,1.918
1007,2024-01-01 20:06:00,111.78658971713772,Highway,-2.241779148317969,2,Comfort,3,High,6.619657470443167,Mild,95.01456817275762,20.994291266545545,9.70222351102169,2.164
1624,2024-01-01 20:07:00,98.5177220758969,Highway,2.8421528091011927,1,Eco,3,High,15.15977372140781,Mild,52.44169241628288,6.707894137432813,10.37281754596104,0.647
1866,2024-01-01 20:08:00,67.99263106865556,City,-1.6161681587144163,3,Sport,2,Moderate,22.898814711266912,Mild,65.50152820183018,42.78292918241666,10.041818168827458,4.26
1252,2024-01-01 20:09:00,78.84365978809288,City,1.6372436182911183,3,Sport,1,No Traffic,3.50331078963136,Mild,83.25276208364886,32.24925994391223,10.453826517346732,3.085
1691,2024-01-01 20:10:00,107.80637599008418,Highway,-0.9661804429630716,1,Eco,2,Moderate,31.14885987682949,Warm,75.77118511566266,11.840824233641625,10.027147698947632,1.181
1718,2024-01-01 20:11:00,47.94225415043218,Local,-2.141511627496117,2,Comfort,1,No Traffic,3.934066600768485,Mild,99.6416182611503,42.60073088473534,9.989508373991296,4.265
1302,2024-01-01 20:12:00,39.215364702933286,Local,2.1473351114774397,3,Sport,3,High,-4.75366010073314,Mild,21.09421208837153,35.269171098302394,9.41256593080135,3.747
1638,2024-01-01 20:13:00,1.2973300362235607,Local,-1.1468346045812208,3,Sport,3,High,18.591276261350853,Mild,48.41065722526325,22.164794749562244,5.361249136445792,4.134
1055,2024-01-01 20:14:00,99.18612890297572,Highway,0.9531324253610532,3,Sport,1,No Traffic,0.18173700246603,Mild,42.4822341016162,49.49315728143022,12.65343766235396,3.911
1725,2024-01-01 20:15:00,96.1176840484038,Highway,0.3986621105197594,2,Comfort,2,Moderate,26.420742642417885,Mild,40.98526801324277,16.92676652804566,9.693771332809296,1.746
1525,2024-01-01 20:16:00,12.534542172018169,Local,-0.1694621436547541,1,Eco,2,Moderate,2.5361498140827337,Mild,37.802382599910864,5.06752338015368,6.380680982471641,0.794
1473,2024-01-01 20:17:00,69.22288573592402,City,-0.0250831641087652,2,Comfort,1,No Traffic,31.782117798401593,Warm,76.72990726521832,36.69960651427487,8.954668932969986,4.098
1027,2024-01-01 20:18:00,55.67780378002649,City,1.3934274845537251,2,Comfort,1,No Traffic,16.16656597941991,Mild,26.780757862025748,37.87674708488328,10.032117778329113,3.776
1982,2024-01-01 20:19:00,14.245091461093375,Local,-2.473362515259357,3,Sport,1,No Traffic,20.482505707749812,Mild,79.32870671546706,3.0423587911737924,4.599776488968724,0.661
1077,2024-01-01 20:20:00,117.66818724728682,Highway,1.0090839717474314,2,Comfort,1,No Traffic,3.3963324386220286,Mild,75.47406736130188,40.98901418799399,13.107109191138544,3.127
1215,2024-01-01 20:21:00,25.763506495602652,Local,2.374872608391472,3,Sport,2,Moderate,1.6009634888708293,Mild,40.06433060007171,38.819481542287306,7.492292684630011,5.181
1385,2024-01-01 20:22:00,8.068101610867338,Local,-2.653270817880815,2,Comfort,3,High,23.40816099340954,Mild,40.2267026532129,46.48685895409668,8.685222823844319,5.352
1364,2024-01-01 20:23:00,71.38168554022914,City,-2.156079964598,2,Comfort,2,Moderate,6.495727690375833,Mild,70.30884682756017,6.015601215389131,8.094745968657513,0.743
1665,2024-01-01 20:24:00,88.66400125596392,Highway,1.2997916202121882,1,Eco,1,No Traffic,12.3666505742991,Mild,80.97368843869423,30.080396958216944,9.959544729867275,3.02
1525,2024-01-01 20:25:00,3.893213525662435,Local,-0.3763101105322946,2,Comfort,2,Moderate,16.575211927164368,Mild,90.11884904698924,11.04918482700612,4.232588772733192,2.611
1698,2024-01-01 20:26:00,79.04611664724266,City,-0.5787082751178696,1,Eco,1,No Traffic,5.333512251142286,Mild,88.17116510835805,20.032153457246572,8.68274987827605,2.307
1311,2024-01-01 20:27:00,63.875025114174534,City,-2.178200192734585,3,Sport,1,No Traffic,30.794071475186666,Warm,97.19063953310824,13.328032372211322,7.189541363072015,1.854
1882,2024-01-01 20:28:00,12.39180106500581,Local,0.0406202443067282,3,Sport,1,No Traffic,37.27409840090075,Warm,66.51079162692089,22.51995533000206,4.649586286922574,4.843
1006,2024-01-01 20:29:00,20.702865233563447,Local,-2.240728132821737,1,Eco,1,No Traffic,14.435192292710248,Mild,92.69244490722878,5.732528788205115,5.491309718451603,1.044
1002,2024-01-01 20:30:00,68.15691567792966,City,-0.1402772621367578,3,Sport,2,Moderate,36.28967730199437,Warm,84.68106186083287,15.24542384217846,6.922491710710851,2.202
1622,2024-01-01 20:31:00,35.5629136215946,Local,1.5816917937699395,3,Sport,1,No Traffic,34.72072678040613,Warm,91.57340994512109,3.63884456112516,5.749253316154814,0.633
1918,2024-01-01 20:32:00,112.59788743815793,Highway,-1.450413852677019,2,Comfort,2,Moderate,2.4721252924056607,Mild,20.93012810282933,24.64241620375295,11.485497248538772,2.146
1749,2024-01-01 20:33:00,98.24882753808608,Highway,-0.1152829909216359,1,Eco,2,Moderate,2.8021875620310945,Mild,97.27223934926488,14.904492161443653,8.27549031120594,1.801
1362,2024-01-01 20:34:00,118.02806478163956,Highway,2.9520958163810143,3,Sport,3,High,16.483227766167264,Mild,57.882413027718265,29.55639673555663,12.268679999879152,2.409
1750,2024-01-01 20:35:00,31.16050067404968,Local,1.1199025401242233,1,Eco,2,Moderate,18.663573065437912,Mild,83.85463916598744,22.876664452866397,6.5992516748154895,3.467
1507,2024-01-01 20:36:00,116.36683593575724,Highway,2.0481406278311916,2,Comfort,3,High,10.35083765435762,Mild,30.17632954702247,12.268269169427224,11.53534734119827,1.064
1273,2024-01-01 20:37:00,51.748064374986946,City,-0.5109143606367255,3,Sport,3,High,9.081444092737774,Mild,51.67528766511793,5.236716907936931,7.690802956579649,0.681
1505,2024-01-01 20:38:00,41.70225543765056,Local,1.6071655387551314,3,Sport,3,High,14.411528041069552,Mild,41.71685304167927,37.69050275151116,8.423733323974009,4.474
1805,2024-01-01 20:39:00,6.041943236322389,Local,-2.756944962352069,1,Eco,2,Moderate,26.07156766296404,Mild,43.33270164007496,31.693314448880116,5.858209036179274,5.41
1738,2024-01-01 20:40:00,6.3318309431523145,Local,-2.2625329047465303,3,Sport,3,High,-1.2022865144653516,Mild,29.860449596070534,1.7432068163460526,3.909517138328173,0.446
1882,2024-01-01 20:41:00,83.04135071359856,Highway,-1.7815764424796272,1,Eco,1,No Traffic,26.976190158055317,Mild,84.46110660344056,49.46934144253366,10.06896989792545,4.913
1014,2024-01-01 20:42:00,54.95147933208335,City,-0.5882884523086824,3,Sport,2,Moderate,36.68081177344607,Warm,20.73938516648625,32.16026470242126,9.797445313707987,3.283
1191,2024-01-01 20:43:00,27.18259512433269,Local,2.0744692699545793,2,Comfort,1,No Traffic,29.35780189784633,Warm,45.0004365588162,10.438321258149504,5.695526763934025,1.833
1984,2024-01-01 20:44:00,73.67643675902792,City,-0.9224036952724172,2,Comfort,2,Moderate,3.625458535577158,Mild,33.9528434573132,42.040793966391384,10.100377885398457,4.162
1630,2024-01-01 20:45:00,30.34297419001334,Local,0.9277271610927772,1,Eco,3,High,-1.0633465050286124,Mild,67.12311524866723,44.11682601815164,7.030465687659985,6.275
1484,2024-01-01 20:46:00,69.31581052133072,City,1.2558857688209004,3,Sport,3,High,17.067118404529253,Mild,40.340192209163504,28.726901299887015,11.391992464911594,2.522
1027,2024-01-01 20:47:00,43.10504963792284,Local,0.5170941245300487,3,Sport,2,Moderate,38.03827401305442,Warm,40.71987636224797,44.29005267402208,8.706208420218035,5.087
1713,2024-01-01 20:48:00,98.82626719341827,Highway,-0.8565481909791828,1,Eco,3,High,31.857667932496938,Warm,59.067051519625494,1.5556709948216323,8.593772709941987,0.181
1038,2024-01-01 20:49:00,98.48353929201352,Highway,0.4623200502812654,2,Comfort,1,No Traffic,20.32301375558468,Mild,72.21512314727406,47.263818887251944,11.657536099245636,4.054
1952,2024-01-01 20:50:00,57.28204777468816,City,-0.9464064432615228,2,Comfort,1,No Traffic,1.434164053791676,Mild,29.70437636521309,2.954460342938083,7.381424349959702,0.4
1272,2024-01-01 20:51:00,42.09829312020187,Local,-2.4967575686879275,2,Comfort,3,High,27.1226551950218,Mild,34.040916197239696,32.15526419162585,8.501456540050832,3.782
1230,2024-01-01 20:52:00,43.507175587091346,Local,2.956823869116086,1,Eco,2,Moderate,31.58492073734041,Warm,39.77397956756141,17.360142383296022,7.614108672803323,2.28
1085,2024-01-01 20:53:00,96.68574308018614,Highway,-2.236905278204935,2,Comfort,2,Moderate,37.07811113916294,Warm,97.89985712943684,2.061686337163648,7.809906302325479,0.264
1473,2024-01-01 20:54:00,39.38153793571344,Local,-2.565909696983656,1,Eco,1,No Traffic,22.545230537196183,Mild,51.772199995433624,46.471486516065475,8.248060732928426,5.634
1125,2024-01-01 20:55:00,25.087124844821524,Local,2.2711844952429354,2,Comfort,3,High,18.150961659043386,Mild,67.91920725048212,6.854347196844831,4.332929602453768,1.582
1811,2024-01-01 20:56:00,10.16260102503682,Local,-1.1889920346426293,2,Comfort,3,High,22.863191960545567,Mild,39.32342501727823,42.70183495245655,7.64599200700095,5.585
1536,2024-01-01 20:57:00,56.00317450612901,City,0.9017818444410456,1,Eco,1,No Traffic,37.446362709634506,Warm,59.23676201259903,16.58421594989688,7.940829094417979,2.088
1144,2024-01-01 20:58:00,57.855851870381024,City,-1.025965622026603,3,Sport,2,Moderate,23.265718877797788,Mild,25.92953395087665,37.0840837365891,8.800157389751497,4.214
1524,2024-01-01 20:59:00,100.90904524834886,Highway,-0.6512743752331733,3,Sport,3,High,6.591633222716842,Mild,22.779371673786155,12.785617411426111,10.20729585224838,1.253
1211,2024-01-01 21:00:00,26.548643573527677,Local,-1.427322167899221,3,Sport,2,Moderate,23.62681335740558,Mild,57.49868214571681,29.21335349261005,7.967218565706869,3.667
1024,2024-01-01 21:01:00,45.71895284020799,Local,-0.9417359652419388,2,Comfort,2,Moderate,34.588505776069965,Warm,51.892743001472965,39.997734976532456,9.212683205631624,4.342
1579,2024-01-01 21:02:00,97.00868866724292,Highway,-0.5357975964807413,2,Comfort,1,No Traffic,20.51509128682076,Mild,30.950425575346216,28.352373533473585,11.086361517379604,2.557
1393,2024-01-01 21:03:00,98.83483328987684,Highway,1.322496414554058,3,Sport,2,Moderate,17.621447260436835,Mild,75.0081143136587,15.39697292578397,10.217808859912624,1.507
1066,2024-01-01 21:04:00,46.15332911745219,Local,0.0692171654087507,2,Comfort,1,No Traffic,28.00161622761316,Warm,99.43227927194116,11.74844312217052,4.882329393113864,2.406
1232,2024-01-01 21:05:00,55.094882794401705,City,2.661391302941862,2,Comfort,3,High,24.74449128151655,Mild,51.651745695737,8.822799279409557,6.741795694442473,1.309
1108,2024-01-01 21:06:00,36.39430690191395,Local,-2.748717636967347,3,Sport,2,Moderate,-2.449058047083999,Mild,69.96469087339156,41.95674484995802,9.620654959701938,4.361
1145,2024-01-01 21:07:00,111.90658541031743,Highway,0.0184099357921692,1,Eco,1,No Traffic,27.639001340384382,Mild,97.03807538915883,30.58603699420189,8.58419061401526,3.563
1110,2024-01-01 21:08:00,14.237251888989636,Local,0.505348732990309,3,Sport,1,No Traffic,13.339724353873804,Mild,86.52279779575002,25.483028445396823,4.852630956548675,5.251
1227,2024-01-01 21:09:00,112.0499307601764,Highway,2.5211819164456433,3,Sport,2,Moderate,37.34042260138317,Warm,57.08417786421486,12.554076123053925,10.058781705921453,1.248
1110,2024-01-01 21:10:00,82.06397422024119,Highway,-2.7050488582714345,1,Eco,1,No Traffic,38.68613447883436,Warm,78.99915875679355,21.744287102179477,10.131508693831153,2.146
1469,2024-01-01 21:11:00,63.78865832240774,City,0.4409975096112961,2,Comfort,3,High,15.19324681560476,Mild,30.250803220041924,31.041134136897345,10.1206944874029,3.067
1033,2024-01-01 21:12:00,3.919087294139505,Local,2.1217795711677425,3,Sport,2,Moderate,38.59576809960652,Warm,60.968308437103936,3.68689451025114,2.526825235975099,1.459
1622,2024-01-01 21:13:00,57.071543018640995,City,-1.5484336312845806,3,Sport,3,High,8.986923173019832,Mild,42.32482217439493,18.099675335339164,9.845862928453426,1.838
1775,2024-01-01 21:14:00,48.92977260032787,Local,2.2577540911436245,2,Comfort,1,No Traffic,25.718998965339,Mild,32.89309503169289,12.051232222215964,7.982010112277488,1.51
1935,2024-01-01 21:15:00,19.346257437014707,Local,-2.885739544354249,2,Comfort,3,High,-1.6225380000762062,Mild,54.102472500362786,32.36109382248266,7.375122486658474,4.388
1368,2024-01-01 21:16:00,78.76915242007883,City,1.3947277748023783,1,Eco,1,No Traffic,1.5245206831951243,Mild,30.481164354689156,30.35282349730347,9.779356635787645,3.104
1747,2024-01-01 21:17:00,116.5381088841943,Highway,2.5986793270119186,2,Comfort,1,No Traffic,33.903665607001834,Warm,75.91880865395885,15.040833182794028,10.730587081265496,1.402
1594,2024-01-01 21:18:00,67.46265732774302,City,0.9431859698403732,3,Sport,3,High,35.22028176836336,Warm,56.49920352426684,2.1773730331325702,6.839713967561854,0.318
1553,2024-01-01 21:19:00,85.7703931732735,Highway,-0.3658245361173122,2,Comfort,2,Moderate,18.96750363863851,Mild,62.49157060517311,9.22235626525844,8.626723025567717,1.069
1424,2024-01-01 21:20:00,8.214054307922014,Local,-2.730713901163692,2,Comfort,2,Moderate,10.289804212611187,Mild,31.71007509345256,8.08709757218599,6.885967873508491,1.174
1612,2024-01-01 21:21:00,50.12003949803937,City,2.520682879935773,1,Eco,2,Moderate,15.296076929377772,Mild,31.18173288747956,28.462877314622613,9.170625673232092,3.104
1517,2024-01-01 21:22:00,13.963018219739505,Local,-0.1782226638505513,1,Eco,3,High,34.13310201150952,Warm,66.67323482080992,8.547643672083058,4.4793679023467226,1.908
1691,2024-01-01 21:23:00,73.53550026438126,City,-2.826019533984312,3,Sport,3,High,4.494704017941306,Mild,98.80077982635572,24.16848427821762,8.611302966436101,2.807
1281,2024-01-01 21:24:00,112.61785898569856,Highway,1.1389264279725717,3,Sport,3,High,8.269160408571837,Mild,27.70004665901805,30.764988982426765,13.63625591503621,2.256
1319,2024-01-01 21:25:00,79.41332789659663,City,-0.1089764785424511,2,Comfort,3,High,30.34493204137455,Warm,42.8585142852625,43.9903225916857,9.587891737820366,4.588
1737,2024-01-01 21:26:00,9.216365797730584,Local,-2.2539280953455356,3,Sport,2,Moderate,37.08712506623871,Warm,89.556729323031,12.326875392372166,5.204671799906089,2.368
1442,2024-01-01 21:27:00,42.55994459820994,Local,-1.7143691441384423,3,Sport,2,Moderate,-0.8182696993023066,Mild,25.781760980418955,9.377055518838231,6.363059879960337,1.474
1951,2024-01-01 21:28:00,66.07960553290218,City,-2.6130559172649224,2,Comfort,1,No Traffic,31.16975356085331,Warm,90.0708577093561,8.745366273339704,6.676354489783342,1.31
1314,2024-01-01 21:29:00,48.38493073599027,Local,0.4457612382514413,2,Comfort,3,High,24.028073811932096,Mild,61.9428786699801,18.085422544652907,6.4979942700761715,2.783
1876,2024-01-01 21:30:00,100.03728125702068,Highway,0.7321768755120557,2,Comfort,2,Moderate,5.3847195008822,Mild,52.66134191411407,32.494142843995185,10.421541820203242,3.118
1965,2024-01-01 21:31:00,97.7605205651987,Highway,0.034453790132666,1,Eco,2,Moderate,29.01177384991456,Warm,44.77444514811647,33.62593479391458,10.833820997368056,3.104
1740,2024-01-01 21:32:00,73.41972241238658,City,1.9026127980156895,1,Eco,2,Moderate,27.756222924969755,Mild,43.76937265022735,10.626998842765548,8.95754951257288,1.186
1376,2024-01-01 21:33:00,44.81495341592463,Local,2.1660529278480816,2,Comfort,2,Moderate,1.3913415197235135,Mild,44.4642065959583,6.648549247855816,7.38823097297058,0.9
1288,2024-01-01 21:34:00,30.640364851589297,Local,0.6937463800987596,1,Eco,2,Moderate,17.60129758351249,Mild,90.78424647681568,22.489028893055632,5.580554801360057,4.03
1436,2024-01-01 21:35:00,12.70491818557552,Local,-2.923461121755417,1,Eco,2,Moderate,29.123098728279963,Warm,77.90361841398284,7.145444969618994,5.4298058782016625,1.316
1661,2024-01-01 21:36:00,42.587722018386486,Local,1.171377934486414,1,Eco,3,High,3.619485706351563,Mild,73.57784062649205,40.664745172992106,8.28559084475082,4.908
1276,2024-01-01 21:37:00,49.58070206492634,Local,-0.4920046984778903,3,Sport,1,No Traffic,15.824471007602655,Mild,83.89993191616006,4.285684229514011,6.5541230676438555,0.654
1709,2024-01-01 21:38:00,81.09875101248883,Highway,0.3933448993583219,2,Comfort,1,No Traffic,0.4333506112890131,Mild,40.5691730403316,37.629456776770006,10.600891602053268,3.55
1581,2024-01-01 21:39:00,78.97917891570881,City,0.8944836121133064,2,Comfort,3,High,8.807571581840213,Mild,69.44342496654045,2.228130984338087,7.504562835322577,0.297
1502,2024-01-01 21:40:00,8.412976756950833,Local,-0.8985803140375395,3,Sport,2,Moderate,4.807520540569039,Mild,56.80529911663608,40.36850738815023,8.53358408164392,4.731
1623,2024-01-01 21:41:00,47.43111785173893,Local,2.5025910310307653,1,Eco,3,High,17.728200702618516,Mild,82.59533081601546,31.394868611932665,8.463739514398117,3.709
1515,2024-01-01 21:42:00,21.81346406608343,Local,-2.1961507995013125,2,Comfort,2,Moderate,1.35469006693386,Mild,44.74048883786284,16.18641798232848,6.8447430533670355,2.365
1349,2024-01-01 21:43:00,18.81752463801668,Local,1.0290708436862248,1,Eco,2,Moderate,12.24178399266308,Mild,71.45428934959166,20.335372888754243,5.927445488899379,3.431
1842,2024-01-01 21:44:00,99.27625796846952,Highway,-2.9738425202605177,3,Sport,2,Moderate,7.382330724354674,Mild,90.57699294538509,33.713500303809866,11.250422679923624,2.997
1445,2024-01-01 21:45:00,5.029826005950904,Local,2.5479066324310846,1,Eco,2,Moderate,28.57220113931395,Warm,52.172038095594296,9.362844385665555,5.149361393383246,1.818
1829,2024-01-01 21:46:00,50.30194510825456,City,-2.3249752005714512,3,Sport,2,Moderate,26.48513979109047,Mild,25.329766989396916,44.527001387562905,10.37739285758672,4.291
1349,2024-01-01 21:47:00,20.184438691982184,Local,-2.4306946191145524,3,Sport,3,High,-0.7281261650469757,Mild,61.28406578734342,24.196067996175543,5.283750486071134,4.579
1606,2024-01-01 21:48:00,105.51962588141689,Highway,-1.0019542016865346,1,Eco,3,High,37.906774954506325,Warm,47.67779902456208,38.030960770293824,11.771230619865005,3.231
1663,2024-01-01 21:49:00,66.84486159300421,City,-0.7586022837655166,1,Eco,1,No Traffic,28.510731313604,Warm,73.778030443774,25.38413168614434,9.234927052917008,2.749
1822,2024-01-01 21:50:00,27.765676365221765,Local,-1.7141995660627285,2,Comfort,2,Moderate,22.718141308649574,Mild,96.08263397988848,22.668733500401903,6.567095118986305,3.452
1136,2024-01-01 21:51:00,60.291274459965166,City,0.5107299655627484,3,Sport,3,High,16.496567265310812,Mild,58.84866543974776,23.53381656164461,8.880072403053504,2.65
1758,2024-01-01 21:52:00,87.7783631643739,Highway,-0.3425154117482183,1,Eco,3,High,3.006508934444753,Mild,57.29521841244271,18.219923067594863,9.079900974599624,2.007
1898,2024-01-01 21:53:00,114.97416107033206,Highway,-2.7949464657534753,1,Eco,2,Moderate,38.29071896440572,Warm,72.36678401531682,36.66443436396091,11.736571812779244,3.124
1242,2024-01-01 21:54:00,26.45352050945027,Local,-1.0820876264681962,2,Comfort,2,Moderate,-4.646373048391632,Mild,28.279800287485415,42.323006942704126,8.798434393337583,4.81
1542,2024-01-01 21:55:00,106.3418126555214,Highway,1.862597481439023,2,Comfort,3,High,26.16165104034449,Mild,40.28049511400117,42.73439354888198,12.585735324658234,3.395
1039,2024-01-01 21:56:00,112.11649370009884,Highway,1.1382092091712117,2,Comfort,2,Moderate,17.834994604223432,Mild,93.51834604003189,6.145171125310449,9.367671768693318,0.656
1228,2024-01-01 21:57:00,109.97046534384796,Highway,1.3492251214792823,3,Sport,3,High,35.61618505110583,Warm,73.5954090691013,38.09225847699637,12.911471349282056,2.95
1547,2024-01-01 21:58:00,76.24972282342918,City,1.188701544501141,2,Comfort,1,No Traffic,12.13137757096492,Mild,21.0755235186733,10.077735523293358,9.173920160163345,1.099
1919,2024-01-01 21:59:00,75.57847853216492,City,-1.1341618717018005,3,Sport,2,Moderate,18.338998853557783,Mild,36.37003780472159,0.7076994167261783,7.785086099036407,0.091
1222,2024-01-01 22:00:00,48.38527598205873,Local,-2.4020164675393447,2,Comfort,1,No Traffic,28.405272636102374,Warm,74.62698128231193,13.845405860434408,7.013305080671224,1.974
1005,2024-01-01 22:01:00,90.28774587645457,Highway,-1.365196895801424,3,Sport,1,No Traffic,-2.8595055504864964,Mild,81.15193620500594,14.714143051774697,9.01366089656103,1.632
1321,2024-01-01 22:02:00,63.75528220211183,City,1.9907118011109557,2,Comfort,1,No Traffic,-2.5486141538740306,Mild,87.18876581392335,40.50847379876306,8.559551635852062,4.733
1467,2024-01-01 22:03:00,81.29256854739533,Highway,2.8828247866984267,3,Sport,2,Moderate,4.525273697706794,Mild,43.37414427056359,37.14557613061421,11.632526137089496,3.193
1731,2024-01-01 22:04:00,51.41494846185545,City,-0.0369179115506321,2,Comfort,1,No Traffic,1.589106258815292,Mild,94.482287702205,4.325760057377882,5.420902532552614,0.798
1074,2024-01-01 22:05:00,87.77957568517668,Highway,-2.9417978704617465,2,Comfort,3,High,-4.710043924974821,Mild,64.2357514862314,16.365469258607202,9.572869275248596,1.71
1003,2024-01-01 22:06:00,98.93658211254588,Highway,-2.159731127194626,1,Eco,3,High,23.03454199477948,Mild,75.72312179103143,12.639862349340255,8.53599251912588,1.481
1846,2024-01-01 22:07:00,17.572350792337936,Local,-1.0675165481024054,3,Sport,2,Moderate,30.817208535520336,Warm,67.73910902239264,29.81321387052307,6.273477739348631,4.752
1645,2024-01-01 22:08:00,99.95156586890737,Highway,0.4715120915576984,1,Eco,2,Moderate,38.0701739351016,Warm,29.819204373969637,27.121447465244692,11.695655055471272,2.319
1117,2024-01-01 22:09:00,64.83558381483687,City,-2.549438125168116,3,Sport,1,No Traffic,14.84051429523632,Mild,97.0491727507904,33.97774899830264,8.515942676632742,3.99
1880,2024-01-01 22:10:00,101.35990909082692,Highway,2.66014379225929,1,Eco,2,Moderate,7.587429620870575,Mild,29.830046391532218,45.545418616051016,13.039116735739512,3.493
1605,2024-01-01 22:11:00,51.756204760921754,City,-0.8094979602935957,2,Comfort,3,High,33.87561019503239,Warm,40.39055651289469,21.11157052344653,7.517972112910098,2.808
1503,2024-01-01 22:12:00,45.484858245964205,Local,2.4755053075489384,1,Eco,3,High,32.99780257777265,Warm,85.09023041783841,32.830608143883914,8.016181467775185,4.096
1997,2024-01-01 22:13:00,109.80728790206668,Highway,1.68313081654213,2,Comfort,3,High,23.11794449201665,Mild,69.48775692008812,45.92578933777613,11.555399196789892,3.974
1946,2024-01-01 22:14:00,30.140312105808157,Local,1.5326236350934863,3,Sport,2,Moderate,7.291706738887058,Mild,87.05193323010856,27.129861163084584,5.782662992913217,4.692
1573,2024-01-01 22:15:00,101.30547903433715,Highway,0.6403174786933921,2,Comfort,3,High,35.88329177076705,Warm,61.25889506992359,15.483220904507256,8.194923207874483,1.889
1440,2024-01-01 22:16:00,58.08246870112849,City,0.7607029023110679,1,Eco,2,Moderate,3.0280601511300578,Mild,50.15945882933079,20.20471770500693,6.689587119118848,3.02
1193,2024-01-01 22:17:00,61.691453106151165,City,0.8280194112974888,3,Sport,1,No Traffic,-3.0359073360341475,Mild,93.7476399638228,37.755221467230406,10.23390876504127,3.689
1846,2024-01-01 22:18:00,37.016193778738085,Local,0.7723283221534927,1,Eco,3,High,30.84782281273139,Warm,22.900185401183588,36.028556789489464,8.23799237104801,4.373
1714,2024-01-01 22:19:00,68.76506407428188,City,0.3223693883901672,2,Comfort,1,No Traffic,20.364657719550635,Mild,88.49041762824368,37.44592854415891,9.22993185568775,4.057
1391,2024-01-01 22:20:00,39.025343553145355,Local,2.9184841108973334,2,Comfort,3,High,6.091051770333632,Mild,38.46542281502253,37.19051482483939,8.032435595928831,4.63
1025,2024-01-01 22:21:00,4.712329708998277,Local,1.3937434045541766,1,Eco,3,High,25.19030480440957,Mild,87.89890622031743,46.03089904462908,7.842392865143523,5.869
1434,2024-01-01 22:22:00,32.63983264132273,Local,1.6616783303551266,3,Sport,3,High,29.502243571574432,Warm,31.13572907335085,38.223856777389805,9.87319415887762,3.871
1172,2024-01-01 22:23:00,0.7654852087908814,Local,2.2347768905020455,1,Eco,1,No Traffic,33.00456781040321,Warm,66.41751709524324,42.78631059754047,6.441106064368968,6.643
1299,2024-01-01 22:24:00,117.4025744468228,Highway,-1.706161423644905,2,Comfort,3,High,7.695670718588403,Mild,91.04863352091776,28.72821136573955,11.384709920257883,2.523
1644,2024-01-01 22:25:00,115.8896651783697,Highway,-2.4971750454296355,3,Sport,1,No Traffic,-3.8485646936622775,Mild,57.88317175191124,32.244152198414625,12.691106502306411,2.541
1325,2024-01-01 22:26:00,47.4186356966766,Local,-0.1026333804084078,1,Eco,2,Moderate,17.951746901208374,Mild,79.72533390427144,48.38920175356072,9.048057647698313,5.348
1409,2024-01-01 22:27:00,87.40450252075752,Highway,0.0844841737156389,2,Comfort,3,High,33.5235369158677,Warm,84.37372942844468,43.52801371163926,9.657024428902236,4.507
1117,2024-01-01 22:28:00,41.49673180925099,Local,1.9750906796995065,3,Sport,3,High,4.351960176787218,Mild,78.91953669734234,38.8902760077677,8.916299385363248,4.362
1835,2024-01-01 22:29:00,80.53117885031713,Highway,-0.3372985243059858,1,Eco,1,No Traffic,13.95064629033423,Mild,94.02637894996786,34.30718065298495,8.593923942246501,3.992
1786,2024-01-01 22:30:00,96.6516051655175,Highway,0.4251181532658763,3,Sport,3,High,6.538933078819992,Mild,55.74673844159429,17.990060065030068,10.342567488926948,1.739
1723,2024-01-01 22:31:00,113.61074936306888,Highway,0.1624256310807501,2,Comfort,2,Moderate,-4.398680685924064,Mild,33.85003513321246,27.451465631397618,12.79948904718384,2.145
1224,2024-01-01 22:32:00,48.02547310196064,Local,-2.7707832974556537,1,Eco,3,High,35.43358433995061,Warm,23.824885096198383,2.850896604799528,7.872945650507853,0.362
1531,2024-01-01 22:33:00,93.99575795472572,Highway,0.6912893795814838,1,Eco,2,Moderate,1.0773952019046202,Mild,39.716789571000405,20.866720805248804,9.517215335443534,2.193
1112,2024-01-01 22:34:00,31.911414075854253,Local,1.9682597146455132,2,Comfort,2,Moderate,29.50452020890781,Warm,31.45580031041937,5.683631244975548,6.546111829462769,0.868
1139,2024-01-01 22:35:00,118.8398764552378,Highway,-2.054996711545177,2,Comfort,3,High,10.597145430624725,Mild,64.63589931475843,36.45911284198589,12.285939421319576,2.968
1558,2024-01-01 22:36:00,3.092351851722137,Local,0.5659904035595744,2,Comfort,3,High,7.495685900799934,Mild,34.795626976938564,44.62665009228234,5.896497685388721,7.568
1000,2024-01-01 22:37:00,72.42345678013452,City,0.5616632666784862,1,Eco,2,Moderate,37.346299892741584,Warm,23.114696583149698,8.78674148489148,8.451078910150326,1.04
1089,2024-01-01 22:38:00,79.14071779815926,City,-2.014890215661848,2,Comfort,2,Moderate,24.57397690332891,Mild,22.879186309493427,12.359600851612363,9.814306194993526,1.259
1653,2024-01-01 22:39:00,82.56546684889545,Highway,-2.2592185576155837,1,Eco,2,Moderate,25.91151978646641,Mild,86.52555986918892,42.863349033410074,11.252502561718618,3.809
1319,2024-01-01 22:40:00,14.44650945469068,Local,2.8803116578589085,1,Eco,3,High,29.184381330423008,Warm,67.31599451544199,29.33302555239011,6.954031370847879,4.218
1549,2024-01-01 22:41:00,112.62357401677563,Highway,-0.6376849820817747,3,Sport,1,No Traffic,10.342000121019888,Mild,48.646824151470256,29.456613252974943,9.844394305634069,2.992
1804,2024-01-01 22:42:00,21.741993486009935,Local,-1.6354696276588243,2,Comfort,3,High,20.36490163130979,Mild,91.53824341921975,28.187530595828253,6.051384017179975,4.658
1893,2024-01-01 22:43:00,74.73040838878093,City,-1.9720527332737503,2,Comfort,1,No Traffic,7.160050482109854,Mild,25.615728912617087,10.991211960188553,8.05855226216716,1.364
1138,2024-01-01 22:44:00,26.721129494770196,Local,1.0056102814994103,3,Sport,1,No Traffic,32.55436819645911,Warm,98.42576581822608,12.240820458500812,5.402127586361734,2.266
1510,2024-01-01 22:45:00,36.865970042552505,Local,0.6566717839636729,1,Eco,3,High,21.9688320684397,Mild,69.30334322035688,47.487191462390555,8.922506596975975,5.322
1867,2024-01-01 22:46:00,65.57502500737492,City,0.8613127379245049,1,Eco,1,No Traffic,5.953307171850293,Mild,34.67714031750788,36.201160590129426,10.967879329560464,3.301
1844,2024-01-01 22:47:00,50.06321022774918,City,-2.4719638349312865,1,Eco,2,Moderate,35.48912828448002,Warm,74.32552791815749,4.612680904561212,6.482872604044193,0.712
1258,2024-01-01 22:48:00,19.227072117180754,Local,2.3612075009906217,2,Comfort,3,High,21.13780002177333,Mild,81.070500782685,11.224619755764753,4.008318920733973,2.8
1672,2024-01-01 22:49:00,20.512368290501794,Local,-0.6644016191457105,1,Eco,1,No Traffic,17.27637264658359,Mild,54.34742266966196,31.39306450692574,6.073409592440918,5.169
1901,2024-01-01 22:50:00,50.17737457953596,City,-1.1197835614178524,3,Sport,2,Moderate,-3.4480586105614783,Mild,88.9306084996438,14.24492280750508,6.2909948388335115,2.264
1689,2024-01-01 22:51:00,90.87395739306008,Highway,-0.225831316513565,1,Eco,1,No Traffic,35.94109023222756,Warm,32.058592583717626,12.661509434729982,10.378646366287482,1.22
1009,2024-01-01 22:52:00,107.75575762173465,Highway,-0.6596036055142305,2,Comfort,1,No Traffic,37.852326221412014,Warm,42.307006686208666,10.197164850856684,11.263044916599744,0.905
1260,2024-01-01 22:53:00,10.09531947112594,Local,2.181462018834875,2,Comfort,2,Moderate,20.316938252701178,Mild,27.47938892671918,9.367770490478913,5.637620358439522,1.662
1918,2024-01-01 22:54:00,47.17246890712813,Local,2.5755658511873527,1,Eco,2,Moderate,14.913100912655082,Mild,36.87022724858817,30.705196030334847,9.120354378308315,3.367
1649,2024-01-01 22:55:00,12.029467646745196,Local,-1.1792807013023627,1,Eco,3,High,11.180427970211063,Mild,39.0983049528916,45.30185631169719,6.781040062067481,6.681
1171,2024-01-01 22:56:00,1.991097675911746,Local,2.1836148447597292,2,Comfort,1,No Traffic,7.062159214121605,Mild,93.4106552737368,18.120479612881,4.948053515604246,3.662
1897,2024-01-01 22:57:00,79.4062419172748,City,1.6891387771984032,1,Eco,3,High,20.85382020118928,Mild,26.248775100092494,6.163279208670973,9.229066247215789,0.668
1012,2024-01-01 22:58:00,72.29393303599053,City,2.584846034068571,3,Sport,3,High,0.7642773856554417,Mild,54.193209615016755,6.3025372000029,10.07472370454241,0.626
1167,2024-01-01 22:59:00,19.562293657786345,Local,-1.525498126884673,2,Comfort,1,No Traffic,36.36281237103131,Warm,62.59189497815304,46.6911162744424,8.99881197547201,5.189
1641,2024-01-01 23:00:00,28.057539971167692,Local,0.4617549007258743,1,Eco,1,No Traffic,2.9181432126019367,Mild,91.89544430417288,26.48390035808166,6.257863432820594,4.232
1595,2024-01-01 23:01:00,2.8449304373422057,Local,-1.3527324915573322,1,Eco,3,High,28.54809680545828,Warm,99.81569749289709,23.36764698281991,6.261772806888838,3.732
1320,2024-01-01 23:02:00,100.19366468332844,Highway,1.9445669429062455,1,Eco,2,Moderate,8.809949756589317,Mild,80.27104919358686,44.54798807311034,12.876260548484655,3.46
1318,2024-01-01 23:03:00,116.96287152582616,Highway,-2.9680548565736142,3,Sport,3,High,5.1731984955405235,Mild,97.66327924552236,25.40493557369793,11.706389209790846,2.17
1612,2024-01-01 23:04:00,16.255144415362896,Local,0.3889149773183766,2,Comfort,1,No Traffic,20.104113070965088,Mild,82.96809060286989,24.081884753145463,6.381310863173364,3.774
1328,2024-01-01 23:05:00,27.777025651835775,Local,-0.9647794123684924,3,Sport,2,Moderate,29.430624152177728,Warm,97.05621127771332,46.33996142675817,8.495651922954885,5.455
1784,2024-01-01 23:06:00,104.20914287363208,Highway,-1.0638977575330786,1,Eco,3,High,27.70315010231416,Mild,76.58165807555642,23.77551023540282,9.445823378915138,2.517
1776,2024-01-01 23:07:00,111.17565575474218,Highway,0.8694379431895021,3,Sport,1,No Traffic,5.519035790374337,Mild,26.381074036085685,19.608957681122774,10.852291070853392,1.807
1970,2024-01-01 23:08:00,50.35528593681724,City,2.108906695883963,1,Eco,2,Moderate,9.872605762132045,Mild,52.15361495941412,29.12494038513802,7.382374115984413,3.945
1910,2024-01-01 23:09:00,6.074696672288895,Local,0.6551723483599572,1,Eco,2,Moderate,34.09744823501693,Warm,71.72778270419764,48.86385342353711,8.049353564127875,6.071
1919,2024-01-01 23:10:00,4.727020043138328,Local,2.1190378718803347,2,Comfort,2,Moderate,27.545968503238363,Mild,48.05748075634008,48.19506922575714,7.822995144791869,6.161
1549,2024-01-01 23:11:00,68.87398392828125,City,-1.4124173287138202,2,Comfort,1,No Traffic,27.071225740865295,Mild,41.87071344910229,38.80251006070298,9.982413419504658,3.887
1418,2024-01-01 23:12:00,47.14741306718148,Local,0.1170111285898869,1,Eco,3,High,7.100728434935094,Mild,66.19194137064727,25.014114878442815,8.096755282441288,3.089
1605,2024-01-01 23:13:00,3.438291309318542,Local,-0.2967807655975436,1,Eco,1,No Traffic,30.6401938453496,Warm,94.6801501361948,44.084939247651185,6.449309670909445,6.836
1094,2024-01-01 23:14:00,69.9902870775068,City,-2.9301306029814227,1,Eco,1,No Traffic,11.1288007944597,Mild,22.798549881292285,21.02721062112032,9.162857852617451,2.295
1816,2024-01-01 23:15:00,1.3563043906826966,Local,0.3408728588444409,2,Comfort,2,Moderate,13.062573407168944,Mild,81.53849628331501,32.043137932542514,5.485474156955648,5.841
1580,2024-01-01 23:16:00,94.48463497791276,Highway,0.9691459448770496,2,Comfort,3,High,7.940249005032673,Mild,77.81818224357016,9.053399497425028,8.79628823669384,1.029
1317,2024-01-01 23:17:00,36.77193872440459,Local,0.5514864265144204,1,Eco,2,Moderate,0.4625611167658876,Mild,97.11627403106296,33.098253573419015,6.00830536509647,5.509
1955,2024-01-01 23:18:00,4.830960361107852,Local,1.417679392700529,2,Comfort,1,No Traffic,13.917710334810916,Mild,94.45689778660348,13.877685209814697,3.7777753858632392,3.674
1235,2024-01-01 23:19:00,70.60226651797839,City,0.4280371707184627,1,Eco,2,Moderate,-4.2377224134934135,Mild,80.97860496353543,38.61047378457925,9.775726086206154,3.95
1945,2024-01-01 23:20:00,47.72212973196656,Local,-2.5994984708954583,3,Sport,1,No Traffic,15.515960774226688,Mild,61.632701174607895,20.76060404956395,6.773985066818514,3.065
1333,2024-01-01 23:21:00,116.85604960285794,Highway,-2.301326855491731,2,Comfort,1,No Traffic,27.62528971464188,Mild,36.34140425868159,19.9806482488787,13.538768603557807,1.476
1884,2024-01-01 23:22:00,65.30383950044427,City,0.5788474652637143,1,Eco,1,No Traffic,38.23352647440138,Warm,63.61885746604595,37.3542246076343,9.476273956925551,3.942
1375,2024-01-01 23:23:00,33.02870172444099,Local,-1.350124848158159,3,Sport,2,Moderate,-1.4624084945284963,Mild,81.22815951357231,21.323400094577018,6.123391418664511,3.482
1458,2024-01-01 23:24:00,85.13266375607697,Highway,-2.5221292257914047,1,Eco,3,High,7.658081687897278,Mild,91.65353701103145,35.729665726757396,10.823718388379156,3.301
1136,2024-01-01 23:25:00,32.57904030512536,Local,-0.4223835393087194,3,Sport,2,Moderate,17.23589732252651,Mild,83.17696073684392,42.76777147127445,9.05945368421318,4.721
1929,2024-01-01 23:26:00,108.5091949689078,Highway,0.3259355885019319,2,Comfort,1,No Traffic,2.6674576915862342,Mild,35.62135481528432,6.930243870488757,10.677417830435257,0.649
1587,2024-01-01 23:27:00,44.96663646088517,Local,-1.027524069902361,2,Comfort,2,Moderate,0.25728349343371,Mild,67.97490513824475,24.0032475002668,6.813620658905813,3.523
1994,2024-01-01 23:28:00,65.98422753314463,City,1.322602213354668,1,Eco,1,No Traffic,15.354314745274774,Mild,46.57387676250856,47.25108533887077,10.495781035533843,4.502
1546,2024-01-01 23:29:00,6.068772458907463,Local,0.8626236486074679,2,Comfort,3,High,21.132873800149305,Mild,20.736453391251437,40.62785442666596,7.900837527857701,5.142
1512,2024-01-01 23:30:00,51.134548554267695,City,-1.0030898334499685,2,Comfort,3,High,31.9093476945863,Warm,36.01767486309328,48.683252072816394,10.249832383095992,4.75
1295,2024-01-01 23:31:00,99.8836247593194,Highway,1.5292351734513634,3,Sport,1,No Traffic,39.90115398073805,Warm,29.057651994675943,43.02939199192856,12.386071678667948,3.474
1319,2024-01-01 23:32:00,96.67785664360105,Highway,0.8921702551982129,2,Comfort,3,High,29.84218509942331,Warm,87.41752988315748,15.579968914162247,9.236255850923255,1.687
1917,2024-01-01 23:33:00,26.91822706242315,Local,0.8246722723074127,3,Sport,1,No Traffic,4.9603203384844115,Mild,40.68050017182496,9.039715241920597,7.600612956744321,1.189
1571,2024-01-01 23:34:00,27.12948852126752,Local,0.3205662047224082,3,Sport,2,Moderate,28.65901309425614,Warm,42.77583751100444,10.606036041798935,5.632970208949721,1.883
1831,2024-01-01 23:35:00,98.07663746558842,Highway,-2.9316619914686832,3,Sport,2,Moderate,19.171913094358704,Mild,96.79492574391074,10.922947642315464,8.116844107660462,1.346
1348,2024-01-01 23:36:00,111.64781042031906,Highway,1.1790431008613345,2,Comfort,3,High,15.28643090665475,Mild,50.32693784390817,3.879246103238869,10.682264777877124,0.363
1839,2024-01-01 23:37:00,11.443310552760426,Local,-0.7437492533450611,1,Eco,3,High,37.10778222582714,Warm,20.766851211551565,45.349075139540744,9.538578527395602,4.754
1778,2024-01-01 23:38:00,54.00703673114703,City,2.6556582609519337,1,Eco,1,No Traffic,26.59416641138477,Mild,42.707691867690926,25.17717460547918,9.333932596205218,2.697
1872,2024-01-01 23:39:00,40.49451347570748,Local,1.9079086264632323,2,Comfort,3,High,25.676188309478107,Mild,29.543966448144996,5.153432768385056,5.80049383078331,0.888
1228,2024-01-01 23:40:00,104.48261465489271,Highway,0.5261668171878733,3,Sport,3,High,-4.470981587257991,Mild,28.224684938868315,38.155816179488944,11.769429363616698,3.242
1269,2024-01-01 23:41:00,10.022989761602252,Local,-1.4869081090843834,2,Comfort,3,High,33.92821711209024,Warm,26.19898321085996,16.34947253185587,6.076724142342902,2.691
1827,2024-01-01 23:42:00,25.33511310696449,Local,-1.7776956403340003,1,Eco,1,No Traffic,30.698521483464,Warm,67.46075761403019,3.6447716404827273,4.847252151983041,0.752
1797,2024-01-01 23:43:00,90.29620051037932,Highway,-0.9576909739347051,3,Sport,2,Moderate,8.452384506869915,Mild,35.147817890388694,9.568852226986138,10.000233203482995,0.957
1290,2024-01-01 23:44:00,6.15526187774587,Local,-0.1405923385198888,2,Comfort,1,No Traffic,8.145103562797392,Mild,48.89942352328084,32.911736275658505,6.765279936927127,4.865
1724,2024-01-01 23:45:00,59.10424568571471,City,-1.2236069397663174,3,Sport,1,No Traffic,-2.593469297664498,Mild,88.96141729040134,39.720914150327275,9.76289050721167,4.069
1164,2024-01-01 23:46:00,53.0528441615664,City,0.0895769723548967,3,Sport,3,High,-2.711460932209528,Mild,53.94705118370205,12.758467856260948,7.460559879499004,1.71
1004,2024-01-01 23:47:00,40.12814147864984,Local,-2.007777446920884,1,Eco,2,Moderate,25.08675310577566,Mild,93.255308004131,28.895207714167555,7.465558346920492,3.87
1850,2024-01-01 23:48:00,47.34867783827085,Local,2.866276876953,3,Sport,1,No Traffic,3.3806925808500736,Mild,59.8350442716485,0.1435406348482572,5.538807662575739,0.026
1378,2024-01-01 23:49:00,63.59287043162795,City,-2.352452670210037,2,Comfort,3,High,36.559653242734775,Warm,51.90692918718046,13.99153478328398,8.705704278379802,1.607
1077,2024-01-01 23:50:00,19.364083006605973,Local,2.591664837926232,3,Sport,1,No Traffic,32.90819926112286,Warm,80.03111416725613,9.163527709892271,5.4026131645833635,1.696
1409,2024-01-01 23:51:00,68.63950539403113,City,2.481468068416169,3,Sport,3,High,10.699832201448269,Mild,25.85400790144017,3.919656610003807,7.876014695908968,0.498
1573,2024-01-01 23:52:00,96.65187951599836,Highway,0.1521628909169878,2,Comfort,2,Moderate,12.103084831559595,Mild,27.158270638593393,24.246375390678125,9.890302149756533,2.452
1131,2024-01-01 23:53:00,91.21931157481907,Highway,1.3494616310165064,1,Eco,2,Moderate,9.727445238465128,Mild,72.15789711383685,31.5876741901269,8.535126554389851,3.701
1600,2024-01-01 23:54:00,18.46798856325284,Local,-0.3837102121644733,1,Eco,3,High,-0.8422289063708313,Mild,58.95525705913986,2.4141800474720063,4.102039911276535,0.589
1748,2024-01-01 23:55:00,17.90993636897687,Local,0.7802074652546294,2,Comfort,1,No Traffic,-3.585642905740192,Mild,83.23322002553681,6.980769841848983,5.31437942796019,1.314
1041,2024-01-01 23:56:00,32.180924129389595,Local,-0.956544375473288,3,Sport,1,No Traffic,15.345992125295378,Mild,93.30166698748252,46.621329820195626,7.94892969931353,5.865
1088,2024-01-01 23:57:00,43.32896716092446,Local,-1.193045881287328,2,Comfort,2,Moderate,37.436805152117245,Warm,51.0693502137238,11.233330874088493,7.116286606046203,1.579
1401,2024-01-01 23:58:00,49.014669769017914,Local,0.469378717017082,2,Comfort,1,No Traffic,36.27621943686108,Warm,67.71280212677169,38.02338855304498,9.581053978560274,3.969
1295,2024-01-01 23:59:00,81.56366602000143,Highway,-0.0112219548961176,2,Comfort,3,High,31.4427433504614,Warm,60.05573022362479,37.411976250123,9.793445027116432,3.82
1839,2024-01-02 00:00:00,6.8016518599002485,Local,0.4772182148998865,1,Eco,3,High,23.28677173493521,Mild,98.52885245139464,16.146966868569706,4.298639407244246,3.756
1294,2024-01-02 00:01:00,4.160724507127966,Local,-1.280036512277862,3,Sport,3,High,33.5300083011152,Warm,86.48675258852761,10.28543327240667,4.535055318281266,2.268
1615,2024-01-02 00:02:00,47.02926755326908,Local,-0.7982530090980284,2,Comfort,2,Moderate,18.178083297920388,Mild,92.93901666218828,12.27313262542475,6.771823774138135,1.812
1525,2024-01-02 00:03:00,83.65964305655766,Highway,-2.496612236226544,1,Eco,2,Moderate,3.1072059859284273,Mild,40.347207006208336,28.33835845248012,10.352003354505262,2.737
1799,2024-01-02 00:04:00,23.212241154777907,Local,-2.6863417663667657,1,Eco,2,Moderate,25.787665650515432,Mild,81.80211385300754,19.11983511895548,6.572931646010537,2.909
1690,2024-01-02 00:05:00,76.9805377507502,City,-1.4792572219619025,3,Sport,3,High,36.42907158303229,Warm,41.237857999811915,24.82871137594499,10.391653783065172,2.389
1636,2024-01-02 00:06:00,31.179376552835937,Local,-2.5545188440167257,2,Comfort,2,Moderate,-4.117770616741395,Mild,36.69940267427119,40.59946290986819,7.681732223868522,5.285
1421,2024-01-02 00:07:00,106.33033305762196,Highway,-2.377351748191556,3,Sport,3,High,6.3149823493568835,Mild,95.54129277244408,25.1645896013372,9.11001746502371,2.762
1864,2024-01-02 00:08:00,107.482793311994,Highway,1.8775704323636224,2,Comfort,1,No Traffic,6.944718607207214,Mild,21.54435333742933,49.76192339434993,13.736452367949468,3.623
1022,2024-01-02 00:09:00,35.674464513759176,Local,-2.7667578178998644,1,Eco,2,Moderate,-0.543220762268259,Mild,97.23109629307436,33.32510681049371,7.315194655911002,4.556
1574,2024-01-02 00:10:00,27.59925047558886,Local,0.9536567636084564,1,Eco,1,No Traffic,5.147239962934721,Mild,31.940951759104497,10.44165814044781,6.310759618643786,1.655
1142,2024-01-02 00:11:00,49.35647664794775,Local,-1.364653507107597,3,Sport,1,No Traffic,12.279193506013849,Mild,85.55504654346146,25.025987227951067,6.965540635744452,3.593
1992,2024-01-02 00:12:00,28.863790221617847,Local,2.2292740842487584,2,Comfort,2,Moderate,37.292594118174584,Warm,42.07380424544824,40.68954432598686,7.378520874670091,5.515
1664,2024-01-02 00:13:00,80.68606119500444,Highway,-0.0900462925350025,3,Sport,2,Moderate,33.71195961070584,Warm,48.05618619445819,10.993246590986193,9.447554024479684,1.164
1144,2024-01-02 00:14:00,99.12776214579426,Highway,-1.1665412440330456,2,Comfort,1,No Traffic,37.57028009181776,Warm,37.34061690575879,36.498164718313035,10.460536590690644,3.489
1224,2024-01-02 00:15:00,80.77105570934604,Highway,0.1058336141366069,3,Sport,1,No Traffic,0.4257299525052644,Mild,66.84112339848637,1.769106806124855,8.149244794059241,0.217
1502,2024-01-02 00:16:00,98.92205366992194,Highway,-0.7082518857283873,1,Eco,1,No Traffic,-3.73781922713345,Mild,47.847643800629925,47.13742818685797,11.969728346417758,3.938
1961,2024-01-02 00:17:00,47.639059464896896,Local,0.385806388018981,3,Sport,3,High,-0.0552576015002745,Mild,72.59144315957306,33.201751295780866,7.562157784370299,4.391
1973,2024-01-02 00:18:00,18.758036485063304,Local,-2.3128027900419106,2,Comfort,1,No Traffic,36.14330356836822,Warm,21.25178543536528,8.212258179658877,4.534737114012088,1.811
1820,2024-01-02 00:19:00,88.55411368771105,Highway,2.9819430168753067,3,Sport,3,High,2.086988734099778,Mild,25.14999068120317,43.72730549898196,12.539050196596689,3.487
1615,2024-01-02 00:20:00,43.25694061698647,Local,-0.4466647338196949,2,Comfort,2,Moderate,20.768651795763617,Mild,27.972892218499897,4.182851976361629,7.938132427991694,0.527
1103,2024-01-02 00:21:00,80.5524990274959,Highway,-0.910616161755788,3,Sport,1,No Traffic,5.241206643734289,Mild,53.51949482481849,20.35585528594644,10.701561847839203,1.902
1946,2024-01-02 00:22:00,32.477273037811884,Local,1.2612590898975888,2,Comfort,2,Moderate,-4.071405878744024,Mild,85.18369381279808,36.87377204601173,6.346984969219878,5.81
1038,2024-01-02 00:23:00,9.74755617680072,Local,-0.8166035610280051,2,Comfort,1,No Traffic,-1.1920396035840053,Mild,91.05423283027062,46.87659070542693,5.382475349285684,8.709
1946,2024-01-02 00:24:00,119.1098154585316,Highway,1.999645830172546,2,Comfort,2,Moderate,26.94086603348859,Mild,39.58485920487206,17.505632315277424,10.857252871762594,1.612
1197,2024-01-02 00:25:00,18.744180951671915,Local,-0.2743756538374482,3,Sport,1,No Traffic,3.2064903406002596,Mild,65.94957793912113,41.54251042507369,7.848451512709143,5.293
1645,2024-01-02 00:26:00,118.61051927561772,Highway,1.3173504795926094,3,Sport,3,High,5.3112642445065745,Mild,81.46919941540804,9.917937657497005,9.114496896534964,1.088
1578,2024-01-02 00:27:00,117.27359190797368,Highway,-2.355280701348681,1,Eco,2,Moderate,11.97654253706586,Mild,43.106354393568694,1.852007421322702,9.476140453645286,0.195
1390,2024-01-02 00:28:00,95.25817246896476,Highway,2.076715113330671,2,Comfort,2,Moderate,24.575870206127803,Mild,52.72061893890186,1.5351730662981815,8.177787666866346,0.188
1178,2024-01-02 00:29:00,79.13075544983971,City,1.4143079206686586,1,Eco,1,No Traffic,16.12175768318498,Mild,61.917936214857114,32.942707511598535,8.611956987376217,3.825
1967,2024-01-02 00:30:00,69.33684603013016,City,-1.729699329228206,1,Eco,3,High,37.507459719719634,Warm,30.789987712643818,7.794944566185113,8.919418569647906,0.874
1553,2024-01-02 00:31:00,103.93218544534017,Highway,-2.12828394152528,2,Comfort,3,High,14.53819858328485,Mild,22.078583498062425,2.6111830884473695,9.230163382555675,0.283
1447,2024-01-02 00:32:00,34.73274259433855,Local,-1.1022459076462536,1,Eco,3,High,3.9608914088862264,Mild,32.22446474546266,48.8397015389984,9.093148625988071,5.371
1499,2024-01-02 00:33:00,56.12174549818525,City,2.856423516191426,3,Sport,1,No Traffic,19.126427773405364,Mild,70.14828970028267,12.176412189650978,9.464263896078435,1.287
1014,2024-01-02 00:34:00,74.32679632398023,City,-1.4590105525976482,1,Eco,2,Moderate,15.290032679269014,Mild,25.889460922694532,23.1814687006796,8.417738488469405,2.754
1622,2024-01-02 00:35:00,49.34285710433893,Local,-0.2632367463202003,3,Sport,1,No Traffic,30.42122523407634,Warm,35.175709188010266,30.692748842083876,9.723097356783333,3.157
1668,2024-01-02 00:36:00,51.29837449083216,City,-2.819878645695982,2,Comfort,3,High,37.08045537427671,Warm,47.0283108556243,7.30835622755316,6.187340402664693,1.181
1288,2024-01-02 00:37:00,39.63416010025013,Local,-0.616634822602605,2,Comfort,3,High,32.63328526164283,Warm,26.229605144509307,17.922726148362898,6.8975641849643585,2.598
1477,2024-01-02 00:38:00,67.70781800214432,City,0.4279200925986162,2,Comfort,2,Moderate,12.5067876216674,Mild,35.33594169293075,32.42057155394669,10.522553870675525,3.081
1230,2024-01-02 00:39:00,102.06894336181392,Highway,2.7187476750477906,1,Eco,1,No Traffic,4.7252255031111865,Mild,92.90158311868088,32.02410970198387,9.697361307623318,3.302
1922,2024-01-02 00:40:00,24.18340536075754,Local,0.1004162696403865,2,Comfort,1,No Traffic,36.15200216562673,Warm,21.54393057815878,42.118659705961406,7.433388630669149,5.666
1419,2024-01-02 00:41:00,112.13196465041295,Highway,1.914643957066127,2,Comfort,3,High,12.36728431467256,Mild,72.27455393394897,21.927379394462243,10.43495650691386,2.101
1156,2024-01-02 00:42:00,82.69051844978756,Highway,0.2827658554134036,3,Sport,2,Moderate,29.65929805519195,Warm,50.752714473214795,44.50239851509251,12.157766372064868,3.66
1549,2024-01-02 00:43:00,98.79278552160362,Highway,-2.7552899193868914,1,Eco,2,Moderate,39.52873035458008,Warm,73.8118991545897,34.14141750270921,10.330292755732827,3.305
1440,2024-01-02 00:44:00,66.7428831156014,City,-1.1099503488613558,1,Eco,3,High,20.984920668187424,Mild,67.09533762907236,28.14904922558274,8.31688361400587,3.385
1096,2024-01-02 00:45:00,93.54200417088762,Highway,0.4532970469866195,2,Comfort,1,No Traffic,16.59462107659985,Mild,37.87990034837154,5.945127620414674,9.051081645525828,0.657
1996,2024-01-02 00:46:00,1.9440476807360652,Local,2.7035637955867458,1,Eco,1,No Traffic,26.494185211654692,Mild,87.77675900587109,28.77772521593231,5.841781682682527,4.926
1410,2024-01-02 00:47:00,98.20565097354422,Highway,2.1547821585074,2,Comfort,2,Moderate,3.7268941355788385,Mild,59.355230608748535,29.7741336885333,9.955025858092949,2.991
1950,2024-01-02 00:48:00,4.816663090243982,Local,-1.629866314926914,3,Sport,2,Moderate,16.970788245939257,Mild,85.80288151307774,37.964338704745735,6.237056815949452,6.087
1288,2024-01-02 00:49:00,106.7896051635435,Highway,-1.679341019885019,1,Eco,3,High,9.05488406996466,Mild,52.481002895057536,35.98503946742776,12.669090715530444,2.84
1253,2024-01-02 00:50:00,119.0355296686372,Highway,-1.7929621973165957,1,Eco,2,Moderate,2.390254180405595,Mild,98.77484431321912,26.546010949363147,10.408657350639642,2.55
1195,2024-01-02 00:51:00,35.28809546121334,Local,2.5349933778150184,3,Sport,1,No Traffic,22.456144706392877,Mild,81.6391486801037,29.682175652344355,6.417434317712884,4.625
1597,2024-01-02 00:52:00,25.23822675429524,Local,2.115996918610324,1,Eco,1,No Traffic,20.9067738456166,Mild,97.27601640900588,38.63990133053242,6.660639335127661,5.801
1833,2024-01-02 00:53:00,91.84360366296488,Highway,1.649300593517692,2,Comfort,2,Moderate,29.25416198841429,Warm,61.14611831278871,17.636869080626372,9.78660856623987,1.802
1521,2024-01-02 00:54:00,30.363160910430388,Local,-0.6435893146546343,1,Eco,3,High,34.28365559086126,Warm,57.89529058325604,6.835058668466324,5.268529191010295,1.297
1516,2024-01-02 00:55:00,103.8674859806644,Highway,0.026284225792601,1,Eco,1,No Traffic,4.9169193709400165,Mild,80.43630474602062,43.72753908708059,11.57694315197344,3.777
1634,2024-01-02 00:56:00,12.341111058897203,Local,-0.2140095312290828,3,Sport,1,No Traffic,30.08661934242101,Warm,90.4233010410744,48.254436883523155,7.487627649812132,6.445
1841,2024-01-02 00:57:00,15.11462356552299,Local,-1.479611354643764,3,Sport,3,High,11.532332233881808,Mild,97.13166366924465,21.522311452831325,5.036897294202239,4.273
1864,2024-01-02 00:58:00,117.49818661207388,Highway,0.0301682768926019,2,Comfort,2,Moderate,23.29625208070412,Mild,45.96415248259998,49.516458484956885,14.211505855774854,3.484
1117,2024-01-02 00:59:00,80.86066779240056,Highway,-2.8170207128834734,1,Eco,1,No Traffic,33.26080124181151,Warm,83.89636590741111,16.202476250201695,8.834256116698167,1.834
1805,2024-01-02 01:00:00,101.62646693147434,Highway,-2.209137759015245,1,Eco,1,No Traffic,6.528330187861849,Mild,36.851647810842934,3.4220472951274497,9.68247549285704,0.353
1908,2024-01-02 01:01:00,38.91952528218216,Local,2.319537577013678,3,Sport,3,High,22.04325777846267,Mild,63.645947739635616,28.6657331013187,8.25574043367956,3.472
1158,2024-01-02 01:02:00,81.17804994247253,Highway,1.510078602188539,2,Comfort,2,Moderate,16.614349474008144,Mild,34.387851872735936,43.42321415889269,9.850661036232436,4.408
1814,2024-01-02 01:03:00,71.30901927703167,City,-0.4627895456454776,1,Eco,3,High,30.57597820528235,Warm,47.79178894002711,30.912342729996045,10.821422752548154,2.857
1227,2024-01-02 01:04:00,72.37801441475364,City,0.1029021737032636,2,Comfort,3,High,26.375858452349735,Mild,94.50866937651674,0.5704146973552978,5.932169991682521,0.096
1876,2024-01-02 01:05:00,81.90389514452659,Highway,-0.7800066842401354,1,Eco,2,Moderate,29.633432615645873,Warm,31.68725598184689,0.6904508026847771,8.294681861199319,0.083
1215,2024-01-02 01:06:00,69.04310077549182,City,1.4446792029640347,3,Sport,1,No Traffic,7.957440832144366,Mild,70.59207161081572,36.24511853593452,8.88651671599346,4.079
1947,2024-01-02 01:07:00,51.487484316319915,City,1.7051230753924775,3,Sport,3,High,26.696033234009317,Mild,67.43634183419226,42.28261548613515,8.470953161741113,4.991
1695,2024-01-02 01:08:00,33.11072332566562,Local,1.5797111412189544,3,Sport,1,No Traffic,22.26126434168284,Mild,29.65906821671892,12.726531785229003,8.008206815034994,1.589
1014,2024-01-02 01:09:00,92.22975970958424,Highway,1.3356703490066977,3,Sport,1,No Traffic,15.550620522059052,Mild,46.07832350150497,23.559539732453043,9.981334326533668,2.36
1156,2024-01-02 01:10:00,27.152691600382344,Local,-1.772973967843225,3,Sport,1,No Traffic,12.025466066566764,Mild,65.03852036122126,48.05843593432491,7.423734415492962,6.474
1647,2024-01-02 01:11:00,83.0825167385297,Highway,-0.9721801245571272,3,Sport,1,No Traffic,9.92200138579439,Mild,34.97428871907922,23.08264677213384,8.139245121677291,2.836
1260,2024-01-02 01:12:00,27.999938717919196,Local,-0.1809273900979504,2,Comfort,3,High,-4.564653741372652,Mild,84.04989251302523,6.87712356045985,4.324502367840231,1.59
1156,2024-01-02 01:13:00,75.03962039453447,City,-1.0152420514340663,3,Sport,2,Moderate,2.630134808805444,Mild,97.77252076278,45.591485032926954,9.684936078946045,4.707
1046,2024-01-02 01:14:00,89.64939205548347,Highway,1.5296412009499738,2,Comfort,1,No Traffic,-2.345980449946708,Mild,37.18075199699776,24.80886669280216,9.585895441901888,2.588
1323,2024-01-02 01:15:00,26.245666668784704,Local,-1.023878854500272,3,Sport,1,No Traffic,33.17608941833512,Warm,34.95295718324607,17.280916408238916,7.05285227332493,2.45
1843,2024-01-02 01:16:00,7.1931961033569936,Local,-2.170607479287977,1,Eco,1,No Traffic,33.70399916867869,Warm,56.39480574379557,4.9618928480603515,3.6131228619751647,1.373
1684,2024-01-02 01:17:00,15.716849159300889,Local,-0.6057572877101753,1,Eco,2,Moderate,33.078700151017046,Warm,79.82122217120258,22.967588024081905,4.684819053191076,4.903
1129,2024-01-02 01:18:00,72.71963607252306,City,2.8794865966942815,1,Eco,1,No Traffic,31.806389395920213,Warm,42.52804881882011,38.50667117612487,10.330127417104976,3.728
1410,2024-01-02 01:19:00,101.93356874708826,Highway,-1.644711522398545,2,Comfort,2,Moderate,4.95987040875896,Mild,21.59039269578243,35.88749873756025,12.517296118834254,2.867
1094,2024-01-02 01:20:00,5.399618548250924,Local,0.6729519536593744,3,Sport,3,High,17.130377852980327,Mild,63.29765024263152,24.879723750449095,6.726266942966266,3.699
1626,2024-01-02 01:21:00,88.09815108499755,Highway,-0.4021617009617619,2,Comfort,2,Moderate,35.85296973857786,Warm,96.5280454213846,36.00481376670524,9.55433455573329,3.768
1754,2024-01-02 01:22:00,40.95823751400626,Local,-2.57385259410404,3,Sport,1,No Traffic,29.190180732117888,Warm,51.30214843255565,17.60295236222053,7.390930182519707,2.382
1931,2024-01-02 01:23:00,57.423404390342704,City,-0.072740364011643,1,Eco,3,High,-4.91808713205376,Mild,53.61076433464803,36.78988330625676,8.536811153607367,4.31
1291,2024-01-02 01:24:00,111.46314598146787,Highway,1.212985971889875,2,Comfort,2,Moderate,15.674195938170705,Mild,97.51213736912304,4.378134496692887,8.214775528888046,0.533
1793,2024-01-02 01:25:00,39.83658056830146,Local,0.0793198549669123,3,Sport,1,No Traffic,-4.519841033315542,Mild,75.56860893013827,10.041778267402206,5.828956824423953,1.723
1810,2024-01-02 01:26:00,55.84043207273832,City,2.2326363824794866,2,Comfort,3,High,7.629747114130367,Mild,77.53375382737002,43.89839377443355,8.581269055258165,5.116
1282,2024-01-02 01:27:00,1.6418897712817326,Local,-1.266377900054504,2,Comfort,3,High,14.609309855209826,Mild,65.01616042968541,14.753404807516487,4.983544552611731,2.96
1068,2024-01-02 01:28:00,9.791846400580605,Local,-2.4825049721762102,1,Eco,2,Moderate,35.180468169262554,Warm,97.96873686905931,10.376475583934594,4.112435627999107,2.523
1659,2024-01-02 01:29:00,31.030990936174085,Local,2.619393669948037,1,Eco,1,No Traffic,24.447292786629692,Mild,75.1093187540445,4.541229147943765,4.733024251720885,0.959
1010,2024-01-02 01:30:00,3.3422688985289284,Local,-0.7308219028306859,1,Eco,2,Moderate,11.311805447045842,Mild,91.60262012841356,19.708454220379497,3.813204389326633,5.168
1253,2024-01-02 01:31:00,75.76503912579011,City,0.4584333087218004,1,Eco,3,High,17.079470610381446,Mild,75.9503092586577,3.4424055429634097,7.423422428747384,0.464
1841,2024-01-02 01:32:00,51.1678028161947,City,1.752018756781176,1,Eco,3,High,31.78252698686383,Warm,78.80926598723167,24.89932495175204,7.5474182020111185,3.299
1871,2024-01-02 01:33:00,65.77742432736264,City,-1.0541180167465165,3,Sport,1,No Traffic,8.484501960117093,Mild,43.23287377137972,45.96831637463464,10.168767256778324,4.521
1549,2024-01-02 01:34:00,20.957662307559545,Local,1.2969872290656674,3,Sport,3,High,22.676564896089992,Mild,44.27829584110552,39.378003825235645,8.00848940934124,4.917
1133,2024-01-02 01:35:00,35.51184353239393,Local,-2.187486901093032,1,Eco,1,No Traffic,6.80110977495327,Mild,82.63877196608234,2.1296211062343615,5.833621128456146,0.365
1711,2024-01-02 01:36:00,79.65893698232702,City,-1.2522375167669684,1,Eco,2,Moderate,16.598354675064815,Mild,43.73650313359197,15.057932388836054,8.004946522533062,1.881
1022,2024-01-02 01:37:00,115.83632683564798,Highway,-2.1317361831808803,1,Eco,3,High,-3.89036733970715,Mild,65.02160566412253,9.463449720102515,10.935879798402793,0.865
1814,2024-01-02 01:38:00,6.050012832265104,Local,1.8673833504081472,2,Comfort,3,High,33.35238937712614,Warm,39.94818487253616,3.4402987721650837,4.928090498804988,0.698
1345,2024-01-02 01:39:00,106.84611850263192,Highway,-1.6641045886392878,1,Eco,1,No Traffic,-2.8243025819519025,Mild,85.35867046472555,5.521163344184936,8.068815584420928,0.684
1301,2024-01-02 01:40:00,69.22574415734502,City,1.3044213324312617,3,Sport,1,No Traffic,5.09622249272943,Mild,28.8401080982152,45.41640419088866,11.15846008689624,4.07
1362,2024-01-02 01:41:00,67.67034801067484,City,2.659790383473915,3,Sport,2,Moderate,10.008034553146471,Mild,86.35573118093316,15.57315243168348,8.335391897939251,1.868
1395,2024-01-02 01:42:00,60.03342422493124,City,0.166633254413262,2,Comfort,1,No Traffic,23.13225025452317,Mild,68.21838404060814,19.671971423806937,6.36609093649916,3.09
1217,2024-01-02 01:43:00,8.327290308502008,Local,0.2401751535641261,3,Sport,3,High,27.401505950877507,Mild,34.95276278616618,24.336473329252655,6.119765274194705,3.977
1140,2024-01-02 01:44:00,10.78522220833928,Local,-0.2337985914131275,1,Eco,2,Moderate,-1.3797030971550512,Mild,63.36283084048945,37.27196199757095,6.041412552448736,6.169
1615,2024-01-02 01:45:00,72.10944067909033,City,-1.0446591396381435,2,Comfort,2,Moderate,-3.044053135184433,Mild,42.59990694778723,39.93868665687053,10.371401183589002,3.851
1957,2024-01-02 01:46:00,40.915028572267,Local,-0.146069814450497,2,Comfort,2,Moderate,30.954544898320695,Warm,45.87738677843973,48.190104189309395,9.33514683260452,5.162
1209,2024-01-02 01:47:00,110.07216798932168,Highway,0.6168451936005566,3,Sport,1,No Traffic,27.047494025685687,Mild,48.122243327750425,10.612835723644494,9.559840532765778,1.11
1984,2024-01-02 01:48:00,48.79086448313667,Local,2.9159494330239557,1,Eco,1,No Traffic,32.419765941459545,Warm,25.065539757785675,15.12320230592613,7.858017552317561,1.925
1992,2024-01-02 01:49:00,17.19377504431693,Local,2.6265873559093453,1,Eco,3,High,25.44422193325823,Mild,98.8769347521134,15.71673968922238,4.785980311110585,3.284
1622,2024-01-02 01:50:00,85.76626002024432,Highway,2.17291774975873,1,Eco,2,Moderate,28.795552166049376,Warm,22.522770250497928,22.31841378615236,10.359161744296143,2.154
1615,2024-01-02 01:51:00,35.20241057292118,Local,2.33478321422915,2,Comfort,2,Moderate,12.056727237121514,Mild,72.99974985474228,40.38947713604512,8.559159662994668,4.719
1827,2024-01-02 01:52:00,63.05643688270718,City,-0.1929049002477425,3,Sport,2,Moderate,21.55829441777364,Mild,49.698211820594445,12.04885866800099,7.2087208563692515,1.671
1682,2024-01-02 01:53:00,83.7399342606204,Highway,0.9446659630647888,3,Sport,3,High,31.242655429156414,Warm,71.68082327573592,39.16779615149281,9.9985401548089,3.917
1459,2024-01-02 01:54:00,108.03169334424844,Highway,2.3704003376172853,3,Sport,1,No Traffic,2.7452890482932704,Mild,48.4998602470067,10.281596917087867,9.48455159212803,1.084
1355,2024-01-02 01:55:00,95.06294337620112,Highway,-0.6422954100518816,1,Eco,2,Moderate,14.027033237178625,Mild,73.9000517007087,35.536366098146864,8.813591662544892,4.032
1323,2024-01-02 01:56:00,81.16332814472689,Highway,2.770574870072813,2,Comfort,1,No Traffic,28.322039581593756,Warm,78.33884075746886,39.97016586049893,10.80371359909671,3.7
1132,2024-01-02 01:57:00,81.55598188741723,Highway,-0.5052836275849018,2,Comfort,1,No Traffic,18.968645729433344,Mild,75.24421123197158,42.70380866664166,9.852008315292508,4.335
1887,2024-01-02 01:58:00,113.5109572838504,Highway,0.6064959923592941,3,Sport,1,No Traffic,25.67458538167772,Mild,29.116958508652186,25.563248517885565,10.520435098410266,2.43
1804,2024-01-02 01:59:00,35.49889169958433,Local,1.2588282796342316,3,Sport,1,No Traffic,8.179113814411627,Mild,72.55145877237477,16.502877833279776,6.1864519785129595,2.668
1839,2024-01-02 02:00:00,0.1334513035424889,Local,2.7035520784556297,2,Comfort,1,No Traffic,-3.544589690704191,Mild,42.39900395632779,38.64197324340448,6.8872917461219805,5.611
1126,2024-01-02 02:01:00,32.63454712778384,Local,-1.5323023556864035,3,Sport,3,High,-3.688439911053073,Mild,22.30410964554668,16.113731212301033,7.744815743654135,2.081
1105,2024-01-02 02:02:00,26.146965555209277,Local,1.476785869431854,2,Comfort,1,No Traffic,37.42515294386565,Warm,53.18645375111632,7.489629931451878,5.423041195675574,1.381
1603,2024-01-02 02:03:00,79.42015021367978,City,0.1248935168644931,2,Comfort,2,Moderate,37.50430197977686,Warm,54.68344822430409,41.75085378991174,10.499955982670205,3.976
1798,2024-01-02 02:04:00,76.04539197186348,City,-1.3886571562761536,3,Sport,2,Moderate,4.507705297957875,Mild,57.37393066819572,20.62092239487586,10.156098681552349,2.03
1377,2024-01-02 02:05:00,71.21536592456685,City,1.659641038778343,2,Comfort,2,Moderate,1.6359546086924812,Mild,76.3859332312573,28.584604940447207,7.520250165313089,3.801
1904,2024-01-02 02:06:00,1.949213185134444,Local,0.3133336810430793,2,Comfort,3,High,-4.183707474814061,Mild,44.70750473139673,45.93035791545907,6.438865103163671,7.133
1050,2024-01-02 02:07:00,87.4533665340777,Highway,0.9658429238980548,3,Sport,1,No Traffic,5.406558534186633,Mild,45.22244104831381,6.876251399587937,9.840912555649204,0.699
1028,2024-01-02 02:08:00,38.82364949825898,Local,-1.062593588532594,3,Sport,2,Moderate,10.045814851955813,Mild,24.844180499300847,27.90347643263459,8.173447463016911,3.414
1461,2024-01-02 02:09:00,79.80671868079573,City,-0.1123562890343699,3,Sport,2,Moderate,5.855918513704651,Mild,74.94569727938368,27.982353123239996,10.01373691637688,2.794
1295,2024-01-02 02:10:00,66.7894114202584,City,0.7041255059284026,2,Comfort,2,Moderate,30.882286313779066,Warm,65.42608731196671,43.10837615933299,9.842682714345369,4.38
1296,2024-01-02 02:11:00,41.12771105134886,Local,-0.5705351143809363,3,Sport,1,No Traffic,28.724372467394595,Warm,47.95400901550305,17.128822718950456,7.281339777132095,2.352
1725,2024-01-02 02:12:00,16.14915205249293,Local,-1.809764760913792,3,Sport,2,Moderate,-1.3543634891356708,Mild,76.41511831338838,20.12058307373114,4.943692269159319,4.07
1778,2024-01-02 02:13:00,11.330267719257714,Local,2.769842953891824,2,Comfort,1,No Traffic,26.379472364594168,Mild,62.98861993815017,26.01272877605364,5.506796457869901,4.724
1406,2024-01-02 02:14:00,99.78219997346685,Highway,0.0688052402557044,2,Comfort,2,Moderate,18.42633039495625,Mild,57.53959566964318,8.443279114014297,8.700952273116918,0.97
1768,2024-01-02 02:15:00,110.20770504978697,Highway,1.4035222217262031,3,Sport,2,Moderate,0.9474747868686864,Mild,60.90596349289011,23.586003582190543,9.301659224553411,2.536
1813,2024-01-02 02:16:00,77.97456561171595,City,-0.5337168386636515,3,Sport,1,No Traffic,28.27909437218421,Warm,70.90785002136452,21.860481532090333,9.288101311593204,2.354
1612,2024-01-02 02:17:00,12.412093783258005,Local,-0.869209415845702,2,Comfort,2,Moderate,-1.1279495671608837,Mild,72.80020836596796,9.94998430332973,5.280082858621186,1.884
1404,2024-01-02 02:18:00,48.24326602658888,Local,-0.5570142091972503,2,Comfort,3,High,2.971779961061653,Mild,43.11662553125737,41.66782368800481,9.239713924104564,4.51
1345,2024-01-02 02:19:00,87.47270401261886,Highway,-0.5448201372861012,1,Eco,1,No Traffic,1.7151916698923388,Mild,31.25946907129226,21.60858470986977,9.24396245270104,2.338
1621,2024-01-02 02:20:00,93.57850608120818,Highway,0.2650806956517213,2,Comfort,2,Moderate,37.25650318749178,Warm,32.530734495241504,15.372688934872183,9.437983790991195,1.629
1419,2024-01-02 02:21:00,14.186234674930631,Local,0.2608192198881789,2,Comfort,3,High,26.417020144209193,Mild,71.15127087224013,6.605674406449411,6.079183184070743,1.087
1181,2024-01-02 02:22:00,0.0036862614458899,Local,-0.01707710470277,1,Eco,3,High,13.5078668124142,Mild,89.82986286137007,4.578414939077122,3.2234220381274237,1.42
1982,2024-01-02 02:23:00,85.4564455056726,Highway,-2.1912852904953715,3,Sport,1,No Traffic,31.99918678819609,Warm,52.759702267644144,48.01532198016164,11.34532418669369,4.232
1824,2024-01-02 02:24:00,42.791541118344675,Local,-0.0235471289968129,1,Eco,2,Moderate,4.7181734285018955,Mild,33.56161282635699,49.75815655904434,11.213532498617564,4.437
1000,2024-01-02 02:25:00,30.53775979419123,Local,-1.985376597476091,2,Comfort,1,No Traffic,36.899197557029446,Warm,80.52819986350838,44.90647665177932,7.369258919058509,6.094
1830,2024-01-02 02:26:00,1.5476963747430528,Local,-2.243185282225409,1,Eco,3,High,26.364879439559612,Mild,86.59915795355589,22.98570846380838,5.085649335760937,4.52
1949,2024-01-02 02:27:00,64.83592881137996,City,2.5958743040470065,1,Eco,3,High,20.18112884536595,Mild,90.44659544967732,40.41499641462309,8.89077975628293,4.546
1566,2024-01-02 02:28:00,102.1380882511178,Highway,0.6297000788862253,1,Eco,1,No Traffic,30.75918019164976,Warm,68.54651431309865,41.73068170970132,11.027259190852549,3.784
1370,2024-01-02 02:29:00,114.91579755271054,Highway,0.956940348747506,1,Eco,1,No Traffic,24.015144164132128,Mild,88.85828475104677,15.060479610965045,10.649150202775978,1.414
1935,2024-01-02 02:30:00,67.8893940735947,City,-0.5892379779998174,1,Eco,2,Moderate,34.919917375471705,Warm,21.233196675872613,29.342849603427617,9.053382760045675,3.241
1910,2024-01-02 02:31:00,61.7353593287873,City,2.453885351489185,1,Eco,3,High,32.311869703349,Warm,28.57886414156188,47.84541863626294,10.82038614412632,4.422
1660,2024-01-02 02:32:00,10.206766258708932,Local,0.8275829374779926,3,Sport,1,No Traffic,3.902372726835047,Mild,27.4060853641679,14.07538322994704,5.58026415452131,2.522
1430,2024-01-02 02:33:00,65.86473618511197,City,1.6150192171415243,1,Eco,3,High,5.78487102449658,Mild,77.00837474037864,33.17803007250919,9.63576777088513,3.443
1968,2024-01-02 02:34:00,45.597489475847354,Local,-0.788625185833717,1,Eco,1,No Traffic,-2.070616380096043,Mild,25.56654268348632,33.16080214485776,8.66311137100897,3.828
1308,2024-01-02 02:35:00,72.85623370602923,City,2.760071284914753,1,Eco,2,Moderate,4.908951272776111,Mild,59.70914979730456,22.688265526743393,9.580579559834351,2.368
1136,2024-01-02 02:36:00,46.647161745185606,Local,1.9227677409498904,1,Eco,3,High,10.45699892221606,Mild,57.81655189090313,24.56740987711162,7.791551669743408,3.153
1201,2024-01-02 02:37:00,28.83589481404401,Local,2.123690778087262,2,Comfort,2,Moderate,-3.7027690172378094,Mild,44.856281884659275,22.873487363273775,8.390973230000057,2.726
1435,2024-01-02 02:38:00,11.39583302740518,Local,-1.9668343954454743,1,Eco,2,Moderate,9.173314579477626,Mild,89.63241359536798,26.10173845844681,6.045652913544016,4.317
1312,2024-01-02 02:39:00,37.790213350667486,Local,-1.3742207527726829,1,Eco,3,High,29.71956287322852,Warm,33.63465615039968,7.524012020158242,6.984393860340023,1.077
1116,2024-01-02 02:40:00,11.597380114530274,Local,-1.2862404018985376,1,Eco,1,No Traffic,32.81474191061268,Warm,48.19702275193919,39.757880888551114,7.470634618316621,5.322
1665,2024-01-02 02:41:00,21.22763409887807,Local,-1.374544660518773,3,Sport,2,Moderate,-4.60070195056595,Mild,81.93372000183433,33.08764812776804,6.404047783874528,5.167
1936,2024-01-02 02:42:00,118.48033902954552,Highway,2.1324489726257276,1,Eco,2,Moderate,-4.678383277884529,Mild,22.43378515146274,48.69373143723282,14.019675342301394,3.473
1802,2024-01-02 02:43:00,53.292426828794234,City,-2.8086912287484473,2,Comfort,3,High,1.5838198712950504,Mild,73.83603201970949,12.357595134748282,6.4113472564632685,1.927
1574,2024-01-02 02:44:00,63.824611980601986,City,-2.543400066115354,3,Sport,3,High,34.26596773302054,Warm,85.31181810892565,7.3838153294065005,7.213719517239065,1.024
1243,2024-01-02 02:45:00,104.83422344846583,Highway,-1.3565107762205777,2,Comfort,3,High,16.11751230095592,Mild,94.58142710705336,17.193447886538344,10.930936986912965,1.573
1536,2024-01-02 02:46:00,119.46826805888251,Highway,-1.800762152103338,3,Sport,2,Moderate,39.230593427559135,Warm,90.1037312393188,25.536096017110445,12.994026386156804,1.965
1601,2024-01-02 02:47:00,69.92573392136178,City,-1.6088423167029098,3,Sport,1,No Traffic,34.92991595950606,Warm,45.550729346694816,10.329976766271974,8.271324064072349,1.249
1074,2024-01-02 02:48:00,97.4968585253006,Highway,1.7876591355197995,1,Eco,1,No Traffic,35.05576510628679,Warm,66.90913130583621,23.0839914504884,9.329991292369469,2.474
1805,2024-01-02 02:49:00,39.23292292040103,Local,0.3787595633522813,1,Eco,3,High,0.7814394367946553,Mild,26.18347945203727,32.16640106094704,8.211120868548463,3.917
1385,2024-01-02 02:50:00,36.689274893674934,Local,-2.965376032242192,3,Sport,2,Moderate,16.38532071457188,Mild,40.62960028384069,2.9029476267575807,5.641533984543525,0.515
1902,2024-01-02 02:51:00,48.32444651934723,Local,-0.4240634057748282,1,Eco,2,Moderate,39.71157687931085,Warm,27.53779029980059,37.92569017291494,8.847847962413226,4.286
1209,2024-01-02 02:52:00,80.7008715208379,Highway,-0.5526904388978462,1,Eco,2,Moderate,1.7069903617188658,Mild,45.21498321231711,46.99159290508518,12.028566027520212,3.907
1474,2024-01-02 02:53:00,81.86300271061185,Highway,-2.316328383332739,3,Sport,3,High,20.840505412818754,Mild,90.01497707669832,13.485585924668449,7.024188486334377,1.92
1417,2024-01-02 02:54:00,37.8287321579341,Local,1.0568507316087423,3,Sport,2,Moderate,10.492599637888816,Mild,47.77334717394341,38.8334963454337,8.947212726143587,4.34
1346,2024-01-02 02:55:00,15.985190896395444,Local,1.212583130276947,2,Comfort,2,Moderate,12.453616300915986,Mild,64.95184824011412,20.954919635551665,4.366468054259353,4.799
1528,2024-01-02 02:56:00,75.88755077586103,City,1.3253593143125864,3,Sport,1,No Traffic,35.085662681822555,Warm,54.67046784919526,33.255189828709455,10.251080021646398,3.244
1639,2024-01-02 02:57:00,15.39910346265174,Local,1.3708256733515525,2,Comfort,3,High,21.455615613652736,Mild,56.713321943898826,37.17650189699838,6.42476416589181,5.786
1938,2024-01-02 02:58:00,69.41910098751961,City,-2.999683038406219,2,Comfort,3,High,29.14493752249624,Warm,97.56576414692466,14.8191850996224,7.364462410317772,2.012
1954,2024-01-02 02:59:00,83.21065536675708,Highway,2.723524823080333,1,Eco,3,High,25.29554788728585,Mild,43.692357461108635,39.3911400102904,10.591796258878158,3.719
1875,2024-01-02 03:00:00,84.0733795673342,Highway,1.885252602327978,1,Eco,2,Moderate,18.805706075648622,Mild,70.18595756185371,5.345055628564381,8.425370773847176,0.634
1762,2024-01-02 03:01:00,90.4166532791516,Highway,2.4238901795357117,3,Sport,2,Moderate,30.627003944666917,Warm,53.605013566355765,49.33756990313521,12.741187693813682,3.872
1178,2024-01-02 03:02:00,104.74313058787976,Highway,-2.906140228155395,3,Sport,1,No Traffic,38.68298076596728,Warm,24.891694483814895,16.91754674957123,11.790367710916144,1.435
1181,2024-01-02 03:03:00,59.99507903577461,City,2.6031527747144363,2,Comfort,3,High,38.50687992801038,Warm,59.14646652993888,11.267757987347077,6.784429905469419,1.661
1663,2024-01-02 03:04:00,87.62990274354854,Highway,1.8587311721286284,2,Comfort,2,Moderate,30.525340044701665,Warm,85.06746632360867,7.018836880065381,7.495793232501264,0.936
1024,2024-01-02 03:05:00,74.30072824390041,City,2.023314857752192,1,Eco,1,No Traffic,16.929839008715305,Mild,27.90023749453507,40.62788805408539,11.099381658195234,3.66
1966,2024-01-02 03:06:00,22.396792775721902,Local,-2.440275691668189,3,Sport,2,Moderate,2.342153163604057,Mild,25.56734779170472,29.335929630168337,8.712927080202872,3.367
1179,2024-01-02 03:07:00,3.08275738432898,Local,1.432668173511586,3,Sport,2,Moderate,-2.998827096264751,Mild,32.29052163146133,47.588347822567776,6.99085654022411,6.807
1709,2024-01-02 03:08:00,34.14496628123205,Local,2.7595001378525463,3,Sport,3,High,5.415023576467483,Mild,81.15200891114449,32.41915168423439,6.57995010395282,4.927
1500,2024-01-02 03:09:00,53.16404476051433,City,1.0712840485089643,3,Sport,3,High,10.311609981889454,Mild,77.91963073157903,17.09558993744997,7.419652479341403,2.304
1855,2024-01-02 03:10:00,74.05271333143875,City,0.423368427747639,1,Eco,2,Moderate,0.8432327163123698,Mild,65.20142151248885,41.836985447027175,11.335891083653992,3.691
1160,2024-01-02 03:11:00,101.99511966038465,Highway,2.6737780664939823,1,Eco,2,Moderate,5.11443983256035,Mild,57.45811232741059,14.133628557717072,9.66558790955374,1.462
1176,2024-01-02 03:12:00,23.549486004739876,Local,-0.342377269593384,2,Comfort,2,Moderate,-1.2404540947602167,Mild,91.06606517620976,14.612950200479304,4.855028115792821,3.01
1284,2024-01-02 03:13:00,15.06597478781725,Local,0.595761397862872,1,Eco,2,Moderate,18.565463742834048,Mild,81.3358259066786,1.5111764588334544,3.8877518621794978,0.389
1062,2024-01-02 03:14:00,115.6175936969193,Highway,-0.1419702390338031,2,Comfort,2,Moderate,0.6843186028096166,Mild,84.95538010414441,12.67593218744044,11.22633731031809,1.129
1661,2024-01-02 03:15:00,12.965347125168854,Local,2.597077328161795,1,Eco,3,High,28.424588346532957,Warm,85.06098410805234,13.14556749338918,4.936535632411355,2.663
1665,2024-01-02 03:16:00,57.4189284128627,City,-2.543491639406956,1,Eco,3,High,9.969240016483722,Mild,71.41737237964463,14.946323229188405,7.767595677490086,1.924
1155,2024-01-02 03:17:00,70.26764745519623,City,0.0067182049520893,3,Sport,2,Moderate,25.242822139505403,Mild,56.64116994527567,18.494567107692955,7.178066012119352,2.577
1881,2024-01-02 03:18:00,64.96493050889259,City,1.12171464831263,2,Comfort,2,Moderate,34.713374578617305,Warm,89.17422020685203,28.876031742724585,7.21178271337952,4.004
1468,2024-01-02 03:19:00,10.323858843953184,Local,1.7514392305334212,2,Comfort,3,High,-1.1292555858345317,Mild,94.08059340826006,10.89791190456262,4.075504206185,2.674
1048,2024-01-02 03:20:00,6.843229680434324,Local,0.498111884664818,2,Comfort,2,Moderate,39.50503543357197,Warm,21.904483460667443,31.874374750699744,6.3317336216589535,5.034
1966,2024-01-02 03:21:00,12.65801129532428,Local,2.453506464728724,1,Eco,3,High,24.035950406503098,Mild,24.124389861300106,6.752421460203901,5.2667364796245515,1.282
1848,2024-01-02 03:22:00,70.2705220647135,City,2.65194868130323,3,Sport,3,High,-2.598532905350484,Mild,96.699463752675,46.55245380777933,11.09922277955437,4.194
1083,2024-01-02 03:23:00,65.32138651611854,City,-2.6140846608384987,1,Eco,3,High,9.130100436677512,Mild,42.17284910753558,1.4029007507666682,8.71966101915497,0.161
1360,2024-01-02 03:24:00,28.04889504440931,Local,-0.5857767627517538,3,Sport,3,High,34.88103170236553,Warm,89.8695551719535,45.41907466283651,7.809517223555871,5.816
1688,2024-01-02 03:25:00,76.53289702147099,City,-2.8592458696730736,1,Eco,1,No Traffic,21.830512196780404,Mild,51.10360951691221,27.405292956394725,8.95793476387575,3.059
1147,2024-01-02 03:26:00,98.40810024667792,Highway,-1.0235000557533425,2,Comfort,2,Moderate,7.92500652602118,Mild,29.528004608748446,35.531262727785744,12.062306956018348,2.946
1629,2024-01-02 03:27:00,4.989475181591252,Local,0.2212093078236128,1,Eco,2,Moderate,37.32225629793313,Warm,26.43545601674674,14.987302271331163,6.081854862768827,2.464
1341,2024-01-02 03:28:00,59.77559322576509,City,2.4647695830596934,2,Comfort,2,Moderate,30.426365668351984,Warm,32.52063192643652,8.772559366733361,7.400387764112548,1.185
1475,2024-01-02 03:29:00,82.71724945232283,Highway,2.0793259347924167,3,Sport,3,High,28.099232326747657,Warm,39.991455589389176,47.370005971442005,11.9516682329248,3.963
1062,2024-01-02 03:30:00,30.27743124836245,Local,-2.2350016399680857,2,Comfort,3,High,34.97922040030162,Warm,59.08146831446609,22.10609050556118,7.608469039052268,2.905
1700,2024-01-02 03:31:00,36.93250863517789,Local,-2.441817751554626,2,Comfort,3,High,29.64009751188771,Warm,76.11983204526268,24.07759377767792,7.335138537945543,3.283
1359,2024-01-02 03:32:00,73.63654835872606,City,0.535604032540002,2,Comfort,2,Moderate,7.903225893948829,Mild,98.911886118824,49.28535237538491,10.201744471214262,4.831
1560,2024-01-02 03:33:00,107.75223521324844,Highway,0.1927078347526958,2,Comfort,3,High,21.274873398652357,Mild,55.32053946313368,16.86983306921974,10.337844446838234,1.632
1326,2024-01-02 03:34:00,97.19093043634793,Highway,-1.401734151419857,3,Sport,1,No Traffic,32.90287754928835,Warm,61.45479538744879,5.099560939825062,10.92616944051275,0.467
1768,2024-01-02 03:35:00,69.97562629195002,City,2.396718507323011,1,Eco,2,Moderate,3.1381648025275712,Mild,61.74525611066045,29.387019720866174,9.704759373707828,3.028
1735,2024-01-02 03:36:00,87.6266061308699,Highway,2.5641984567693203,1,Eco,1,No Traffic,2.3360475775541447,Mild,63.15474843903488,27.784898292878385,10.771828180665612,2.579
1140,2024-01-02 03:37:00,43.778696424935845,Local,-0.584331369959024,1,Eco,1,No Traffic,2.153931140689596,Mild,61.41925256835698,38.6779079588247,9.529962509159713,4.059
1989,2024-01-02 03:38:00,76.91586337185093,City,2.3418153426811212,1,Eco,2,Moderate,3.7414873598134353,Mild,20.701980404953424,47.758396965668425,12.341045749789432,3.87
1214,2024-01-02 03:39:00,55.941790935306834,City,-0.6963066344221644,2,Comfort,1,No Traffic,-0.354613297405205,Mild,20.137985768787257,15.45295139847446,8.057208119664164,1.918
1434,2024-01-02 03:40:00,22.792336374907308,Local,1.4209009909782004,3,Sport,1,No Traffic,32.693305898387486,Warm,27.813305450089835,36.1176427312749,7.3199748354190435,4.934
1890,2024-01-02 03:41:00,84.20859286527086,Highway,-0.1443466947136551,3,Sport,3,High,31.824319917886775,Warm,28.124528274334303,21.781703336362167,9.218720389563511,2.363
1951,2024-01-02 03:42:00,66.77575648185864,City,-2.264501060956902,1,Eco,1,No Traffic,1.811604633659276,Mild,76.39175271638368,39.21026220154035,8.739161197135251,4.487
1722,2024-01-02 03:43:00,43.03458983443097,Local,2.5676052074221296,1,Eco,3,High,26.74917295196557,Mild,36.39328260127998,8.297420434799921,6.673195331443191,1.243
1317,2024-01-02 03:44:00,109.3607028094357,Highway,-0.2754204397347806,3,Sport,1,No Traffic,23.213900164447733,Mild,91.57712838044904,25.092735216490833,9.64088679897551,2.603
1031,2024-01-02 03:45:00,2.512094139207992,Local,1.4069222419344216,3,Sport,2,Moderate,7.428741952556262,Mild,94.28850636616156,3.951627700673762,2.376385263181122,1.663
1669,2024-01-02 03:46:00,37.89277814993952,Local,-0.7969571134122471,2,Comfort,2,Moderate,5.231579516199377,Mild,98.0714670316719,28.10260900719723,5.99692180791872,4.686
1284,2024-01-02 03:47:00,6.825767733317587,Local,-2.886714728542592,3,Sport,2,Moderate,6.276363487393965,Mild,95.1265043909616,8.531783100316842,4.57746717301514,1.864
1304,2024-01-02 03:48:00,91.98327794659528,Highway,-2.3968178478489843,3,Sport,2,Moderate,27.87837736480904,Mild,41.75106575348197,48.0062489788514,10.915465789760304,4.398
1428,2024-01-02 03:49:00,84.2528944936551,Highway,-0.0226831230604536,2,Comfort,3,High,9.36926798532029,Mild,60.782147576281,27.761083546920048,10.679419835287916,2.599
1476,2024-01-02 03:50:00,39.762266248358046,Local,1.139786142758174,2,Comfort,1,No Traffic,7.508167492786303,Mild,34.03639761575528,26.51579195559167,9.276835043197224,2.858
1285,2024-01-02 03:51:00,81.07954826484877,Highway,-0.9915880405243254,2,Comfort,1,No Traffic,-3.9883505059108,Mild,84.49677241379464,48.61930311189937,10.930015992949958,4.448
1143,2024-01-02 03:52:00,47.51246714351398,Local,1.1729307550659025,3,Sport,2,Moderate,35.87064221994347,Warm,91.07453641152767,24.97092281016009,6.6462403680894795,3.757
1423,2024-01-02 03:53:00,90.75045497069212,Highway,1.1918135365917362,3,Sport,3,High,28.871686501553377,Warm,88.1031071438012,33.868650555826214,9.105598521027623,3.72
1018,2024-01-02 03:54:00,54.50203952840473,City,1.2236154439669846,3,Sport,3,High,16.27526541130242,Mild,54.66935589574679,2.4294082961156116,7.0122124985414525,0.346
1017,2024-01-02 03:55:00,49.473567339799864,Local,-0.0448688758769497,2,Comfort,2,Moderate,37.43171141577575,Warm,80.69391077494248,35.446106898118565,6.729857195725621,5.267
1768,2024-01-02 03:56:00,112.16758985859612,Highway,2.4893169007290243,3,Sport,1,No Traffic,8.208949529894,Mild,27.806333566101557,5.305087651884749,11.707181139101609,0.453
1589,2024-01-02 03:57:00,30.105491986884022,Local,-0.0648208921163062,3,Sport,2,Moderate,25.361726943241667,Mild,23.219581649540057,39.033708011061925,9.594854451599222,4.068
1370,2024-01-02 03:58:00,14.45368079958785,Local,-0.2984088390201709,2,Comfort,1,No Traffic,8.731766995542595,Mild,80.25891314470087,43.854607044011274,7.111983235681339,6.166
1174,2024-01-02 03:59:00,70.14517359113498,City,-1.803715085936238,1,Eco,2,Moderate,9.155759148352669,Mild,54.0284219462947,15.84184664136462,7.444449071162415,2.128
1193,2024-01-02 04:00:00,116.31861747410149,Highway,-1.154069475861981,1,Eco,1,No Traffic,33.011912502187144,Warm,99.64394117916554,43.9186877011259,11.709273280543323,3.751
1501,2024-01-02 04:01:00,45.3407056472624,Local,-2.74599304489018,3,Sport,3,High,30.41598790551238,Warm,27.780337268442594,24.18357340365107,9.750308596866294,2.48
1987,2024-01-02 04:02:00,7.444411635453783,Local,0.8012117616970214,2,Comfort,2,Moderate,8.234834379580695,Mild,88.4502145228187,28.621646451187654,5.95227071044936,4.809
1112,2024-01-02 04:03:00,40.71663207714809,Local,-1.5087855364374427,2,Comfort,1,No Traffic,-1.337471795003279,Mild,58.39864524231934,20.60804526720578,7.535159869374566,2.735
1113,2024-01-02 04:04:00,60.71179851834701,City,-1.1750684730872094,3,Sport,1,No Traffic,11.091286281603931,Mild,86.17201564031016,23.87945216036441,8.526226369705448,2.801
1221,2024-01-02 04:05:00,19.430760795865645,Local,1.624887129985927,3,Sport,1,No Traffic,29.20258909683919,Warm,85.37018257361159,45.42271776115112,7.220120668779028,6.291
1677,2024-01-02 04:06:00,78.97226616677905,City,-1.0366729010312767,1,Eco,1,No Traffic,-0.4755037466747058,Mild,93.2793601089662,47.369990718353094,11.654850562619584,4.064
1946,2024-01-02 04:07:00,119.72992668122409,Highway,-1.546824647921147,2,Comfort,3,High,25.24453891254636,Mild,43.82800090288822,22.34886021036871,11.50497397362466,1.943
1830,2024-01-02 04:08:00,54.20873711777326,City,-1.9856535051977655,3,Sport,1,No Traffic,35.03934669612572,Warm,95.98394827696023,25.76663749103342,6.644904137309386,3.878
1643,2024-01-02 04:09:00,42.56742680762552,Local,1.6491504130917356,2,Comfort,3,High,3.06522200222712,Mild,32.13335682860962,5.897131678981198,6.3260166003784875,0.932
1896,2024-01-02 04:10:00,48.084500020136,Local,-2.2217624520598385,3,Sport,1,No Traffic,33.799194592879175,Warm,26.55750220747924,16.34849508072963,7.074408323323678,2.311
1263,2024-01-02 04:11:00,13.817541407424136,Local,-0.2774774384978791,1,Eco,3,High,-2.6886252894399028,Mild,54.529241389787934,25.71053522800292,6.16061564379684,4.173
1924,2024-01-02 04:12:00,105.99283217114686,Highway,0.0415806964631664,3,Sport,3,High,25.009611614075354,Mild,86.26583749134741,10.20887922988293,8.454353379758013,1.208
1054,2024-01-02 04:13:00,49.779078662562235,Local,1.1243394761142875,1,Eco,1,No Traffic,30.596751416914273,Warm,57.873690450675646,28.86900987536838,8.246465132304513,3.501
1870,2024-01-02 04:14:00,46.47292937098096,Local,0.7997008939979731,1,Eco,3,High,15.014475294669952,Mild,86.34293420244113,34.29563336876573,7.662396005244052,4.476
1642,2024-01-02 04:15:00,79.16283275165692,City,1.8643240376710484,3,Sport,2,Moderate,4.167791266608109,Mild,78.37494446354441,32.533006269537495,9.594749596855978,3.391
1799,2024-01-02 04:16:00,53.044010511734825,City,-2.7314913964425713,3,Sport,1,No Traffic,36.612827450657754,Warm,36.754270891114686,22.181373400115863,8.510064556346439,2.606
1777,2024-01-02 04:17:00,77.78801625694153,City,-1.2213556513236168,1,Eco,2,Moderate,-4.101400912857403,Mild,95.9105299919571,38.48902411595543,10.379914930004038,3.708
1457,2024-01-02 04:18:00,7.373554815694501,Local,-1.3191952873477215,2,Comfort,3,High,19.97820531532896,Mild,24.86249349035227,16.0441682984879,7.465084691358098,2.149
1978,2024-01-02 04:19:00,97.6468012466673,Highway,-2.123898566447351,2,Comfort,3,High,11.778223391726453,Mild,91.8623766035036,23.516919027365883,10.55991449888531,2.227
1877,2024-01-02 04:20:00,112.8604743455283,Highway,-1.2649304768613412,1,Eco,2,Moderate,15.747573796647057,Mild,44.35547591922992,13.580728924364038,11.211579799466922,1.211
1161,2024-01-02 04:21:00,77.85184633912631,City,-1.1414081151425794,1,Eco,1,No Traffic,19.14542753255031,Mild,60.01184665315194,30.22106664427632,10.166233295373564,2.973
1379,2024-01-02 04:22:00,114.54791146305728,Highway,0.1313067715648697,3,Sport,2,Moderate,19.063688001992897,Mild,53.78814981605876,22.09128095910614,9.81905123385953,2.25
1992,2024-01-02 04:23:00,18.171877724395596,Local,0.9822268735575364,3,Sport,3,High,4.163064869039442,Mild,33.746764553353295,10.933926052822702,6.259530844826536,1.747
1086,2024-01-02 04:24:00,57.28994273764244,City,-0.7133969183291153,1,Eco,1,No Traffic,25.586604530501948,Mild,48.65174931213545,15.478429247559388,7.927425652625898,1.953
1054,2024-01-02 04:25:00,72.21680807345368,City,1.316821387880287,1,Eco,2,Moderate,-4.1383268963534245,Mild,35.434754903423624,14.045457034678098,9.31572634354894,1.508
1475,2024-01-02 04:26:00,69.8083976905424,City,-0.98300796852252,2,Comfort,2,Moderate,-4.046715760421447,Mild,36.31091803684191,45.5545447107512,11.307504536501083,4.029
1799,2024-01-02 04:27:00,48.17541349068519,Local,-1.258297936111438,2,Comfort,1,No Traffic,16.531930357523947,Mild,34.964546882110426,26.14551834474717,9.076613367255984,2.881
1177,2024-01-02 04:28:00,40.57012912395137,Local,0.247128335142146,2,Comfort,2,Moderate,19.385629612162415,Mild,59.12139042772754,32.66752633926168,7.822479035902049,4.176
1390,2024-01-02 04:29:00,15.218882706050255,Local,-2.8577018381652564,1,Eco,1,No Traffic,7.370026676511717,Mild,83.83450940090525,46.74321530772251,7.490928460373909,6.24
1348,2024-01-02 04:30:00,47.009094067473384,Local,-2.5212652581959976,1,Eco,1,No Traffic,19.82539901320751,Mild,65.51760270089929,9.192667983923242,6.891571195154585,1.334
1007,2024-01-02 04:31:00,19.519297812658216,Local,-0.4921827384808379,2,Comfort,2,Moderate,18.224915484351556,Mild,91.45652708406736,46.85099848416419,5.938090647348584,7.89
1832,2024-01-02 04:32:00,88.1238811790662,Highway,2.657476268350539,2,Comfort,1,No Traffic,10.714924964769017,Mild,70.92355908613794,27.02789677494197,8.766967214144056,3.083
1312,2024-01-02 04:33:00,25.059712259350796,Local,1.3290706790605418,3,Sport,1,No Traffic,24.329858644530248,Mild,75.14720925060836,42.82508904173729,7.217761213643737,5.933
1758,2024-01-02 04:34:00,7.027836634144062,Local,-2.4712405829966535,3,Sport,3,High,38.10717474460461,Warm,73.40857837816026,8.482978189530922,4.057862640525475,2.091
1834,2024-01-02 04:35:00,66.28393653806812,City,2.077908076685242,1,Eco,3,High,17.086121249131097,Mild,55.95673545469929,13.719500372685172,8.468489477605502,1.62
1983,2024-01-02 04:36:00,71.4275679263282,City,1.3938046236490855,3,Sport,3,High,30.37228416737411,Warm,75.14710577600663,9.789134375912887,7.669807411197299,1.276
1982,2024-01-02 04:37:00,104.62956735366066,Highway,0.6656791542159191,1,Eco,2,Moderate,6.141845360784535,Mild,25.57661971751689,32.70574700851823,12.019553992816029,2.721
1442,2024-01-02 04:38:00,69.23779349012182,City,1.921757763655064,1,Eco,2,Moderate,29.287776707836656,Warm,88.78811775325305,7.12399398704043,7.643906498162244,0.932
1766,2024-01-02 04:39:00,41.457702446813485,Local,-0.5753409135422576,1,Eco,2,Moderate,24.200767952589743,Mild,82.22497147551339,39.64687531452332,8.042340086284126,4.93
1327,2024-01-02 04:40:00,96.36142578315848,Highway,-1.6709936948768835,2,Comfort,2,Moderate,23.786400096773672,Mild,39.61839665853431,12.59677092909352,10.103111981089496,1.247
1053,2024-01-02 04:41:00,64.83346718249052,City,0.0721403346525559,3,Sport,1,No Traffic,35.18659031990024,Warm,81.44259634032659,12.848225552776864,7.9672527539226765,1.613
1760,2024-01-02 04:42:00,9.51363415574301,Local,0.2930505335608426,3,Sport,1,No Traffic,5.500761472851327,Mild,21.01140811200148,14.127952689909494,6.340808751693907,2.228
1238,2024-01-02 04:43:00,67.90206723758959,City,0.2299582320594724,3,Sport,3,High,11.580255269092394,Mild,37.37972579847043,37.344765962955755,11.031372729087469,3.385
1228,2024-01-02 04:44:00,108.96222545059948,Highway,0.3904427488806314,3,Sport,1,No Traffic,-1.2619644345056424,Mild,25.210979093671675,46.218375985322474,13.384767850690482,3.453
1578,2024-01-02 04:45:00,47.55751505978647,Local,2.6922295094350845,2,Comfort,2,Moderate,27.675398954614543,Mild,82.41815332943158,45.384749706607806,9.493267210828725,4.781
1050,2024-01-02 04:46:00,35.559096227976006,Local,2.4134737385773883,3,Sport,1,No Traffic,32.97402783848253,Warm,80.46993209427097,5.152585628435178,5.789178558652182,0.89
1608,2024-01-02 04:47:00,17.216334842162407,Local,2.2543022193536366,3,Sport,3,High,13.262507663431135,Mild,85.09088190414646,13.195601475103024,5.0954205626232065,2.59
1603,2024-01-02 04:48:00,18.173462632242877,Local,1.8085008654517631,2,Comfort,2,Moderate,11.057206831071678,Mild,20.358535466042305,33.6418800995716,9.365937338406448,3.592
1263,2024-01-02 04:49:00,51.93257812101827,City,2.660568643591712,3,Sport,1,No Traffic,24.63933351354374,Mild,60.09861813427264,30.96567697381336,9.441438288357409,3.28
1417,2024-01-02 04:50:00,71.48157889938355,City,-2.4090321499235805,3,Sport,3,High,-1.598429264479837,Mild,76.38689580138691,17.56645033878777,8.87819851158597,1.979
1802,2024-01-02 04:51:00,9.67384862035221,Local,-1.409260431325563,2,Comfort,1,No Traffic,8.222885326134119,Mild,32.432090299121235,43.15588183839113,8.257355747625688,5.226
1095,2024-01-02 04:52:00,112.74823068301988,Highway,-0.0296643260724907,2,Comfort,3,High,11.479575934083268,Mild,71.98325820100997,6.610267128414942,9.76359390280199,0.677
1087,2024-01-02 04:53:00,90.61603409342352,Highway,2.079206958740431,2,Comfort,3,High,18.33656278138384,Mild,26.728807944774857,31.98769071645212,12.640958917595052,2.53
1077,2024-01-02 04:54:00,70.39487019403953,City,0.0309942691363946,2,Comfort,3,High,16.445614876105424,Mild,34.50606848834505,13.72691533699942,7.421819767652947,1.85
1287,2024-01-02 04:55:00,99.4126405126789,Highway,1.488208436049533,1,Eco,2,Moderate,4.390619024858207,Mild,58.06374519956808,26.406013640381385,10.828571403648244,2.439
1119,2024-01-02 04:56:00,9.622410817453597,Local,-2.1662405685065025,2,Comfort,1,No Traffic,19.33545432384996,Mild,72.28521221448815,19.435579865414304,6.151658713941353,3.159
1813,2024-01-02 04:57:00,57.22066532797493,City,-1.485517122140639,3,Sport,1,No Traffic,36.66409108990464,Warm,31.669530156311687,48.98878146143854,10.037556040936924,4.881
1490,2024-01-02 04:58:00,75.61117522339961,City,1.3906565702260345,3,Sport,2,Moderate,-3.781044936629155,Mild,34.81786646647503,24.3859444613524,8.6823613399945,2.809
1911,2024-01-02 04:59:00,99.4383487341947,Highway,-2.0115959466736557,3,Sport,2,Moderate,25.613795758210266,Mild,36.35570936525304,48.80706030019088,13.76141519652734,3.547
1451,2024-01-02 05:00:00,94.01634720591213,Highway,-0.8918643920704392,3,Sport,1,No Traffic,23.111906226803896,Mild,39.096064375918274,12.825543743847325,8.90453371829624,1.44
1499,2024-01-02 05:01:00,33.24830996560796,Local,-1.4108024531185714,1,Eco,2,Moderate,36.5992129620248,Warm,38.124307882103295,38.42025252084896,8.929261408613852,4.303
1164,2024-01-02 05:02:00,112.90562034710452,Highway,-0.9008298346651288,1,Eco,2,Moderate,24.04052231831868,Mild,51.61192867981094,35.88120044709624,11.907760456649571,3.013
1181,2024-01-02 05:03:00,14.921500971704443,Local,1.2499442944678218,1,Eco,1,No Traffic,23.11792206164695,Mild,72.30317206693783,42.39749984435885,6.946023801351259,6.104
1468,2024-01-02 05:04:00,105.01603423453824,Highway,-0.7929169131431939,3,Sport,3,High,29.64125470442081,Warm,55.042542650757575,34.71101244157734,11.29753886711867,3.072
1909,2024-01-02 05:05:00,116.51282995255424,Highway,0.3315799356476412,3,Sport,2,Moderate,7.051267696884711,Mild,82.07791269999106,34.149718996215064,10.791811371491905,3.164
1734,2024-01-02 05:06:00,21.258422786715062,Local,-2.4004087376735423,2,Comfort,1,No Traffic,21.807951809450667,Mild,77.54148047588919,33.06931708820299,6.467719993343773,5.113
1822,2024-01-02 05:07:00,86.64792770445423,Highway,1.8301061594077668,2,Comfort,1,No Traffic,18.373949921283067,Mild,30.122153123926054,49.254073446613454,11.773368354114076,4.184
1943,2024-01-02 05:08:00,4.834262253359816,Local,-0.7806682461112509,3,Sport,1,No Traffic,14.731262799473807,Mild,23.907329865659513,11.482079026285438,5.962502164196401,1.926
1977,2024-01-02 05:09:00,48.650739016698594,Local,0.8912049542000546,2,Comfort,2,Moderate,-1.423077468374263,Mild,90.2353251199685,1.602672874484654,5.167346685933515,0.31
1006,2024-01-02 05:10:00,61.95399590372088,City,1.3523376099709958,2,Comfort,3,High,8.16829861057786,Mild,26.386485325029874,33.930746135252484,10.440081478592402,3.25
1329,2024-01-02 05:11:00,69.67742710915608,City,-1.7420344673297976,3,Sport,3,High,7.599177129557626,Mild,31.867134457577045,8.699654722279424,8.437215211238088,1.031
1774,2024-01-02 05:12:00,112.31246978982712,Highway,2.3080499097200997,1,Eco,1,No Traffic,27.591293072380047,Mild,21.770662044649445,34.00125811503249,12.10519264092976,2.809
1672,2024-01-02 05:13:00,80.67008247530336,Highway,0.6973455096417176,3,Sport,2,Moderate,36.42952608446957,Warm,70.2669092238923,16.052302000402054,6.623399727111926,2.424
1150,2024-01-02 05:14:00,57.75335414630844,City,-0.4276491494911112,3,Sport,2,Moderate,5.385425029458187,Mild,66.58964505266789,2.2632506985837466,6.993995468796268,0.324
1084,2024-01-02 05:15:00,97.16100435190673,Highway,-1.9059888985306828,2,Comfort,3,High,-1.6419227498903344,Mild,98.95229331482044,38.51142281198161,11.423861772960826,3.371
1146,2024-01-02 05:16:00,114.06393851452908,Highway,2.65380562740724,2,Comfort,3,High,39.99806294659466,Warm,90.95459170537376,2.6772439244573345,7.996005438900919,0.335
1623,2024-01-02 05:17:00,2.647937841874901,Local,1.530409224789751,3,Sport,2,Moderate,26.104239856032468,Mild,52.86745419847278,11.284501950187645,4.601765388305084,2.452
1380,2024-01-02 05:18:00,117.90255267072465,Highway,-1.7518526236005068,1,Eco,3,High,34.89118811456159,Warm,49.7268672730028,16.88679082637934,9.22530783959052,1.83
1914,2024-01-02 05:19:00,10.33585668764164,Local,-0.973735351654653,3,Sport,1,No Traffic,1.474573713870832,Mild,43.7481627423988,6.72419758399192,5.562527775786586,1.209
1547,2024-01-02 05:20:00,97.72641351225136,Highway,1.8580455485284393,1,Eco,3,High,31.03456185028159,Warm,32.19255360303051,45.68710112856699,12.038869233833315,3.795
1284,2024-01-02 05:21:00,33.6401703061695,Local,1.1740659792920338,1,Eco,2,Moderate,31.59956856946451,Warm,31.04669252816073,31.129640896748572,7.385947832071194,4.215
1699,2024-01-02 05:22:00,15.86155893046461,Local,1.5947057562943456,3,Sport,1,No Traffic,1.8170016695774116,Mild,30.582696640768432,43.78225774564125,8.267954787726497,5.295
1081,2024-01-02 05:23:00,52.782676765660185,City,-0.3527933867224053,3,Sport,2,Moderate,2.263188104234308,Mild,29.12918057494228,34.13439794158307,10.253581192790495,3.329
1513,2024-01-02 05:24:00,77.27478953371363,City,1.2988575758530017,3,Sport,3,High,8.295304725481046,Mild,39.24096339244295,49.59807575958272,12.087910457390093,4.103
1896,2024-01-02 05:25:00,45.714221402817,Local,-0.681037662816518,1,Eco,3,High,4.75543514360829,Mild,44.533490425049315,26.305124663146906,7.89739642061245,3.331
1814,2024-01-02 05:26:00,6.547848993923875,Local,-1.7324224983708214,2,Comfort,1,No Traffic,38.89344586254673,Warm,96.92631768311328,2.7827857406366983,4.245970396220783,0.655
1708,2024-01-02 05:27:00,71.935336759046,City,0.7960622090481597,1,Eco,1,No Traffic,11.332472513639551,Mild,66.27786008015086,8.126846353448306,7.379016498974741,1.101
1915,2024-01-02 05:28:00,108.28839313328096,Highway,2.8560835535927653,1,Eco,1,No Traffic,29.25878852952431,Warm,99.00766196106248,29.462789832238812,9.687330205288132,3.041
1522,2024-01-02 05:29:00,45.9858439136702,Local,-1.1363941716280224,1,Eco,1,No Traffic,31.227286156720268,Warm,49.79735582605386,17.45165409897641,8.118517786011685,2.15
1745,2024-01-02 05:30:00,25.95993331569925,Local,-0.2341824467247621,2,Comfort,3,High,12.367339921960356,Mild,56.61013060715528,5.733350768167648,6.6075896665908855,0.868
1385,2024-01-02 05:31:00,53.10928151193784,City,1.0440082264191215,1,Eco,2,Moderate,25.716349942705097,Mild,45.96629273322233,11.983173121740576,7.288535149326163,1.644
1706,2024-01-02 05:32:00,5.8035253258537045,Local,0.2490376927349271,1,Eco,3,High,-0.1489936596922811,Mild,34.631012071724214,23.781079445338833,5.104679103198671,4.659
1470,2024-01-02 05:33:00,98.45851013763296,Highway,2.060566774254296,1,Eco,3,High,12.86329231668712,Mild,31.453176622206335,25.95727532379552,10.459817058709888,2.482
1118,2024-01-02 05:34:00,99.1608973140224,Highway,1.570456238817096,2,Comfort,1,No Traffic,38.52897970427049,Warm,95.60633582462656,46.735604814287704,11.549161882719226,4.047
1395,2024-01-02 05:35:00,70.56005561155541,City,-2.6502167768258578,1,Eco,1,No Traffic,2.5838794261121647,Mild,98.94485454390046,4.624894490507119,6.156944362900817,0.751
1531,2024-01-02 05:36:00,42.37234667260674,Local,2.990527403542644,2,Comfort,2,Moderate,12.357008711528408,Mild,23.592759720698524,17.95459176335331,7.173342630641425,2.503
1260,2024-01-02 05:37:00,95.974003733494,Highway,1.5144147223168032,2,Comfort,2,Moderate,30.573467945141463,Warm,32.027669978541326,25.351855648417303,11.05697981243817,2.293
1804,2024-01-02 05:38:00,66.56244297460407,City,2.1834198977646793,3,Sport,3,High,24.944046470970708,Mild,53.881927384081806,5.75205229051257,8.257386486317081,0.697
1933,2024-01-02 05:39:00,99.11187702600196,Highway,0.907186272572078,3,Sport,2,Moderate,23.418337070847933,Mild,34.90667810755259,34.421320961506055,12.65987643197619,2.719
1255,2024-01-02 05:40:00,75.77505510996248,City,2.1377107682805736,3,Sport,1,No Traffic,33.396585670409,Warm,49.11043149015066,25.799901756731813,9.35318759879815,2.758
1733,2024-01-02 05:41:00,94.12865678553568,Highway,-2.325702150427744,2,Comfort,1,No Traffic,-3.69077706393361,Mild,30.32770798877067,23.0296446931512,9.937438582139938,2.317
1904,2024-01-02 05:42:00,71.8275591861312,City,-0.9135729866441062,3,Sport,1,No Traffic,29.70239656818965,Warm,56.520940537743215,32.838420634221286,8.084168816911422,4.062
1225,2024-01-02 05:43:00,49.69692818587995,Local,2.2585256616269564,3,Sport,3,High,34.71470676471182,Warm,41.73556929354074,14.461953083096205,8.087585669878987,1.788
1052,2024-01-02 05:44:00,114.9535031911365,Highway,-1.7900687323986466,3,Sport,2,Moderate,-4.2721485126711425,Mild,48.152404460692864,17.032422373961456,9.408906256169868,1.81
1939,2024-01-02 05:45:00,64.93365898546136,City,-2.5305474085198636,2,Comfort,1,No Traffic,20.15333279982875,Mild,27.54501211701981,8.218655066208783,7.551682929925512,1.088
1866,2024-01-02 05:46:00,72.61074222486461,City,1.728713639671314,1,Eco,3,High,10.686481834478377,Mild,54.25024405681134,26.233925821711217,10.22909083293633,2.565
1499,2024-01-02 05:47:00,26.45851672976991,Local,2.0129169338597777,3,Sport,3,High,-2.7156781033905775,Mild,98.66060887692558,18.683196812084145,6.37324772842219,2.932
1505,2024-01-02 05:48:00,75.07809473127318,City,-2.0240866908605963,3,Sport,3,High,13.798665369316453,Mild,46.306643750495226,13.09051010989412,8.85600532955901,1.478
1853,2024-01-02 05:49:00,68.59291793795326,City,2.1260758966962925,3,Sport,2,Moderate,23.981356352734867,Mild,90.1143419873948,6.324636166942157,7.636951076627193,0.828
1363,2024-01-02 05:50:00,22.180607753642995,Local,1.1206067735830176,3,Sport,2,Moderate,36.35561342152266,Warm,87.45593132989481,1.2589376928315092,3.722838351330771,0.338
1279,2024-01-02 05:51:00,7.150451682377246,Local,0.1204960992995034,2,Comfort,2,Moderate,22.92387189232321,Mild,96.16467346377684,9.748278344918436,4.550793726637501,2.142
1592,2024-01-02 05:52:00,72.52311836577253,City,1.98150115668831,1,Eco,3,High,33.55343867001942,Warm,83.20876098136756,12.446567221638372,7.51020737118437,1.657
1713,2024-01-02 05:53:00,91.64307232203846,Highway,-0.484504504086205,1,Eco,3,High,0.4707178003554277,Mild,72.76774616470519,24.32327170675664,10.192328479707994,2.386
1157,2024-01-02 05:54:00,62.808164510640985,City,-1.8360362626596167,3,Sport,2,Moderate,4.473452538541039,Mild,88.52675553819661,12.125731510541035,8.054633728237233,1.505
1631,2024-01-02 05:55:00,27.212715038357484,Local,-1.290883940336318,1,Eco,1,No Traffic,38.663178889655555,Warm,26.05157445258797,40.900909334007494,7.701402383398199,5.311
1058,2024-01-02 05:56:00,79.98263720316419,City,0.0309841097598888,3,Sport,2,Moderate,34.93303106153997,Warm,57.02645257590462,23.759031617411797,8.504752649374197,2.794
1726,2024-01-02 05:57:00,9.612687193152269,Local,0.1879847560390546,3,Sport,3,High,5.5852128859011465,Mild,99.14049908920472,31.22815713940599,5.293596647811561,5.899
1127,2024-01-02 05:58:00,53.020044576234554,City,1.8334849586474016,1,Eco,3,High,22.943824680891076,Mild,81.56801210357858,10.476123389502956,6.025271730316817,1.739
1735,2024-01-02 05:59:00,19.60401100781042,Local,1.7481163419140069,1,Eco,3,High,11.318474133783962,Mild,96.96603024297784,20.86479363582049,4.123602240275165,5.06
1720,2024-01-02 06:00:00,22.135086127186003,Local,0.4881993432274489,2,Comfort,3,High,16.08693289279759,Mild,82.37074849067832,30.17859011252925,6.369757373954401,4.738
1881,2024-01-02 06:01:00,24.275273898984437,Local,1.6847129001928582,3,Sport,3,High,33.73951670915305,Warm,89.99055739537154,15.621189807826095,6.268250695108344,2.492
1114,2024-01-02 06:02:00,46.40484684527735,Local,-1.849359250237974,1,Eco,3,High,28.10706745598648,Warm,76.52237058425527,16.876250704410747,6.4026182846615045,2.636
1208,2024-01-02 06:03:00,6.138024674447715,Local,-2.6996128374402337,2,Comfort,2,Moderate,5.729915277404292,Mild,80.84016035337919,40.39051665874285,5.777707476230587,6.991
1525,2024-01-02 06:04:00,47.735212911491786,Local,2.241802935808201,1,Eco,3,High,9.21968836135971,Mild,61.85424078716005,41.87535037914177,9.543019912164803,4.388
1520,2024-01-02 06:05:00,61.4048936537641,City,-2.546673037423383,1,Eco,3,High,8.0369706918549,Mild,93.93901606513064,26.69375252784932,9.017677030053743,2.96
1551,2024-01-02 06:06:00,57.995314195959025,City,-1.5198694215360162,3,Sport,3,High,30.129825025333496,Warm,86.00311284986893,44.83089668992422,10.589561568383711,4.233
1961,2024-01-02 06:07:00,45.93409204836487,Local,1.171913697746307,2,Comfort,3,High,17.053978951157408,Mild,87.51079725325057,36.860431949517334,8.902760785588923,4.14
1236,2024-01-02 06:08:00,100.6975929684903,Highway,-0.5433123742361454,3,Sport,3,High,37.782593816097375,Warm,73.84072807704419,2.85954913587611,7.622041589098502,0.375
1280,2024-01-02 06:09:00,17.439203090460495,Local,2.2578838194930526,1,Eco,1,No Traffic,31.75092297530729,Warm,44.36639576697992,28.017725006205644,5.833165639430169,4.803
1358,2024-01-02 06:10:00,60.68360925376488,City,-1.2121212320263828,2,Comfort,2,Moderate,4.503749388456161,Mild,22.850383631211145,34.91988554060273,9.99626424629132,3.493
1200,2024-01-02 06:11:00,7.4449700347865155,Local,-2.928771919983844,3,Sport,2,Moderate,30.367425790954737,Warm,94.85241035276356,27.09015309327337,4.991297842394957,5.427
1757,2024-01-02 06:12:00,8.53868146534917,Local,-1.1960661566355353,2,Comfort,1,No Traffic,17.77357062462671,Mild,66.88962790443975,41.615594930857206,8.232524393967077,5.055
1277,2024-01-02 06:13:00,68.86390196125156,City,0.4684502951089899,1,Eco,1,No Traffic,6.416955678131725,Mild,43.85143769185122,15.11177278041674,8.292442973950239,1.822
1234,2024-01-02 06:14:00,67.92221098653852,City,-0.7443697475802402,2,Comfort,3,High,11.349928426805054,Mild,31.930808627803025,3.367408744055817,7.845493714215217,0.429
1493,2024-01-02 06:15:00,105.36402154133484,Highway,0.2092365345525317,1,Eco,2,Moderate,38.74567525345013,Warm,86.36185324006037,31.717664386377876,10.493709818358942,3.023
1003,2024-01-02 06:16:00,66.94484107920879,City,2.259588713010112,3,Sport,2,Moderate,16.778264916285618,Mild,86.92161555580631,36.56695059098557,10.196942850400742,3.586
1665,2024-01-02 06:17:00,115.17492244858202,Highway,2.4749103253822113,1,Eco,1,No Traffic,27.382263232479836,Mild,85.16063745044252,38.286168027729104,11.55474475312347,3.313
1441,2024-01-02 06:18:00,5.843381807991572,Local,-1.4041556120753274,1,Eco,2,Moderate,16.468838282324743,Mild,71.6066153573429,0.651920119435999,4.365146251014142,0.149
1028,2024-01-02 06:19:00,11.760922173688927,Local,-0.2271571603805959,2,Comfort,2,Moderate,11.720077323075364,Mild,49.28123100735007,33.701574591414214,5.711111968381929,5.901
1108,2024-01-02 06:20:00,5.287903388445767,Local,0.2948640914487068,2,Comfort,3,High,30.838900821671132,Warm,44.32562278242056,1.1343164366789054,6.284431847983765,0.18
1609,2024-01-02 06:21:00,22.233222040024803,Local,2.6946747413294823,3,Sport,3,High,33.17459582987783,Warm,20.684381609453617,38.76182222873649,9.442402142606818,4.105
1726,2024-01-02 06:22:00,64.95241331300137,City,2.9917039149863083,2,Comfort,3,High,-1.7649875450358348,Mild,86.68860469505923,35.184946517516586,10.865903761066688,3.238
1804,2024-01-02 06:23:00,77.46866177129137,City,-1.5875565069508402,3,Sport,2,Moderate,7.553991510924982,Mild,26.9946157994914,28.413953791732823,10.598281627533192,2.681
1074,2024-01-02 06:24:00,5.470218953840256,Local,1.3618792280748924,1,Eco,2,Moderate,17.85419714338963,Mild,70.46039984326141,25.36558785817481,4.284791594180146,5.92
1837,2024-01-02 06:25:00,113.51650678147192,Highway,-0.7318136266008288,1,Eco,3,High,9.242398634999493,Mild,60.32599574720707,35.783882366208374,10.47580950335614,3.416
1145,2024-01-02 06:26:00,101.05984519804572,Highway,-2.9513508186827204,2,Comfort,3,High,30.261235223233903,Warm,62.13514871410809,2.954045887012291,9.360881927825831,0.316
1127,2024-01-02 06:27:00,35.59349785885117,Local,-2.944484865384586,1,Eco,2,Moderate,0.1630012336990889,Mild,94.13702762462188,41.62624942934521,7.815140983200756,5.326
1852,2024-01-02 06:28:00,9.262503627176155,Local,-0.2366039546264655,1,Eco,2,Moderate,30.9009228828958,Warm,22.52920090169937,10.141186776466196,6.117238867443378,1.658
1041,2024-01-02 06:29:00,20.386448786286874,Local,-0.0699905219739922,3,Sport,1,No Traffic,22.804888773769317,Mild,81.87137797030178,23.941664269979515,5.532210391135073,4.328
1355,2024-01-02 06:30:00,15.23332965059672,Local,-2.8645818205593443,2,Comfort,3,High,8.021547334186735,Mild,24.16419186938457,24.391291294565914,8.643203093219483,2.822
1040,2024-01-02 06:31:00,14.79405351587362,Local,1.1215645006458148,3,Sport,3,High,10.50046097985306,Mild,23.052288474830178,38.878464298752064,8.633142692819407,4.503
1933,2024-01-02 06:32:00,62.22740263988807,City,-1.2359796684302813,1,Eco,3,High,3.2304619791940645,Mild,54.385415851310555,9.730254412972544,8.023035509670702,1.213
1033,2024-01-02 06:33:00,29.501693099208033,Local,0.3593586092156964,1,Eco,2,Moderate,6.365803013416201,Mild,25.046013947437334,15.057511973059386,6.646204174713441,2.266
1016,2024-01-02 06:34:00,42.97676598349733,Local,-1.1944855610074874,1,Eco,2,Moderate,27.27709910421234,Mild,83.13151610343297,33.1890872355739,8.384926951565202,3.958
1676,2024-01-02 06:35:00,118.7406400061187,Highway,-1.9971941107841569,2,Comfort,1,No Traffic,11.914786324353685,Mild,62.365047491866974,20.697309891470717,10.05456227061201,2.058
1152,2024-01-02 06:36:00,82.11770987104137,Highway,-0.556957568406748,1,Eco,1,No Traffic,25.9367862409172,Mild,22.323102612781955,15.013294790506556,8.702046057373325,1.725
1997,2024-01-02 06:37:00,113.87768004564016,Highway,-1.6063598112569957,1,Eco,3,High,18.134839349578662,Mild,23.24005491855356,31.109018801414575,12.567128391937883,2.475
1377,2024-01-02 06:38:00,17.106786603973873,Local,0.2088058615150085,3,Sport,1,No Traffic,1.5383987339766572,Mild,69.01348237915835,4.419952293796074,5.213286479964272,0.848
1587,2024-01-02 06:39:00,45.85673697990831,Local,-1.8070288182811205,2,Comfort,2,Moderate,17.458179150986144,Mild,84.4889454126724,39.50995073875524,8.527727336416701,4.633
1598,2024-01-02 06:40:00,66.56781639388251,City,0.0504358598677621,1,Eco,1,No Traffic,29.04114306291848,Warm,55.023962501981885,26.2849859399913,8.7127085992723,3.017
1628,2024-01-02 06:41:00,9.210967426648562,Local,-2.055728910786794,3,Sport,1,No Traffic,8.395397712594596,Mild,64.36645372284995,10.380423414505296,5.4384055478368865,1.909
1873,2024-01-02 06:42:00,0.5024932353549438,Local,1.0258482569147098,1,Eco,2,Moderate,24.16367491091176,Mild,83.98635632399213,20.484944273298815,5.5010414864047945,3.724
1341,2024-01-02 06:43:00,80.4521200556301,Highway,1.5236261066485444,3,Sport,3,High,3.9564694543768777,Mild,68.84049392334553,6.6407323837802785,9.206364396042332,0.721
1980,2024-01-02 06:44:00,77.01834201617224,City,-2.3376345945003973,1,Eco,3,High,1.106453106253796,Mild,37.98081901270556,30.867397535174632,9.592052056142265,3.218
1026,2024-01-02 06:45:00,49.29465719995341,Local,-0.1931855277759648,2,Comfort,1,No Traffic,11.21017587807805,Mild,69.0441620695583,33.498101502787044,8.037963077668422,4.167
1824,2024-01-02 06:46:00,58.75728912384392,City,-2.5747697960707585,2,Comfort,2,Moderate,12.514161716485162,Mild,70.26235672521707,20.323767812223572,8.172127877221568,2.487
1286,2024-01-02 06:47:00,49.85316007105075,Local,0.5890946732520144,3,Sport,2,Moderate,29.24543336651961,Warm,78.72855847049013,17.050555363557137,8.0729406286098,2.112
1645,2024-01-02 06:48:00,2.8806053813866628,Local,-1.4135742124221278,1,Eco,1,No Traffic,15.70354380705214,Mild,69.6699350045441,42.50425898214365,5.682262270117567,7.48
1730,2024-01-02 06:49:00,40.24459274609549,Local,0.165746741032247,2,Comfort,3,High,-1.3444297101131122,Mild,97.53937043664304,28.84585526118432,6.027905687816232,4.785
1167,2024-01-02 06:50:00,21.24987064767478,Local,0.1047660563057473,1,Eco,3,High,23.52997742599279,Mild,35.783064697365475,33.384361475053,7.007802182081379,4.764
1609,2024-01-02 06:51:00,11.810902692164248,Local,2.5461260771628025,2,Comfort,3,High,16.116396693972128,Mild,96.0872543653661,6.463203758757227,4.052203461403983,1.595
1267,2024-01-02 06:52:00,114.80645206672196,Highway,0.2944993354123371,3,Sport,2,Moderate,9.923944025439226,Mild,63.0671592280013,35.69493218365278,11.88878052888778,3.002
1748,2024-01-02 06:53:00,71.92316700505987,City,0.4979908783098938,2,Comfort,2,Moderate,31.099846387494377,Warm,73.75649123959296,22.286077648702573,8.961075992809807,2.487
1820,2024-01-02 06:54:00,87.43875410839232,Highway,-0.5900812454137183,1,Eco,2,Moderate,1.9473155602413,Mild,27.956927796175187,18.39675429707301,10.717200297291898,1.717
1454,2024-01-02 06:55:00,37.8436491919341,Local,2.694477619096901,1,Eco,3,High,36.09455547900835,Warm,50.44607531024856,46.47726956247519,8.544546844158976,5.439
1905,2024-01-02 06:56:00,47.17765553928182,Local,1.6631154566376578,1,Eco,1,No Traffic,10.03276706427,Mild,81.55033171705381,2.791305961078941,4.803762031997522,0.581
1684,2024-01-02 06:57:00,28.430879267606816,Local,-1.2875682581829506,3,Sport,2,Moderate,15.742365017918246,Mild,76.55288120791923,9.860759604482627,4.537616515995136,2.173
1400,2024-01-02 06:58:00,11.63588051585097,Local,2.065257514657392,3,Sport,2,Moderate,36.81548480020862,Warm,23.211151053232815,18.81450029574338,6.0415082517569125,3.114
1921,2024-01-02 06:59:00,21.483796492990056,Local,-0.4056218388894601,1,Eco,1,No Traffic,29.25579242819684,Warm,63.72754107977957,16.269600846407506,6.706963057466857,2.426
1980,2024-01-02 07:00:00,95.7016854355783,Highway,1.9720028612015632,1,Eco,3,High,-1.656390478783118,Mild,27.062255437472757,25.583124117186813,11.278899938089827,2.268
1475,2024-01-02 07:01:00,81.3054966220531,Highway,1.9373284097610115,2,Comfort,2,Moderate,21.02335864399168,Mild,99.668514334253,20.105012422792033,9.885100506778718,2.034
1701,2024-01-02 07:02:00,65.63146511825722,City,-1.8667788794228737,2,Comfort,3,High,8.966329225293775,Mild,91.78372708266356,39.4356240361285,8.457139075556082,4.663
1633,2024-01-02 07:03:00,57.01078474401217,City,1.206846788301462,2,Comfort,2,Moderate,17.881971242832403,Mild,21.686452834282957,38.42322760301171,9.851653607108917,3.9
1557,2024-01-02 07:04:00,110.69211403873491,Highway,-1.2561421841608134,1,Eco,2,Moderate,28.433606873537254,Warm,88.69196631221047,38.6415013242438,11.749348641000497,3.289
1575,2024-01-02 07:05:00,8.728193733440207,Local,-1.2150439800439907,2,Comfort,1,No Traffic,17.32778112633925,Mild,93.5543680446726,18.53079217364282,4.297093352614426,4.312
1129,2024-01-02 07:06:00,33.67209758854992,Local,-1.2219115387165156,1,Eco,1,No Traffic,-1.804015537472969,Mild,48.28385780507641,20.427687040296313,7.396906670171553,2.762
1821,2024-01-02 07:07:00,41.992542428485685,Local,1.3534094853596894,3,Sport,1,No Traffic,18.84912333743577,Mild,77.56013240382127,36.05105023302452,8.418364049919722,4.282
1362,2024-01-02 07:08:00,93.89109746553454,Highway,-1.6210437492447836,2,Comfort,1,No Traffic,-3.914165004793533,Mild,55.36829969662232,6.297498482707848,8.389943942256897,0.751
1704,2024-01-02 07:09:00,119.10175441943656,Highway,-2.994564988523458,1,Eco,3,High,10.678421081197357,Mild,72.41859876610752,42.61078889621626,12.646002677075009,3.37
1818,2024-01-02 07:10:00,28.880461770858368,Local,1.2914211208957989,1,Eco,3,High,16.51137353155443,Mild,47.22539234385532,27.108786066878388,6.591366590940115,4.113
1692,2024-01-02 07:11:00,104.91688009644967,Highway,-1.9728915369892484,3,Sport,3,High,24.01031035194824,Mild,45.80473893066147,42.44240650020128,12.849326970047018,3.303
1291,2024-01-02 07:12:00,99.67473125181496,Highway,-2.373105628152992,3,Sport,1,No Traffic,17.779305442975613,Mild,53.954711108606325,39.70078874869209,10.66137834839234,3.724
1370,2024-01-02 07:13:00,26.958887717011994,Local,-1.5749032764356392,3,Sport,2,Moderate,1.8376064746225984,Mild,31.64542069220009,18.78171596023641,6.668157764175994,2.817
1793,2024-01-02 07:14:00,47.91990962390671,Local,-0.7205968660637758,3,Sport,3,High,36.94979037824688,Warm,86.4911171548306,5.167829528951944,4.942836278688068,1.046
1028,2024-01-02 07:15:00,49.16074431510229,Local,-0.1445620351607957,2,Comfort,1,No Traffic,24.26348527380139,Mild,47.895831628930935,46.04942901641801,9.191120469397305,5.01
1148,2024-01-02 07:16:00,117.386480223187,Highway,-2.732579755724215,3,Sport,1,No Traffic,9.26355033062084,Mild,52.01196431246761,17.29580695085784,11.5729264172029,1.495
1778,2024-01-02 07:17:00,21.707028165467797,Local,2.823439995764163,1,Eco,1,No Traffic,38.467286280896865,Warm,91.52436901617156,18.74971035879368,4.79334455798911,3.912
1295,2024-01-02 07:18:00,95.89895653257383,Highway,1.2963783205173485,1,Eco,3,High,34.71599240990454,Warm,59.729905125053705,45.46152020235142,10.626460322034474,4.278
1010,2024-01-02 07:19:00,40.10312570077319,Local,-1.0608356080539831,1,Eco,2,Moderate,1.4570539905173767,Mild,63.540312748069034,45.87562542563758,8.952023206549384,5.125
1511,2024-01-02 07:20:00,87.70444149313924,Highway,-1.087816456287616,1,Eco,3,High,24.49430927979536,Mild,96.51984998216788,13.21901872602317,8.166490034472854,1.619
1675,2024-01-02 07:21:00,50.40132051547954,City,-0.3087447037892437,1,Eco,1,No Traffic,20.203125343894687,Mild,90.93811065159912,4.538918404238653,5.703580604314727,0.796
1112,2024-01-02 07:22:00,69.4031715739848,City,0.7574689365781975,3,Sport,1,No Traffic,3.67640152987874,Mild,33.55733671107516,0.15529050890021,6.47978623977172,0.024
1186,2024-01-02 07:23:00,99.91341279913571,Highway,-2.1217616004661934,1,Eco,1,No Traffic,5.506381322006304,Mild,57.8572023934484,21.970894782635625,10.46508083827518,2.099
1806,2024-01-02 07:24:00,96.49986779806608,Highway,-1.866421117410286,3,Sport,3,High,20.36981980979364,Mild,97.70369819428365,28.47181274120647,10.601752825073778,2.686
1743,2024-01-02 07:25:00,103.97078202476402,Highway,2.156607497001305,3,Sport,2,Moderate,9.457972795028969,Mild,49.789303858288214,13.589866356294122,10.035238252620442,1.354
1226,2024-01-02 07:26:00,7.154079041359083,Local,-1.4624704566655646,3,Sport,3,High,32.56741439928199,Warm,49.72584868129601,13.06150758983094,4.828002458906044,2.705
1309,2024-01-02 07:27:00,83.04606636476937,Highway,-0.7188300121489348,3,Sport,1,No Traffic,-0.601734411217663,Mild,35.602418543132345,17.903573765358914,10.413662011788064,1.719
1097,2024-01-02 07:28:00,16.798485206611545,Local,2.227631105700702,2,Comfort,1,No Traffic,36.13138479409506,Warm,29.145849129530017,13.22794663737516,5.97123863392984,2.215
1054,2024-01-02 07:29:00,49.89822816220932,Local,0.9788869763989352,2,Comfort,1,No Traffic,32.82486470807304,Warm,79.22438326047853,42.93607638715699,9.610303164823112,4.468
1622,2024-01-02 07:30:00,65.83060980656262,City,-0.9497287239498702,2,Comfort,3,High,28.2380567401186,Warm,81.60243749612133,32.17783531652894,8.669674274666159,3.712
1663,2024-01-02 07:31:00,48.32873816961969,Local,1.1021972743477244,2,Comfort,3,High,6.815526292082364,Mild,97.52103708024,41.464446960823416,8.658581627432296,4.789
1757,2024-01-02 07:32:00,62.3534010963609,City,-2.8819007077115177,2,Comfort,3,High,27.17310352189535,Mild,81.87345687242905,43.03786465531507,10.19220971687616,4.223
1405,2024-01-02 07:33:00,119.58315705583428,Highway,1.413855960068192,1,Eco,1,No Traffic,14.744640082838451,Mild,39.4681995226879,21.806996305706356,10.896748693532365,2.001
1068,2024-01-02 07:34:00,16.226077645542567,Local,-0.0779037569025629,2,Comfort,3,High,23.51910537531248,Mild,23.20932626308124,23.931114686635663,5.9016642696624855,4.055
1311,2024-01-02 07:35:00,81.05472544037107,Highway,1.8790928837067673,1,Eco,2,Moderate,9.064948774150954,Mild,98.83499074957282,48.89319797476297,11.360065385559947,4.304
1288,2024-01-02 07:36:00,47.52011596627383,Local,2.72782591203881,1,Eco,2,Moderate,32.61360342136129,Warm,47.236055643488456,40.860311626956154,9.28049299498904,4.403
1761,2024-01-02 07:37:00,15.961175868879454,Local,2.55473129696741,3,Sport,2,Moderate,-3.174075530650487,Mild,44.95772339459366,39.91492660922285,7.296221457381898,5.471
1547,2024-01-02 07:38:00,19.048411604917145,Local,2.455590260732045,3,Sport,3,High,26.115688601316258,Mild,92.4764167799506,29.22728904290493,5.555427440676478,5.261
1750,2024-01-02 07:39:00,113.91277274947404,Highway,0.0730197356033226,3,Sport,1,No Traffic,32.28840581724915,Warm,66.80799188359889,23.111397951375483,10.76063355800299,2.148
1147,2024-01-02 07:40:00,105.55217960541144,Highway,-0.8391473151663718,2,Comfort,1,No Traffic,24.089265182375463,Mild,37.18969390793077,44.74107376274619,12.055051833273444,3.711
1466,2024-01-02 07:41:00,108.84503524980262,Highway,-0.2097880516159636,1,Eco,1,No Traffic,3.639630195819061,Mild,91.12769941729916,40.24739238320178,11.042373330229424,3.645
1738,2024-01-02 07:42:00,118.9839330992864,Highway,1.1393760198801646,2,Comfort,1,No Traffic,7.824135090111836,Mild,99.46886840437946,25.887766475990023,10.279639618148527,2.518
1243,2024-01-02 07:43:00,24.997846801022156,Local,2.3039866612271203,3,Sport,1,No Traffic,18.17073825262377,Mild,26.934284892066454,13.597491018505048,7.5434454324342575,1.803
1490,2024-01-02 07:44:00,42.65272048368741,Local,-1.758082181999283,3,Sport,3,High,9.82520811725094,Mild,88.98013026419898,7.449242257427685,5.07655885353574,1.467
1848,2024-01-02 07:45:00,80.30628359098401,Highway,2.5091589507702183,1,Eco,2,Moderate,-4.778761023176076,Mild,51.24125581475152,27.68001485687576,10.082712151716356,2.745
1957,2024-01-02 07:46:00,58.05630478327767,City,1.891081391819334,1,Eco,3,High,-3.169484939995355,Mild,61.92579572053635,14.871897988915691,6.388585149566278,2.328
1506,2024-01-02 07:47:00,50.20674400540002,City,2.8731360910694077,3,Sport,1,No Traffic,29.549579395450387,Warm,93.18527806119846,13.284367729036685,6.537167889892768,2.032
1364,2024-01-02 07:48:00,42.93734992027117,Local,2.281510639690123,2,Comfort,3,High,-1.2331768243386083,Mild,97.87033566200938,5.378733094599888,6.211877007193994,0.866
1481,2024-01-02 07:49:00,71.25367583321426,City,-1.32037602184856,2,Comfort,3,High,36.76098350372043,Warm,40.97311283270395,1.8201887225936184,7.894795659307646,0.231
1200,2024-01-02 07:50:00,69.07121143680985,City,-2.3642645319357136,1,Eco,3,High,14.923140065334888,Mild,37.0280616767931,39.18935574620407,9.812035153114556,3.994
1153,2024-01-02 07:51:00,19.374940087708808,Local,-2.3265535680504685,3,Sport,1,No Traffic,29.11839872639652,Warm,26.44132468732095,5.488454829339903,6.599518898747238,0.832
1449,2024-01-02 07:52:00,56.60878050221269,City,-1.2526600885303434,2,Comfort,1,No Traffic,0.6477068230873186,Mild,64.94382821297104,44.441612386504175,9.352604081006575,4.752
1500,2024-01-02 07:53:00,66.41661314518198,City,0.6851023439072357,1,Eco,1,No Traffic,36.69283390346672,Warm,21.08835163605346,10.767762098957176,8.700858033601582,1.238
1072,2024-01-02 07:54:00,68.43443264776685,City,1.8259219565830351,1,Eco,3,High,-3.4786026571030377,Mild,52.951863808794926,38.00781705067105,10.54943466028892,3.603
1712,2024-01-02 07:55:00,25.212863149482217,Local,2.395501841889388,1,Eco,3,High,-3.103827767169971,Mild,25.870721332160684,41.167674062492864,8.289697743246798,4.966
1295,2024-01-02 07:56:00,89.07256707027442,Highway,0.7425203062153969,2,Comfort,2,Moderate,-2.543639890413947,Mild,52.41806263434672,39.648540512745925,12.4745801798007,3.178
1016,2024-01-02 07:57:00,3.023891378528356,Local,-2.966212123511678,1,Eco,2,Moderate,-0.3466327566432827,Mild,23.19457514124874,43.65550542133282,7.730578109920919,5.647
1640,2024-01-02 07:58:00,42.57982266517952,Local,-1.882099340888799,2,Comfort,1,No Traffic,16.907423974866003,Mild,86.8173808487015,17.05207076600667,6.7724112676489625,2.518
1216,2024-01-02 07:59:00,93.62551782427605,Highway,-2.4016427768797923,1,Eco,2,Moderate,30.47243989517358,Warm,36.77911951508527,49.295834966493864,12.794258554719162,3.853
1060,2024-01-02 08:00:00,67.66715052664829,City,-0.8200531465859395,2,Comfort,1,No Traffic,7.822652415534899,Mild,46.26469682863296,14.051775560445964,8.66692269462744,1.621
1938,2024-01-02 08:01:00,31.33949190130323,Local,0.0081059618024754,3,Sport,1,No Traffic,28.5599569762118,Warm,89.60383972851135,46.72147468590681,9.382848322454567,4.979
1615,2024-01-02 08:02:00,83.39437432116573,Highway,-2.739616928528635,2,Comfort,3,High,29.83274386458354,Warm,79.7012849065764,21.92826073331802,7.9129512907553075,2.771
1041,2024-01-02 08:03:00,68.0869132987288,City,-0.909132145226068,3,Sport,2,Moderate,35.87247984332907,Warm,37.52306893136467,2.940906461034144,8.523481068630458,0.345
1024,2024-01-02 08:04:00,95.54923313476648,Highway,-1.9249219522480645,1,Eco,1,No Traffic,1.7208364066495596,Mild,25.75195349259968,39.26733181832135,11.74293271865264,3.344
1038,2024-01-02 08:05:00,88.20302234277881,Highway,0.8824209975532433,2,Comfort,1,No Traffic,1.0990529065454329,Mild,77.25390214842716,39.3918005643633,10.828358589366184,3.638
1802,2024-01-02 08:06:00,73.21295064434815,City,-0.2143657840539599,1,Eco,2,Moderate,0.4942774990353067,Mild,51.25620405504875,9.945164934189313,7.923096201308915,1.255
1130,2024-01-02 08:07:00,58.58132103729768,City,-0.028094118396547,3,Sport,2,Moderate,11.168977407435564,Mild,81.2863999294577,41.19327116181925,8.306169591048748,4.959
1497,2024-01-02 08:08:00,15.98185508010281,Local,-0.4338492717992332,1,Eco,2,Moderate,17.023569888639088,Mild,55.62358179001683,7.96321220731132,5.011134099824871,1.589
1228,2024-01-02 08:09:00,31.35996214624605,Local,2.736118262919402,1,Eco,2,Moderate,15.772420975702758,Mild,47.68019303778211,7.656439782485944,5.910012792141988,1.296
1107,2024-01-02 08:10:00,50.29193675005023,City,-1.7115892492706206,1,Eco,2,Moderate,6.567192912990755,Mild,56.09643265699172,40.46507246790467,8.48436791566078,4.769
1171,2024-01-02 08:11:00,71.91591444076664,City,0.0999855590632456,3,Sport,2,Moderate,22.98908314585749,Mild,79.88471885365414,14.581934302946314,7.150985794848522,2.039
1434,2024-01-02 08:12:00,61.64494262583658,City,1.4161042101920156,3,Sport,2,Moderate,10.222313381524485,Mild,92.17762292322992,3.936203974563245,7.872350793385741,0.5
1477,2024-01-02 08:13:00,34.58214311514354,Local,0.3410664788073756,2,Comfort,1,No Traffic,11.473734463578396,Mild,23.981375727086043,47.82156489759495,9.81029821790372,4.875
1101,2024-01-02 08:14:00,0.7757229347652661,Local,2.5741253143008063,2,Comfort,3,High,-0.2511471738833286,Mild,61.92892329815641,27.896303780867353,6.122334591150322,4.556
1865,2024-01-02 08:15:00,59.54870662809767,City,-0.7321898661522948,2,Comfort,1,No Traffic,21.650410079098403,Mild,22.62683432671021,22.459066722672933,8.683785025314563,2.586
1523,2024-01-02 08:16:00,34.27511862746917,Local,-0.2179451653609319,2,Comfort,1,No Traffic,24.487616885273106,Mild,57.4727636019487,25.255091188666924,7.601930021429864,3.322
1274,2024-01-02 08:17:00,88.1529960852642,Highway,-2.4688661087116293,1,Eco,3,High,29.107759920771656,Warm,90.82262632775203,33.55546883154056,8.708341453709972,3.853
1612,2024-01-02 08:18:00,2.873551832458019,Local,0.6539946663115712,3,Sport,3,High,35.68041459072297,Warm,48.92722131362477,43.09713266355259,6.562191054913204,6.567
1043,2024-01-02 08:19:00,70.1793373566949,City,-1.2707281893113638,3,Sport,3,High,29.47020050456573,Warm,94.59603368645146,33.661686526548465,10.29333165485466,3.27
1954,2024-01-02 08:20:00,112.97690850072784,Highway,-2.038145762906587,1,Eco,2,Moderate,5.608464976753082,Mild,70.44867773204875,37.00236700917743,12.625013757427745,2.931
1816,2024-01-02 08:21:00,20.929112053379946,Local,0.2671877574270485,2,Comfort,2,Moderate,5.60448217589664,Mild,94.7324275034405,9.089638694925725,3.794028816786774,2.396
1956,2024-01-02 08:22:00,56.59793889007145,City,0.1938615802794636,3,Sport,2,Moderate,36.17892380028536,Warm,80.57333003300158,19.266244182394868,7.810073782485971,2.467
1016,2024-01-02 08:23:00,10.97063901805658,Local,-2.5447701526557145,1,Eco,1,No Traffic,30.556010623682777,Warm,28.274813331900983,29.282008671248395,6.885730501616039,4.253
1329,2024-01-02 08:24:00,75.08182947136231,City,1.1892927209668365,1,Eco,3,High,30.20108936399072,Warm,38.49210940501416,31.00838403428694,9.13613253648871,3.394
1568,2024-01-02 08:25:00,66.06380167154707,City,0.7426331439051173,2,Comfort,3,High,27.387114704974117,Mild,51.5336363666805,13.607586275411473,8.077652299607799,1.685
1822,2024-01-02 08:26:00,48.88386290553988,Local,-1.8658963035210168,2,Comfort,1,No Traffic,7.024089606420159,Mild,33.60855056096608,48.7516143698024,9.097571620063423,5.359
1496,2024-01-02 08:27:00,62.565242576848945,City,-0.1833908270757369,3,Sport,2,Moderate,33.13346540831705,Warm,59.59292838213284,5.997480010845025,7.506718787490305,0.799
1814,2024-01-02 08:28:00,107.58895901628122,Highway,1.3219374988713597,3,Sport,3,High,1.4298105136056725,Mild,57.70945245611925,5.702689573008931,10.720309494191802,0.532
1011,2024-01-02 08:29:00,23.555316277328046,Local,0.1766144432476588,2,Comfort,1,No Traffic,10.750792418405656,Mild,96.5007358421905,11.534594921840815,4.256848194739228,2.71
1317,2024-01-02 08:30:00,2.707741404641668,Local,-0.6270655428985785,3,Sport,2,Moderate,10.591354297139327,Mild,54.69823063167822,37.720271936423295,7.174982175652501,5.257
1591,2024-01-02 08:31:00,103.39978616389212,Highway,-1.0659692515143382,2,Comfort,1,No Traffic,20.20594637686156,Mild,82.85014434303983,1.9239092940117932,7.646781311156796,0.252
1215,2024-01-02 08:32:00,69.25404988654878,City,0.6623631998643216,1,Eco,2,Moderate,15.854960019800988,Mild,95.3528435881184,49.39450235231874,10.30073265985551,4.795
1338,2024-01-02 08:33:00,106.87901465542107,Highway,2.634652189861443,1,Eco,1,No Traffic,15.691365989494177,Mild,90.15910647791884,49.38769938167155,12.61548517447485,3.915
1775,2024-01-02 08:34:00,71.63342680958071,City,1.0304690428649002,1,Eco,2,Moderate,19.910759407581622,Mild,36.69340996092735,8.068241411703562,9.53866870155111,0.846
1990,2024-01-02 08:35:00,97.2193307951643,Highway,-2.551524578182107,3,Sport,1,No Traffic,13.693830471045796,Mild,59.68239154028354,20.120043386481168,10.891553003313891,1.847
1660,2024-01-02 08:36:00,51.56080360261775,City,-0.2358901591071971,2,Comfort,1,No Traffic,6.249245409298101,Mild,47.819182583674056,10.275475239675169,6.399180470352497,1.606
1080,2024-01-02 08:37:00,89.98319175459226,Highway,2.344944789063766,1,Eco,1,No Traffic,24.885432299530176,Mild,51.98869561097724,20.459959096619365,8.9948974325036,2.275
1726,2024-01-02 08:38:00,109.56497602678272,Highway,-2.4332254451934787,1,Eco,1,No Traffic,30.578502047728108,Warm,48.864546099660096,26.68985443113386,9.7004619798156,2.751
1484,2024-01-02 08:39:00,68.65475564666475,City,2.93325427282526,3,Sport,3,High,16.554814548006522,Mild,86.10873681400034,41.154324364647266,8.916700631444735,4.615
1373,2024-01-02 08:40:00,21.694218067485544,Local,2.694416361872528,3,Sport,3,High,24.226743402152824,Mild,56.171124409795794,1.8867841605934204,5.207609221813197,0.362
1975,2024-01-02 08:41:00,32.25571380362378,Local,-2.530353115620745,1,Eco,3,High,19.091347682036623,Mild,61.895546579575054,49.34619379169926,8.933527567834226,5.524
1709,2024-01-02 08:42:00,23.837349227688694,Local,2.60047992269733,3,Sport,3,High,-2.3451602658303896,Mild,98.59578856376598,47.03409169726996,8.49542125273396,5.536
1199,2024-01-02 08:43:00,29.622843311487948,Local,-0.8212044584432268,3,Sport,1,No Traffic,14.038809770386129,Mild,24.798341775321315,28.563823217059024,6.772818109130372,4.217
1536,2024-01-02 08:44:00,36.76985392212436,Local,2.0682550024551754,3,Sport,3,High,-4.556637521521822,Mild,59.03661118325991,24.09672930269876,7.341726181895562,3.282
1465,2024-01-02 08:45:00,66.61605441038262,City,-0.4896999737203709,3,Sport,3,High,24.78456751741411,Mild,81.92493655568929,27.577173198042033,8.70413696691999,3.168
1088,2024-01-02 08:46:00,70.55899553565993,City,-0.3548693237849045,2,Comfort,1,No Traffic,17.867266144807065,Mild,32.092956655058124,1.0202022284862708,7.331619007578251,0.139
1267,2024-01-02 08:47:00,51.179969669023336,City,0.8054585458652559,3,Sport,3,High,0.7074190830863616,Mild,68.92252756918191,36.91036633041111,9.444373884887352,3.908
1654,2024-01-02 08:48:00,73.85049357850025,City,1.6468645156559,3,Sport,3,High,19.398618943547717,Mild,39.15718236275734,24.87215561795964,9.583351965404148,2.595
1570,2024-01-02 08:49:00,9.78899107336391,Local,-2.797265094310508,2,Comfort,2,Moderate,35.42917013625952,Warm,89.39232905796541,14.37339198143772,4.074468160028596,3.528
1921,2024-01-02 08:50:00,10.534588446979196,Local,0.5589359731628054,3,Sport,3,High,10.32208441499282,Mild,46.16797323200635,23.13102358547582,6.022625961242617,3.841
1488,2024-01-02 08:51:00,20.619535242919017,Local,-1.879602035415774,3,Sport,2,Moderate,39.20659448048349,Warm,46.32502535207277,14.699133331510929,6.738030293607908,2.182
1876,2024-01-02 08:52:00,62.16929976484137,City,-0.9243028928207826,1,Eco,3,High,38.17209580339753,Warm,67.85551028143148,35.02754354665119,10.01959538532778,3.496
1537,2024-01-02 08:53:00,25.679361443797628,Local,-0.9121880030687012,1,Eco,1,No Traffic,30.33894291054198,Warm,34.6850326495927,30.76026676785435,7.706959442088675,3.991
1046,2024-01-02 08:54:00,33.99412841910928,Local,-0.1856379586730785,1,Eco,3,High,31.620999001852994,Warm,42.791091112244885,19.465820694593944,6.693582460419045,2.908
1287,2024-01-02 08:55:00,48.037540340759286,Local,-0.9951815287429596,2,Comfort,1,No Traffic,13.474541208992903,Mild,53.33054800955292,15.78067290536445,8.705625428146547,1.813
1777,2024-01-02 08:56:00,97.4239348812456,Highway,-2.3558332892959934,3,Sport,3,High,13.114349288369056,Mild,48.29102905120883,43.91402855432688,12.49056077662667,3.516
1015,2024-01-02 08:57:00,1.6634563095432142,Local,-2.126227568847291,2,Comfort,3,High,37.94788112201467,Warm,61.990177440446594,34.14370831805064,5.533765145229083,6.17
1710,2024-01-02 08:58:00,77.92545842839469,City,-2.799372086633414,2,Comfort,1,No Traffic,11.478831229913894,Mild,67.9712115255173,35.81751267676505,10.539529764244964,3.398
1400,2024-01-02 08:59:00,80.26518372488223,Highway,-0.1785054880274739,3,Sport,1,No Traffic,-0.6407199917130537,Mild,65.33339630001316,30.96841903725172,10.132185083681897,3.056
1918,2024-01-02 09:00:00,95.8386936427964,Highway,2.726686169117931,3,Sport,1,No Traffic,1.8715489686069269,Mild,72.33346495935459,3.854004456707743,9.456129324588908,0.408
1793,2024-01-02 09:01:00,111.9303526872376,Highway,-2.3059486581113005,1,Eco,1,No Traffic,26.967953433681497,Mild,44.61996132862562,3.0571980862924613,10.948715750753498,0.279
1980,2024-01-02 09:02:00,2.4165418739147793,Local,2.677586958018492,3,Sport,2,Moderate,12.234142079033996,Mild,30.114098172402244,21.515658768506633,6.617609865483844,3.251
1085,2024-01-02 09:03:00,18.454044661585943,Local,1.4001690883925608,2,Comfort,2,Moderate,3.9704277870486706,Mild,80.86460331448617,46.53194785708389,7.333620591600839,6.345
1249,2024-01-02 09:04:00,106.34055528671917,Highway,0.8249928176049792,1,Eco,1,No Traffic,31.620375790737867,Warm,88.06243061045456,26.28293313703873,9.896607684693718,2.656
1390,2024-01-02 09:05:00,55.02222746244185,City,0.8716665319413774,2,Comfort,2,Moderate,16.99030708029815,Mild,40.560498577794576,43.80663720336204,9.372411478876744,4.674
1781,2024-01-02 09:06:00,67.75087667201562,City,1.9603658903776928,3,Sport,3,High,20.543854214640294,Mild,52.56735649264158,4.917837117599188,6.353451004598715,0.774
1334,2024-01-02 09:07:00,79.56326444677768,City,-2.358480813721072,1,Eco,3,High,1.9277209592547877,Mild,59.885537357084424,36.24062763923968,10.57743235175287,3.426
1628,2024-01-02 09:08:00,81.48799253947648,Highway,0.0285259413932505,3,Sport,3,High,3.673939063717265,Mild,62.666147420234914,12.342358962544475,8.926295742452913,1.383
1518,2024-01-02 09:09:00,111.80884839798098,Highway,1.1825468295645507,1,Eco,2,Moderate,0.6635216638212595,Mild,72.75921368701215,26.272358374140573,12.06332568500795,2.178
1136,2024-01-02 09:10:00,119.63393008940037,Highway,0.5209226704413821,1,Eco,2,Moderate,18.1544259655494,Mild,23.328258668425708,14.71676141066838,11.884421902500272,1.238
1882,2024-01-02 09:11:00,86.41889531171283,Highway,1.9966744261397675,1,Eco,3,High,29.904565527726447,Warm,77.71816661872137,35.64543466410352,12.638539748878406,2.82
1687,2024-01-02 09:12:00,34.4665451046181,Local,-2.5663697459318913,3,Sport,1,No Traffic,27.952835974666343,Mild,24.95768055835282,20.104363733249254,8.389513284067581,2.396
1839,2024-01-02 09:13:00,105.57028827532125,Highway,1.1442062369949957,1,Eco,3,High,6.755386923499536,Mild,57.46308541382943,23.16220777572973,10.566563369604271,2.192
1497,2024-01-02 09:14:00,5.906509744891393,Local,0.2041663823083066,1,Eco,2,Moderate,33.319758455753686,Warm,86.21369084553552,12.342734121758305,3.7793581460491934,3.266
1826,2024-01-02 09:15:00,27.729702344939543,Local,-0.7250348161203393,3,Sport,3,High,-0.2452618336813952,Mild,56.097225062271704,14.144754963789069,7.078301079933352,1.998
1726,2024-01-02 09:16:00,107.68628609564578,Highway,-0.9583501065958152,2,Comfort,3,High,0.1322486537400058,Mild,31.927179901459823,9.055836966395828,9.50181711570298,0.953
1476,2024-01-02 09:17:00,30.74298173272259,Local,0.7249957966451572,3,Sport,2,Moderate,33.21869271718825,Warm,98.80270760047678,27.734547513672393,6.877342192946423,4.033
1593,2024-01-02 09:18:00,26.478127154609815,Local,2.345972247865589,3,Sport,2,Moderate,5.998880252915361,Mild,91.14283696594106,7.335348105969156,5.520706136141141,1.329
1222,2024-01-02 09:19:00,16.57503517682967,Local,-0.0229444433933085,1,Eco,2,Moderate,26.86521300880427,Mild,81.70509065800113,13.48331032245088,5.373953711898684,2.509
1989,2024-01-02 09:20:00,103.09341091762998,Highway,1.9483389844615209,3,Sport,2,Moderate,-4.591418363524582,Mild,52.920928231936834,26.57002159693952,10.232100296922836,2.597
1371,2024-01-02 09:21:00,60.00699110293041,City,-0.5870617089361949,3,Sport,3,High,-0.7879510121381124,Mild,34.707658151143825,13.814081823971543,7.901258920398739,1.748
1934,2024-01-02 09:22:00,80.98718436649858,Highway,-2.3856332232409407,3,Sport,2,Moderate,22.41799189250274,Mild,95.3128945134801,29.466133020742987,8.385161680651546,3.514
1994,2024-01-02 09:23:00,28.68796608900356,Local,-2.6309655812481685,1,Eco,1,No Traffic,3.2087179695057024,Mild,62.58809012137112,0.8067838224639687,5.632258323734958,0.143
1401,2024-01-02 09:24:00,90.96485052134598,Highway,-2.6919937720579346,3,Sport,2,Moderate,-3.7303841159257,Mild,88.18843683099881,48.66381710622723,11.467643939927704,4.244
1442,2024-01-02 09:25:00,91.20066539545182,Highway,-0.7190991482539806,1,Eco,2,Moderate,16.012604050749538,Mild,47.36760046075406,36.526443933383966,11.049264646761838,3.306
1489,2024-01-02 09:26:00,37.51176298899602,Local,-0.9765734949849474,3,Sport,3,High,9.87342246753334,Mild,46.823065366357646,25.240574514502537,9.040159419983716,2.792
1614,2024-01-02 09:27:00,49.28191596123394,Local,1.3076221417354166,1,Eco,1,No Traffic,31.101561763741486,Warm,98.84323845392314,46.04981220222648,7.835641453591688,5.877
1272,2024-01-02 09:28:00,25.162833291624104,Local,1.456929009509195,1,Eco,1,No Traffic,31.847304599648687,Warm,61.746643879587985,43.501327439154394,8.931362368591925,4.871
1525,2024-01-02 09:29:00,117.18732279874853,Highway,-2.6948761869975613,3,Sport,1,No Traffic,22.649040454413942,Mild,31.255633908859703,18.391060565427015,12.29620089986298,1.496
1158,2024-01-02 09:30:00,77.47230924700939,City,-1.6732604226659102,2,Comfort,2,Moderate,8.186518585590363,Mild,37.57397423957659,5.894845999639545,8.27488069350651,0.712
1151,2024-01-02 09:31:00,112.14526568586186,Highway,-1.3544288990466018,3,Sport,3,High,15.773199306810271,Mild,58.555542351417664,12.686396364630228,10.217481766536888,1.242
1994,2024-01-02 09:32:00,36.40626523549598,Local,0.2856719048568568,2,Comfort,3,High,26.601521219707426,Mild,23.397672839072907,10.513594546260364,6.427802931306467,1.636
1619,2024-01-02 09:33:00,93.82690955962676,Highway,-2.1329086565582984,1,Eco,2,Moderate,-1.8811151080114232,Mild,57.00271883026404,37.5278660335545,9.453167869665968,3.97
1187,2024-01-02 09:34:00,91.90303726616904,Highway,-2.196352683599998,2,Comfort,1,No Traffic,9.962368974765628,Mild,53.51526736641021,27.450683636399017,11.630858613791172,2.36
1812,2024-01-02 09:35:00,82.99867822398498,Highway,2.662733335247748,2,Comfort,1,No Traffic,32.00663654091273,Warm,82.34690122555895,42.51989933960218,9.985498056503562,4.258
1097,2024-01-02 09:36:00,115.87667703201603,Highway,1.825217443786686,1,Eco,3,High,13.2712844011158,Mild,48.39535715913934,24.536067448162335,11.53591130282923,2.127
1130,2024-01-02 09:37:00,47.22664033275787,Local,-1.9160705874529784,2,Comfort,2,Moderate,23.110060509195964,Mild,98.60390092316794,38.511276240077194,7.864098166996178,4.897
1804,2024-01-02 09:38:00,15.686078830770876,Local,-0.560593152567054,3,Sport,1,No Traffic,-0.6649533889128332,Mild,34.46159354407225,16.238799595930992,6.752375128274742,2.405
1170,2024-01-02 09:39:00,80.60506310928729,Highway,-0.8662680044546067,2,Comfort,2,Moderate,29.967068883282344,Warm,67.27893479745079,30.14732507056845,9.77369985774156,3.085
1935,2024-01-02 09:40:00,87.51717605726473,Highway,1.746024444392444,1,Eco,3,High,-0.4790529528241141,Mild,27.17594376066037,32.00606912802243,11.182333465382934,2.862
1985,2024-01-02 09:41:00,69.00726881505776,City,0.0612774988687325,2,Comfort,2,Moderate,33.768636452624065,Warm,78.70911871951856,37.98842584098704,9.943508551617734,3.82
1182,2024-01-02 09:42:00,24.818147176007553,Local,-2.232901578039198,1,Eco,2,Moderate,-0.2029529799640341,Mild,99.58029504495772,39.99447118091247,6.460711717317799,6.19
1982,2024-01-02 09:43:00,60.53471300032265,City,1.4339523789374633,1,Eco,2,Moderate,35.09017434263545,Warm,85.53109102013057,13.89750181101335,7.019260157761237,1.98
1363,2024-01-02 09:44:00,37.46276838829553,Local,-0.6186721306504861,3,Sport,2,Moderate,11.36964434022168,Mild,64.45628325762411,19.314394275626253,7.92037682258097,2.439
1038,2024-01-02 09:45:00,51.29598338000269,City,-1.4224545142071177,1,Eco,1,No Traffic,23.10388292984389,Mild,58.779308591975365,10.436041033649106,6.289507945547526,1.659
1526,2024-01-02 09:46:00,77.42622910135967,City,-0.7470082678756791,2,Comfort,3,High,33.094774823730596,Warm,86.80239690134775,37.416935088734114,9.830951700575024,3.806
1887,2024-01-02 09:47:00,89.42576912290015,Highway,-0.0134606183586218,3,Sport,1,No Traffic,-4.539136055424504,Mild,94.87792677685796,13.609340356296686,8.481776650429953,1.605
1496,2024-01-02 09:48:00,27.866962908161177,Local,-0.9413069014979434,3,Sport,1,No Traffic,6.956192263283707,Mild,99.13652206384744,19.611858168938276,7.222287410607742,2.715
1515,2024-01-02 09:49:00,48.6390432776344,Local,-1.548565364449453,2,Comfort,1,No Traffic,35.87522445816366,Warm,51.72313820515873,40.171021130759414,9.679845696453626,4.15
1348,2024-01-02 09:50:00,32.2993885189955,Local,-0.6089878271761178,2,Comfort,1,No Traffic,12.46792272631654,Mild,99.27339798356098,17.05615175613985,5.507936146699541,3.097
1981,2024-01-02 09:51:00,23.835793663424298,Local,-2.8849625355006108,3,Sport,3,High,26.786916660893105,Mild,32.47410017390652,14.645865427471367,7.788716082174724,1.88
1920,2024-01-02 09:52:00,94.0064663995006,Highway,1.6349870765778831,1,Eco,3,High,1.3005425269076092,Mild,40.28398207455274,32.59395350882405,10.33880151433617,3.153
1396,2024-01-02 09:53:00,109.1103233324391,Highway,-1.9743306385944852,3,Sport,1,No Traffic,25.526722063506828,Mild,27.121289978711697,48.77114193030011,13.396866007113909,3.64
1721,2024-01-02 09:54:00,44.427862282149206,Local,-2.7365723182161767,3,Sport,2,Moderate,-1.7077552013280526,Mild,41.73908131875854,3.2249360588351044,7.620364507685532,0.423
1160,2024-01-02 09:55:00,90.15347092485204,Highway,0.9221921574304752,3,Sport,2,Moderate,27.27963128941002,Mild,81.4350041294409,41.75594138856351,11.200731234417262,3.728
1015,2024-01-02 09:56:00,107.63943472372932,Highway,1.6436167729420337,1,Eco,2,Moderate,9.571222947405042,Mild,88.23394865427598,6.168081229568549,9.503440056366966,0.649
1492,2024-01-02 09:57:00,101.5349052636278,Highway,1.8829747895570588,2,Comfort,2,Moderate,15.963144517896986,Mild,82.31141160820573,17.310416051186618,8.810435716213311,1.965
1425,2024-01-02 09:58:00,21.937606624707108,Local,-0.0389449040364002,2,Comfort,2,Moderate,2.4817081435175083,Mild,70.4852622534157,20.894224838382957,6.5555704109830595,3.187
1107,2024-01-02 09:59:00,114.75502578160336,Highway,-1.7677908918600882,2,Comfort,3,High,23.25320579803947,Mild,61.117321001811646,35.96509406928874,11.629970784835937,3.092
1893,2024-01-02 10:00:00,45.201172851535496,Local,1.4233660634989604,1,Eco,2,Moderate,10.190543295143812,Mild,76.69634313709172,46.335639949436136,8.807124314888569,5.261
1449,2024-01-02 10:01:00,40.70887934086036,Local,1.198278462926023,1,Eco,3,High,12.251875272221042,Mild,51.26668394137774,5.190346918089836,7.451019511382901,0.697
1310,2024-01-02 10:02:00,7.49175927333364,Local,-1.5223755953809606,2,Comfort,2,Moderate,24.348681622936137,Mild,87.30466811997614,37.26594176070055,5.736296256229374,6.497
1738,2024-01-02 10:03:00,58.34083849258596,City,2.420446535176758,2,Comfort,2,Moderate,3.0487747550147795,Mild,74.17520751814283,16.18239053251755,6.905089536708351,2.344
1169,2024-01-02 10:04:00,13.081633876911445,Local,-2.373771251503026,2,Comfort,1,No Traffic,33.340400210750964,Warm,75.82437587955269,45.10535868502626,6.660763916375798,6.772
1545,2024-01-02 10:05:00,29.82477851129112,Local,2.8961294375479536,2,Comfort,1,No Traffic,28.267888250929936,Warm,62.8748794503257,13.983019332681655,7.108023537028404,1.967
1413,2024-01-02 10:06:00,38.03311461207377,Local,2.161486865864788,1,Eco,1,No Traffic,20.997850141217317,Mild,90.8183187368938,34.72371128733108,7.760022063129806,4.475
1250,2024-01-02 10:07:00,97.05915881900208,Highway,1.1273918728744512,2,Comfort,3,High,0.774988018710193,Mild,40.1611786943242,8.321314438076518,9.50610974195747,0.875
1758,2024-01-02 10:08:00,105.0586380475076,Highway,2.632499329678997,3,Sport,3,High,25.919936248011066,Mild,50.49181226888406,47.901559225462506,11.90630359545334,4.023
1780,2024-01-02 10:09:00,36.29595809537636,Local,1.3338670099422467,2,Comfort,1,No Traffic,-4.185528255971327,Mild,82.21140557421512,0.3157844958595939,5.612658968179821,0.056
1140,2024-01-02 10:10:00,103.04377454934888,Highway,-1.8572580178197244,1,Eco,1,No Traffic,31.197811069027473,Warm,59.419911690347014,11.719313667897774,10.323952240953194,1.135
1273,2024-01-02 10:11:00,102.86771248437492,Highway,-0.3470631713231293,3,Sport,2,Moderate,8.670896356274136,Mild,91.13712107393526,33.82961138998703,10.1930422456978,3.319
1415,2024-01-02 10:12:00,91.75811404618484,Highway,-2.5709818540101876,3,Sport,3,High,0.274519773865582,Mild,47.71194558102819,42.690859071469674,12.993808808802674,3.285
1607,2024-01-02 10:13:00,17.603413681821785,Local,-0.6620554662713074,3,Sport,2,Moderate,2.402002932528855,Mild,49.54641350557158,49.678509733767235,8.507995696151687,5.839
1738,2024-01-02 10:14:00,82.83874162808748,Highway,1.4496181184232515,1,Eco,2,Moderate,38.34104793287803,Warm,91.09886315093004,8.745705783283176,8.267262710768897,1.058
1890,2024-01-02 10:15:00,113.40288774966824,Highway,-0.6813398944150957,2,Comfort,1,No Traffic,29.822368803287382,Warm,57.14962561456328,15.4264776005236,10.667289202407533,1.446
1038,2024-01-02 10:16:00,81.90485745205885,Highway,-1.0182349471911951,1,Eco,2,Moderate,5.704238800138009,Mild,61.28996673619894,44.60341584996579,9.776245970400495,4.562
1813,2024-01-02 10:17:00,39.79402189294007,Local,0.5721343350618713,1,Eco,2,Moderate,38.3559809558325,Warm,46.62109722685435,1.7217458007665778,4.483673789085673,0.384
1028,2024-01-02 10:18:00,60.06951809169976,City,2.2332271739933702,3,Sport,1,No Traffic,1.3052951798144594,Mild,42.13359537432655,36.692758933052616,8.712561322977841,4.211
1957,2024-01-02 10:19:00,77.48700520212644,City,-2.714500844723325,3,Sport,1,No Traffic,28.00872453556486,Warm,72.47589686707136,21.21029095879924,9.3877138838596,2.259
1476,2024-01-02 10:20:00,61.268449047420425,City,-0.6871773918015878,1,Eco,2,Moderate,24.55328320835561,Mild,29.58725292329631,34.47201919193757,8.298091389438857,4.154
1317,2024-01-02 10:21:00,14.39435300771638,Local,-2.0505555491084237,3,Sport,2,Moderate,31.966454757350952,Warm,90.34181129463276,26.29251607981511,5.920465127005766,4.441
1244,2024-01-02 10:22:00,37.44768535824248,Local,1.172125504391218,1,Eco,2,Moderate,12.176442430294266,Mild,82.33625094120863,31.3928831533366,7.171237614269718,4.378
1747,2024-01-02 10:23:00,96.2875236664359,Highway,-2.3656526374131905,3,Sport,3,High,13.082595623984936,Mild,35.25986109646422,33.36651914095084,11.021693909145752,3.027
1696,2024-01-02 10:24:00,103.37016553146208,Highway,0.9888465514814672,2,Comfort,2,Moderate,23.105515829925544,Mild,75.52159566596524,31.59917264536049,9.643675140007163,3.277
1271,2024-01-02 10:25:00,16.476003925868426,Local,-1.282914775212556,2,Comfort,1,No Traffic,12.919259063434977,Mild,68.21063370285079,33.26169259955918,5.015484618485909,6.632
1439,2024-01-02 10:26:00,114.28641028784696,Highway,-1.806499117576652,2,Comfort,2,Moderate,-3.1392098284004684,Mild,34.76280405893153,28.460561838518803,11.848131842480996,2.402
1747,2024-01-02 10:27:00,39.45871414183312,Local,2.618115346949912,3,Sport,3,High,27.83686143152832,Mild,41.8562804840186,35.7233783822324,8.36486895899663,4.271
1238,2024-01-02 10:28:00,79.4776486476864,City,-2.888852539524265,3,Sport,2,Moderate,23.84257283748072,Mild,52.71892029870675,38.823571313489715,10.388002406755446,3.737
1376,2024-01-02 10:29:00,90.21901751480172,Highway,-0.3733363686625863,2,Comfort,3,High,14.067076574019149,Mild,75.93941881963791,39.41797739784577,11.257389227059887,3.502
1265,2024-01-02 10:30:00,97.433548156546,Highway,-2.8702380452292373,1,Eco,3,High,8.627330239605376,Mild,71.09787270536047,42.69030362976554,11.039100871360164,3.867
1925,2024-01-02 10:31:00,113.48996426711162,Highway,-0.0984417113740256,1,Eco,1,No Traffic,9.432662724731577,Mild,62.57878781413584,15.888480783088422,9.920101447054696,1.602
1920,2024-01-02 10:32:00,37.550345763458715,Local,0.0062842667665092,2,Comfort,2,Moderate,28.346288067030848,Warm,81.47284344912273,37.31409419913319,8.178718800007648,4.562
1358,2024-01-02 10:33:00,103.02077454618654,Highway,-1.070025171631518,3,Sport,3,High,27.812239554079422,Mild,80.63501916849327,47.33839843438944,11.4771733058999,4.125
1339,2024-01-02 10:34:00,15.802428412344844,Local,-2.207029334849858,1,Eco,2,Moderate,31.851328915356255,Warm,69.42873232498047,18.436657138863943,5.514694880309152,3.343
1388,2024-01-02 10:35:00,84.60490876243112,Highway,-0.7416747735931484,1,Eco,3,High,29.298119270624905,Warm,82.95920667078602,38.90429167500824,8.597452227912445,4.525
1576,2024-01-02 10:36:00,89.03732754167831,Highway,1.0335776395953964,1,Eco,1,No Traffic,29.10748909477293,Warm,46.74106998233674,14.6439926168152,9.30209443524942,1.574
1989,2024-01-02 10:37:00,81.32678894415845,Highway,1.6943748518667547,3,Sport,1,No Traffic,6.329795532494423,Mild,90.49996226580843,8.860906345521697,8.603852589762447,1.03
1688,2024-01-02 10:38:00,30.27776833621836,Local,0.1845036143288538,1,Eco,2,Moderate,-0.4274350430556275,Mild,69.19280686415526,22.376701917514417,6.346612948677129,3.526
1002,2024-01-02 10:39:00,104.7651776418244,Highway,0.5390063666385334,1,Eco,2,Moderate,29.278851971620774,Warm,85.78908110499444,40.34595473975201,9.408814730028311,4.288
1428,2024-01-02 10:40:00,20.2630156044474,Local,-1.7963017732520838,2,Comfort,2,Moderate,-0.5621891154911198,Mild,63.70232838322272,15.42541373083199,4.530609897912085,3.405
1141,2024-01-02 10:41:00,6.4361749824997005,Local,-1.2760180006341033,3,Sport,2,Moderate,39.19501323827409,Warm,37.47505959909443,14.817474474054778,6.56481936236573,2.257
1375,2024-01-02 10:42:00,86.09579887342946,Highway,-2.0286263396858493,2,Comfort,2,Moderate,34.379017035250314,Warm,63.39281029426469,13.955984255132238,8.35439335019778,1.67
1669,2024-01-02 10:43:00,57.05708582792804,City,-1.504227899972332,1,Eco,3,High,19.005772086453423,Mild,49.68893310212705,10.984237137651323,7.07748544951077,1.552
1323,2024-01-02 10:44:00,101.89176239504113,Highway,-1.6506793186468094,3,Sport,2,Moderate,10.848260429597264,Mild,75.79992288296756,30.594438541745465,10.2007735376455,2.999
1145,2024-01-02 10:45:00,46.007656926991075,Local,0.1166927183474255,3,Sport,3,High,18.707936617634303,Mild,58.063503338778865,12.242510571685289,6.9573655441269535,1.76
1957,2024-01-02 10:46:00,20.19343062092554,Local,0.3761325347443764,2,Comfort,3,High,28.043582489651683,Warm,86.88902439421501,46.75165082126228,6.43173137231564,7.269
1292,2024-01-02 10:47:00,100.37306309638436,Highway,2.669684524929026,2,Comfort,3,High,29.03484903522765,Warm,74.24580098575333,17.361959232203652,10.00251495997432,1.736
1664,2024-01-02 10:48:00,65.8691557968086,City,-1.8265761173908617,3,Sport,2,Moderate,-1.6850300607537068,Mild,74.76355464250591,27.16569797306972,7.599922251117216,3.574
1431,2024-01-02 10:49:00,22.703495086842587,Local,0.8500542609689754,3,Sport,1,No Traffic,31.218434270266776,Warm,37.3724266792852,20.51760606082853,6.686501300561649,3.069
1704,2024-01-02 10:50:00,86.44607983037349,Highway,1.9035556139251373,2,Comfort,1,No Traffic,23.867368676732,Mild,98.73998131930324,48.13951513113436,9.436505918762766,5.101
1948,2024-01-02 10:51:00,61.333636618740066,City,0.3614487826983152,1,Eco,2,Moderate,-3.1739173742658733,Mild,87.3340167417191,21.25817402021551,6.451229350640184,3.295
1974,2024-01-02 10:52:00,72.51755786883838,City,-1.4699780849935458,3,Sport,2,Moderate,9.092254261620562,Mild,83.12039076485557,28.228352966579056,10.63763996607608,2.654
1584,2024-01-02 10:53:00,55.307800584789824,City,-1.424698619879999,1,Eco,2,Moderate,17.978861591244215,Mild,46.417218012802195,38.19482067345299,9.89757754675541,3.859
1398,2024-01-02 10:54:00,99.44507805816076,Highway,-2.7644816815740008,2,Comfort,3,High,3.480317149246373,Mild,62.85053222777855,8.647697207155817,11.00232644993484,0.786
1816,2024-01-02 10:55:00,99.54752588196598,Highway,-1.16733464070911,3,Sport,1,No Traffic,1.9858237993549632,Mild,30.968255045946293,1.7288259476774943,9.130068750281753,0.189
1888,2024-01-02 10:56:00,85.12665861892634,Highway,1.46762207402028,2,Comfort,1,No Traffic,-4.357347593120206,Mild,63.07807813301648,22.800503772806987,9.523456202954804,2.394
1343,2024-01-02 10:57:00,12.648165287575472,Local,-2.7148934567573377,3,Sport,1,No Traffic,36.01977850530663,Warm,31.67113971866298,27.57698929137386,7.909852931672255,3.486
1963,2024-01-02 10:58:00,100.66246342848828,Highway,-1.684228304971016,3,Sport,1,No Traffic,-2.475142023641572,Mild,64.2430275191681,14.424345831225,10.79294634747735,1.336
1139,2024-01-02 10:59:00,80.52155766394918,Highway,1.2373949911906914,2,Comfort,3,High,11.470513965881306,Mild,71.89775041239244,23.178982825204013,8.953880394208495,2.589
1186,2024-01-02 11:00:00,83.64289992051594,Highway,1.6959093769372595,2,Comfort,2,Moderate,4.259723677217048,Mild,51.21567737999219,30.796506746158276,10.407170818404268,2.959
1804,2024-01-02 11:01:00,43.5579408484646,Local,-0.2680895396284297,1,Eco,3,High,28.346489599331257,Warm,59.88359026650346,48.66632056956966,7.845375636654317,6.203
1060,2024-01-02 11:02:00,105.5135467388408,Highway,1.1884460308718934,2,Comfort,2,Moderate,26.823309586669048,Mild,90.05227101396687,30.128680074476527,10.177508009038378,2.96
1996,2024-01-02 11:03:00,87.04459202818289,Highway,-0.6722869880706481,2,Comfort,2,Moderate,31.280008538289145,Warm,28.68505157622475,22.497979088071677,9.482976579911467,2.372
1938,2024-01-02 11:04:00,13.510855983503337,Local,-2.040520529855235,1,Eco,1,No Traffic,22.756373556024315,Mild,83.33863143997223,1.2241718487307005,4.2442757910643785,0.288
1379,2024-01-02 11:05:00,48.93336412873952,Local,-0.6111030388625611,2,Comfort,1,No Traffic,21.62439221500008,Mild,33.66036407969571,15.598103273259667,8.325826765297819,1.873
1709,2024-01-02 11:06:00,106.365643435217,Highway,0.4798069212188571,1,Eco,2,Moderate,13.3199821962348,Mild,22.93663862437027,17.98844958686463,10.561456329512694,1.703
1806,2024-01-02 11:07:00,5.6636042036854795,Local,2.688319691117342,1,Eco,2,Moderate,23.63614150489907,Mild,34.84596821960382,23.89953402552488,5.217275925811919,4.581
1439,2024-01-02 11:08:00,115.36999435704594,Highway,-2.587494287467936,2,Comfort,1,No Traffic,0.1842513235038865,Mild,81.20345519763917,39.13033603222911,12.00085013708568,3.261
1318,2024-01-02 11:09:00,81.49950819834754,Highway,0.0443645630697635,1,Eco,1,No Traffic,25.80307821409831,Mild,52.410085866948805,38.81678007131816,10.381956046113949,3.739
1301,2024-01-02 11:10:00,75.7651173172052,City,-1.0264813307356535,1,Eco,1,No Traffic,-0.3246008961610416,Mild,89.80164134769456,42.279770573234735,9.900560886222763,4.27
1343,2024-01-02 11:11:00,32.46711077855897,Local,0.0498701656601672,1,Eco,1,No Traffic,33.77829561396998,Warm,61.97660329458127,14.570628687438454,6.7025116131245515,2.174
1010,2024-01-02 11:12:00,29.85501464870125,Local,-2.85614731574081,2,Comfort,1,No Traffic,17.755726262217486,Mild,21.780028154106475,17.38832114173637,8.441100159052642,2.06
1061,2024-01-02 11:13:00,113.04698633863146,Highway,-1.121847871790512,2,Comfort,3,High,18.866060704103823,Mild,77.33708876815413,7.596920639645368,10.011625704771047,0.759
1844,2024-01-02 11:14:00,35.792694508094726,Local,1.91920888516203,1,Eco,3,High,21.318592099235612,Mild,28.818632697698614,42.88504723155489,9.06332186492669,4.732
1225,2024-01-02 11:15:00,93.06063560627992,Highway,0.3236504031278251,2,Comfort,3,High,29.922362454048567,Warm,83.15037067695395,32.64653473845553,9.305761659928912,3.508
1152,2024-01-02 11:16:00,47.1746157848495,Local,-0.2965050431032958,3,Sport,1,No Traffic,16.531177939247534,Mild,33.448203984414405,3.969740300475749,5.990401797651019,0.663
1710,2024-01-02 11:17:00,16.710488494164476,Local,-1.2868495697079625,1,Eco,2,Moderate,14.24146331412949,Mild,47.63571086444108,15.252484191160892,5.663016400055838,2.693
1563,2024-01-02 11:18:00,1.285835723443074,Local,-1.2117448632518646,3,Sport,2,Moderate,7.9750055547806,Mild,80.90171437002883,7.720980060640539,2.730559110772991,2.828
1771,2024-01-02 11:19:00,65.3108804418301,City,-0.7013913984564932,2,Comfort,1,No Traffic,0.7617707822916095,Mild,96.33850859811372,48.46448500537177,9.462702098959635,5.122
1570,2024-01-02 11:20:00,117.09345822587191,Highway,2.013424259787362,3,Sport,3,High,3.5654143484214895,Mild,49.71471605173859,16.297680147368798,11.967865852355288,1.362
1583,2024-01-02 11:21:00,44.29634325710454,Local,2.8032792408496103,2,Comfort,2,Moderate,-4.976247034137543,Mild,86.35201761591486,24.87371919659572,7.016713177258568,3.545
1659,2024-01-02 11:22:00,42.86308007916538,Local,-0.3680677118977531,2,Comfort,1,No Traffic,34.12397415035503,Warm,35.2633812380671,15.963310579980648,7.54519646983659,2.116
1860,2024-01-02 11:23:00,41.29099414193305,Local,-0.639882967513429,1,Eco,3,High,29.42312777044968,Warm,84.57438161619929,23.767396961132302,6.247150791098245,3.805
1574,2024-01-02 11:24:00,62.46526047658301,City,2.079304654919177,3,Sport,3,High,4.840709296853037,Mild,72.59952474050009,49.9312450737727,10.437662082532944,4.784
1309,2024-01-02 11:25:00,52.879786010915225,City,-0.4385680761821784,1,Eco,3,High,-4.892445923202261,Mild,35.41948057698947,14.440699927737317,8.149350012705419,1.772
1884,2024-01-02 11:26:00,105.58975520724174,Highway,0.3121090337739072,3,Sport,3,High,17.14523371879176,Mild,44.200316828112925,14.202840466064549,10.593857506216054,1.341
1242,2024-01-02 11:27:00,60.66249500681884,City,-1.6143500124075334,2,Comfort,3,High,13.565793969178172,Mild,30.54167108776288,18.63184060368444,9.065796194123172,2.055
1492,2024-01-02 11:28:00,60.93094058262825,City,1.4610152146744513,2,Comfort,3,High,29.92029796039264,Warm,50.637360885145064,8.548906991229837,7.099489484599589,1.204
1365,2024-01-02 11:29:00,16.604591366466792,Local,0.1919299096246911,1,Eco,3,High,13.130297801388302,Mild,36.29189128986219,36.975687861570194,7.491568859190146,4.936
1329,2024-01-02 11:30:00,117.92874490924632,Highway,1.8542073014420497,3,Sport,3,High,33.88507633856913,Warm,71.51983629043788,19.029081031944447,11.22158627741841,1.696
1106,2024-01-02 11:31:00,29.99674690425956,Local,1.684396380172018,3,Sport,3,High,-0.6872796920636217,Mild,99.5604083376447,29.08485298696892,7.665562691814078,3.794
1225,2024-01-02 11:32:00,8.80368809515232,Local,-1.7099713903798286,2,Comfort,3,High,11.463613881364662,Mild,20.960733046741133,33.099024103575914,6.968782742800627,4.75
1824,2024-01-02 11:33:00,79.57754987702505,City,1.2938133033465746,1,Eco,1,No Traffic,37.02734044009288,Warm,63.27358506298389,1.868637259855927,7.169609516259863,0.261
1217,2024-01-02 11:34:00,71.44396441882472,City,1.800326447708228,2,Comfort,2,Moderate,-4.472166995290454,Mild,65.89332780392078,32.23573932739964,10.223945638847669,3.153
1936,2024-01-02 11:35:00,49.81747847912949,Local,-0.9233565553056295,2,Comfort,1,No Traffic,12.585524080311608,Mild,93.13670317446496,26.685191021411836,7.817011380041354,3.414
1752,2024-01-02 11:36:00,50.663068065681365,City,-1.9643453225863527,1,Eco,2,Moderate,6.68664670299389,Mild,60.48042678135501,4.234235478108332,5.716157653466554,0.741
1505,2024-01-02 11:37:00,94.20767052557174,Highway,-2.9842070665224707,3,Sport,1,No Traffic,18.933732509938515,Mild,63.4961135715934,6.311877386614634,9.178900890676433,0.688
1258,2024-01-02 11:38:00,23.485516811957886,Local,-0.2945780814411112,3,Sport,2,Moderate,7.54450601253826,Mild,57.73222410627109,22.095841379382566,6.901899372986314,3.201
1887,2024-01-02 11:39:00,98.43039827338676,Highway,-0.8854036107669505,2,Comfort,2,Moderate,34.14586204576626,Warm,41.51234436491851,17.38075496073875,9.26182760763376,1.877
1773,2024-01-02 11:40:00,77.84965366740218,City,0.3294590029524533,3,Sport,2,Moderate,37.17122137839734,Warm,24.482330659913096,21.931040668753937,9.391979294701594,2.335
1516,2024-01-02 11:41:00,50.27637285354293,City,-1.8717534444672856,1,Eco,1,No Traffic,33.211043368327324,Warm,52.69261457678689,31.812202722945074,9.222843356118252,3.449
1772,2024-01-02 11:42:00,54.96343399006423,City,2.1579932859988507,3,Sport,2,Moderate,12.93555303525772,Mild,24.207317699254283,7.805798083038281,5.716669175326153,1.365
1053,2024-01-02 11:43:00,30.797664862331494,Local,-1.453468706231342,3,Sport,3,High,39.54701944912894,Warm,64.03939755727342,33.15598627415203,7.322550711421432,4.528
1046,2024-01-02 11:44:00,90.25371992363698,Highway,-1.6414223694741,2,Comfort,2,Moderate,28.076634248088624,Warm,44.58349145938345,40.92450663258485,11.209283017640985,3.651
1726,2024-01-02 11:45:00,61.54496907663213,City,-0.1157156610938643,3,Sport,1,No Traffic,11.002402148287857,Mild,62.68819212203422,0.2461187813678474,5.7445213481135635,0.043
1688,2024-01-02 11:46:00,38.50254512998123,Local,-0.0068938575343544,1,Eco,1,No Traffic,-0.7838230460542217,Mild,30.743757151614936,18.486333658436827,5.8955560883259714,3.136
1520,2024-01-02 11:47:00,71.52601389131402,City,-1.709488627289443,2,Comfort,3,High,25.017088737177797,Mild,94.61039725914875,13.830862762053334,7.705245601607119,1.795
1098,2024-01-02 11:48:00,119.48813424615876,Highway,-1.3688356396445054,1,Eco,2,Moderate,27.78553499043258,Mild,91.5616994839948,21.65678889708232,12.09498502384479,1.791
1019,2024-01-02 11:49:00,52.23147355878646,City,-1.9817685650685304,3,Sport,1,No Traffic,0.5106609799807451,Mild,35.19972073618276,30.80240795310665,8.138043033054307,3.785
1889,2024-01-02 11:50:00,110.48296809343437,Highway,1.3107610699390009,3,Sport,2,Moderate,19.7381358308316,Mild,47.47554266352079,9.459708135893424,10.041388412555849,0.942
1752,2024-01-02 11:51:00,41.40202079094793,Local,1.6205341875244912,2,Comfort,3,High,39.41895928242192,Warm,69.07942174815837,6.791371362366789,5.896559898845877,1.152
1572,2024-01-02 11:52:00,6.567924830998306,Local,-0.226029015244304,1,Eco,3,High,9.68089461246116,Mild,27.654896584472503,36.46903668475885,6.18382596369636,5.897
1890,2024-01-02 11:53:00,24.509052764211464,Local,1.2845221361101045,3,Sport,1,No Traffic,8.585276009478871,Mild,48.36542568929207,34.319081716632255,7.136853621510038,4.809
1489,2024-01-02 11:54:00,50.2434171993221,City,1.4156123516246728,3,Sport,2,Moderate,35.6485974741834,Warm,40.088982945520485,23.096140249594004,7.5185078610582945,3.072
1418,2024-01-02 11:55:00,26.35619143134828,Local,-2.1703468339331486,2,Comfort,3,High,0.2837220099275033,Mild,93.24133829733572,25.116004113218608,7.090569836542285,3.542
1689,2024-01-02 11:56:00,0.0272445861906645,Local,2.79706814900722,3,Sport,3,High,37.00873765188552,Warm,88.20085090313641,13.56607597616978,4.2533522592980635,3.19
1849,2024-01-02 11:57:00,109.80018452970327,Highway,1.926191682578586,3,Sport,1,No Traffic,30.076917712307026,Warm,66.3866193013491,16.526038468249165,10.168051898886867,1.625
1061,2024-01-02 11:58:00,101.26552934771148,Highway,-1.773099232825059,3,Sport,3,High,12.58781840198139,Mild,61.62770694972593,16.072120580365375,10.204108008547502,1.575
1144,2024-01-02 11:59:00,89.07506777843365,Highway,-1.8830097855235783,1,Eco,1,No Traffic,-1.240357084153174,Mild,94.45806356363175,36.34412192160291,11.077017583607478,3.281
1215,2024-01-02 12:00:00,20.137751477523437,Local,-2.2460331265225033,1,Eco,3,High,-4.137145643579698,Mild,94.59422263830524,27.826590779620098,6.000986185325408,4.637
1002,2024-01-02 12:01:00,14.443629145198326,Local,-2.1697286247484895,1,Eco,3,High,11.912403839700136,Mild,97.54641002813284,36.50148460073182,6.507805345004242,5.609
1159,2024-01-02 12:02:00,8.11256993668598,Local,1.488970794172177,3,Sport,1,No Traffic,26.740911301458,Mild,30.03031072865501,29.576761288623526,7.1364019060254655,4.144
1738,2024-01-02 12:03:00,86.88350265275055,Highway,-0.1820744582902587,2,Comfort,1,No Traffic,16.938814606100596,Mild,32.84462486105362,27.327251809968647,12.03599293404469,2.27
1997,2024-01-02 12:04:00,111.45695528254625,Highway,1.697605036439203,2,Comfort,2,Moderate,28.23933517647655,Warm,74.13893589439093,16.097039478797058,10.345794126593107,1.556
1780,2024-01-02 12:05:00,51.66429850956444,City,1.4775293661012323,2,Comfort,3,High,25.17568819267493,Mild,63.31475812878759,19.833743908842145,8.469697084956758,2.342
1119,2024-01-02 12:06:00,14.29688063952578,Local,0.6276762810313299,1,Eco,2,Moderate,20.780823521576487,Mild,21.477272391458875,44.38115401671458,7.766581637862628,5.714
1892,2024-01-02 12:07:00,61.48713848785279,City,1.1181996394720777,1,Eco,2,Moderate,38.53745863261845,Warm,24.958002879161548,28.838907033861375,8.275024926169,3.485
1088,2024-01-02 12:08:00,41.85982889503562,Local,-2.889865653725149,1,Eco,1,No Traffic,27.777299545906153,Mild,91.0464305807044,26.27031933955916,6.103522611488581,4.304
1328,2024-01-02 12:09:00,44.97899092199973,Local,-1.1293341191698685,1,Eco,3,High,36.1576052131649,Warm,89.5096636431509,2.7512606746832065,4.61019033018994,0.597
1579,2024-01-02 12:10:00,74.55967489868488,City,0.826933075556461,3,Sport,1,No Traffic,5.8972253944012785,Mild,48.58167375968361,33.577369571128024,10.711869833450136,3.135
1909,2024-01-02 12:11:00,86.24617359146428,Highway,-2.943930279082535,2,Comfort,3,High,27.113783204974055,Mild,91.28404935444276,34.33227065217968,10.541979255450885,3.257
1356,2024-01-02 12:12:00,13.272431864779302,Local,-2.80213833790444,2,Comfort,1,No Traffic,21.90112885368217,Mild,67.49400595183215,34.56376283421551,6.989931972150579,4.945
1609,2024-01-02 12:13:00,4.270827696777166,Local,2.111327894822299,1,Eco,3,High,36.59332435774839,Warm,84.47245176151215,4.6519835018579885,3.678272217899008,1.265
1266,2024-01-02 12:14:00,119.3196363222858,Highway,1.1041491701524304,2,Comfort,2,Moderate,17.970385793096796,Mild,54.19448569281714,15.09271747477298,10.677683441334214,1.413
1616,2024-01-02 12:15:00,27.92740186986622,Local,-1.4077816012779365,2,Comfort,3,High,7.583862056311824,Mild,29.071866187592697,18.62417970722435,7.549745116196341,2.467
1951,2024-01-02 12:16:00,6.459662989015089,Local,1.127777040712254,1,Eco,3,High,12.317753217034385,Mild,54.6981650116813,41.342195106810664,7.0195447452197275,5.89
1322,2024-01-02 12:17:00,22.785039491510396,Local,1.7547400148355798,1,Eco,1,No Traffic,4.847341244181752,Mild,56.58398383975183,49.03556943238034,7.385041846373376,6.64
1634,2024-01-02 12:18:00,4.674941561815706,Local,-1.1592343013393924,1,Eco,3,High,4.898784972468402,Mild,64.07553550724825,20.79590491443881,6.288896120363011,3.307
1987,2024-01-02 12:19:00,47.0173073540606,Local,-2.783775735004875,1,Eco,3,High,16.168971371199742,Mild,28.44661703235424,27.75860729589072,7.560542226344043,3.672
1540,2024-01-02 12:20:00,96.2882141341589,Highway,2.596674748126407,3,Sport,3,High,35.16559758818371,Warm,99.31214904396892,0.4661292079604818,8.139470951458138,0.057
1648,2024-01-02 12:21:00,40.949333970926475,Local,-0.9289209702262172,2,Comfort,3,High,3.634120428756521,Mild,39.530945664552505,0.5380861429137744,5.66149252490034,0.095
1194,2024-01-02 12:22:00,53.30200882540399,City,-2.3611094202917617,3,Sport,2,Moderate,7.9541505455852,Mild,35.88419228296743,3.817561429859568,6.371404681074951,0.599
1920,2024-01-02 12:23:00,81.07041282809266,Highway,-0.0488587716411155,2,Comfort,1,No Traffic,33.38446576231924,Warm,62.144233508474926,36.001375467967335,9.9421835417196,3.621
1737,2024-01-02 12:24:00,61.06728840838562,City,1.6108067739848029,3,Sport,3,High,10.266532490223192,Mild,62.976654351591094,8.989016231268758,6.8263058958274465,1.317
1331,2024-01-02 12:25:00,103.3734823225589,Highway,-1.670116112294645,1,Eco,1,No Traffic,38.30860308953714,Warm,55.18565902665954,37.91666563158047,12.122618208049465,3.128
1169,2024-01-02 12:26:00,103.92428100549078,Highway,-1.38305969919982,3,Sport,2,Moderate,7.101412440859354,Mild,81.75137170602036,21.650619959583207,10.40735674974012,2.08
1520,2024-01-02 12:27:00,1.1892834589384371,Local,-1.543710079208501,1,Eco,2,Moderate,14.896453976436,Mild,61.332352058288215,42.51345353447711,6.583737227038998,6.457
1462,2024-01-02 12:28:00,93.3655567779839,Highway,2.950038316990069,1,Eco,3,High,-0.6975527363266618,Mild,68.77563641159873,43.52878704275355,10.025859682664496,4.342
1039,2024-01-02 12:29:00,55.28803202900087,City,-1.8155775976167448,3,Sport,1,No Traffic,39.64791078843707,Warm,77.89971083262284,44.00366211700349,8.210840748284076,5.359
1536,2024-01-02 12:30:00,118.66086495643955,Highway,0.4531213017967439,2,Comfort,1,No Traffic,35.05639201940287,Warm,22.002008125109327,27.220781640017226,11.88044382583821,2.291
1260,2024-01-02 12:31:00,57.98784910505222,City,2.551587849941786,3,Sport,1,No Traffic,31.790301379425618,Warm,65.65153460360358,39.446520768590986,9.09869748346347,4.335
1394,2024-01-02 12:32:00,118.4275134465957,Highway,-2.1186205867333245,1,Eco,2,Moderate,2.080411175242329,Mild,90.73555769826956,33.12942046124222,11.596506402154404,2.857
1954,2024-01-02 12:33:00,90.54832334468838,Highway,2.8251251872062015,1,Eco,2,Moderate,38.621112603156114,Warm,21.39109943403471,9.416988343576994,8.901902559242721,1.058
1225,2024-01-02 12:34:00,29.83258615359676,Local,2.684863406373747,2,Comfort,3,High,36.8118078555966,Warm,52.41456830407689,19.137684602961446,6.034799922599957,3.171
1983,2024-01-02 12:35:00,64.60739751443492,City,2.3074319223495756,2,Comfort,1,No Traffic,14.60521488988837,Mild,94.0981960164664,48.12188136919338,9.066754375527768,5.308
1123,2024-01-02 12:36:00,119.05627673742993,Highway,-1.7126608720199863,2,Comfort,1,No Traffic,25.6736663365633,Mild,48.252352182603026,38.650978600129875,12.930114562633891,2.989
1974,2024-01-02 12:37:00,102.90367293023084,Highway,0.8043303360658998,1,Eco,2,Moderate,39.660629246142115,Warm,56.69830593601927,13.223394459988167,9.912641433986597,1.334
1037,2024-01-02 12:38:00,11.684027254946532,Local,1.5653488377674414,3,Sport,3,High,13.438534877481183,Mild,98.52331144354504,14.120619442031956,5.479860093235079,2.577
1327,2024-01-02 12:39:00,84.76463961719953,Highway,2.916167569178578,2,Comfort,3,High,0.0870560074337332,Mild,35.945908716045906,12.783638030003978,8.916766892363947,1.434
1250,2024-01-02 12:40:00,41.46955030449757,Local,-1.9174570675117777,1,Eco,3,High,34.050056566854856,Warm,25.220415130000475,16.50786977230772,7.686702534138814,2.148
1900,2024-01-02 12:41:00,0.8378714256417741,Local,1.596155397115779,3,Sport,2,Moderate,16.441830329912353,Mild,88.75380726890435,46.42253807554434,7.184750423000289,6.461
1175,2024-01-02 12:42:00,48.417716283239955,Local,-0.9671929804373224,2,Comfort,1,No Traffic,39.41362547766709,Warm,89.47722729698948,21.73376029815549,5.61914569531786,3.868
1601,2024-01-02 12:43:00,28.170530606996557,Local,-1.946241206591986,3,Sport,3,High,19.79017871821634,Mild,57.766226774401055,18.27619534545692,6.244037699262121,2.927
1913,2024-01-02 12:44:00,98.2643124624566,Highway,-0.4717383527168701,3,Sport,3,High,-3.673507838485893,Mild,61.1365739581829,12.03519853638168,9.645978728245892,1.248
1453,2024-01-02 12:45:00,40.47967306149186,Local,1.7630154728916985,1,Eco,1,No Traffic,17.127713362197106,Mild,86.86450956942689,44.6311624362183,8.564136845269463,5.211
1036,2024-01-02 12:46:00,99.30284327445806,Highway,-0.2109011777756873,1,Eco,3,High,27.31279581980322,Mild,79.0847598492636,47.873090364115974,11.28321435969914,4.243
1315,2024-01-02 12:47:00,0.071752660175437,Local,0.225138601218291,1,Eco,2,Moderate,-3.828648730861416,Mild,41.21192017736085,16.244718384109508,5.939725826820397,2.735
1687,2024-01-02 12:48:00,36.9382980031343,Local,2.9709564612007275,3,Sport,3,High,13.605192146309292,Mild,21.351468405721477,30.871005820051703,8.605405929272315,3.587
1972,2024-01-02 12:49:00,28.93982571693143,Local,-0.6053442026554441,2,Comfort,1,No Traffic,2.0002090203209315,Mild,58.37601300268366,47.92582403716812,8.624833290626928,5.557
1795,2024-01-02 12:50:00,28.02808332823332,Local,0.6924045282554392,2,Comfort,2,Moderate,23.939356945961137,Mild,88.71298608765132,25.02405205052155,7.552644875019277,3.313
1964,2024-01-02 12:51:00,8.182394371855523,Local,-0.8085347903077689,2,Comfort,3,High,38.080563195011855,Warm,91.66677413521298,23.486252006897335,5.119558062660042,4.588
1972,2024-01-02 12:52:00,22.45491244926021,Local,-0.6432861220277704,1,Eco,1,No Traffic,23.106320704988185,Mild,96.4980957660923,26.43194305779919,4.859554689410623,5.439
1592,2024-01-02 12:53:00,66.66594838627438,City,1.1738445206724482,2,Comfort,1,No Traffic,26.269496787365007,Mild,90.3650590090225,1.7551845923262852,6.2880035084792985,0.279
1113,2024-01-02 12:54:00,34.963328740529334,Local,2.627321856569301,2,Comfort,1,No Traffic,12.845330519152428,Mild,66.40348442384787,15.075938631706782,7.701836401982672,1.957
1039,2024-01-02 12:55:00,50.087373879497754,City,0.2541537029539285,1,Eco,1,No Traffic,20.341339102836237,Mild,55.56844793888807,34.97971169103188,7.217612546681886,4.846
1300,2024-01-02 12:56:00,45.22402564166262,Local,1.6103995736926793,2,Comfort,3,High,19.47359693586369,Mild,81.98798772272792,48.339804849214694,8.662468680120261,5.58
1223,2024-01-02 12:57:00,105.10859099998736,Highway,-2.464760647098217,2,Comfort,3,High,29.18228553705748,Warm,79.18573074924771,28.480361537320235,10.801425645777258,2.637
1317,2024-01-02 12:58:00,108.63587988126186,Highway,-1.7330517754084382,2,Comfort,2,Moderate,33.561024115913284,Warm,63.05147440651635,9.60474417170262,10.731352502665896,0.895
1348,2024-01-02 12:59:00,59.154836598703206,City,0.0127898455171946,3,Sport,2,Moderate,24.82986749273949,Mild,26.98618980467753,21.397982238699186,9.177400106736362,2.332
1114,2024-01-02 13:00:00,39.61871403787253,Local,-2.8799296582273515,3,Sport,1,No Traffic,39.09139608658207,Warm,94.0865077429535,24.55198229256447,5.889928314679611,4.168
1697,2024-01-02 13:01:00,12.816084480283635,Local,-1.4828701274246472,1,Eco,1,No Traffic,32.27297766360248,Warm,56.44820300013297,7.696013026470199,4.742918554530298,1.623
1322,2024-01-02 13:02:00,114.4083455258514,Highway,0.1044077389497966,1,Eco,2,Moderate,0.6091037012616276,Mild,49.06670255330114,16.531211773359583,10.630219414240726,1.555
1567,2024-01-02 13:03:00,7.227233388035694,Local,-2.9102328104621957,3,Sport,3,High,17.8363929273777,Mild,70.36539161350174,22.30872066065784,4.301362961894695,5.186
1039,2024-01-02 13:04:00,35.718033308193654,Local,-1.4127222826437498,1,Eco,3,High,35.645623541219656,Warm,73.90703689335815,13.168918968637287,6.053478864922457,2.175
1865,2024-01-02 13:05:00,35.7679441404005,Local,0.0841849168552171,1,Eco,3,High,37.47706909290462,Warm,36.85503336242411,17.758931307229208,8.180727687534475,2.171
1039,2024-01-02 13:06:00,38.44815433682579,Local,0.438895487887474,2,Comfort,1,No Traffic,12.10926722945791,Mild,86.9551075847965,13.884593587727336,6.099122231796354,2.276
1858,2024-01-02 13:07:00,19.714421192689112,Local,2.5545101583318326,1,Eco,2,Moderate,27.65668276824361,Mild,43.19496749299023,30.679793973193604,7.019503676436338,4.371
1972,2024-01-02 13:08:00,93.97937171084368,Highway,0.8720737395036471,1,Eco,2,Moderate,13.474546763907025,Mild,34.93471407314534,28.97227075522593,11.53814725132974,2.511
1748,2024-01-02 13:09:00,14.699743435918704,Local,-0.5115851848200377,2,Comfort,2,Moderate,0.5646874980744352,Mild,52.5119882283598,27.629593526571355,6.728339934223911,4.106
1288,2024-01-02 13:10:00,76.18879909837953,City,2.582107062798407,2,Comfort,3,High,34.80750872150882,Warm,78.44480647179722,4.92709242857295,8.16764419015607,0.603
1261,2024-01-02 13:11:00,14.861523204698097,Local,1.7092979003267654,3,Sport,2,Moderate,36.93789052205385,Warm,97.23665427518428,9.25952657997265,4.0708537675111565,2.275
1215,2024-01-02 13:12:00,8.464276511154786,Local,-1.7999464733235144,1,Eco,2,Moderate,17.713773906961297,Mild,84.74250114971466,5.6302757311423415,4.746940785957765,1.186
1146,2024-01-02 13:13:00,109.13154044230518,Highway,-2.214945831907081,2,Comfort,3,High,-4.176165613093532,Mild,95.22787021361536,3.257720241806998,9.65067198386694,0.338
1335,2024-01-02 13:14:00,22.81545195824468,Local,1.0548698144563975,1,Eco,1,No Traffic,31.72163128133169,Warm,31.248464326122143,12.41681102241482,7.4433643677266605,1.668
1167,2024-01-02 13:15:00,98.55001854716453,Highway,0.3592989934619028,1,Eco,1,No Traffic,16.46321648038559,Mild,25.694143909094144,9.80662140768177,9.784665367218723,1.002
1091,2024-01-02 13:16:00,65.3557045328563,City,1.738041682756534,3,Sport,3,High,-1.623723910629415,Mild,64.61638095253369,36.27732031020221,10.011627976178124,3.624
1352,2024-01-02 13:17:00,9.342782353052351,Local,1.4328303004721192,3,Sport,2,Moderate,3.522616729217269,Mild,43.22379864352275,34.8247522880261,6.452943797920459,5.397
1570,2024-01-02 13:18:00,114.6537829725681,Highway,0.7512692031450903,3,Sport,1,No Traffic,1.8453703103692776,Mild,86.24439783754183,10.146825023776074,8.622712762517343,1.177
1570,2024-01-02 13:19:00,29.635340039027103,Local,2.918293029773353,3,Sport,1,No Traffic,25.882548984387142,Mild,73.75902971218608,8.361629791875584,6.188184499603797,1.351
1815,2024-01-02 13:20:00,103.15744144231276,Highway,0.201538380662452,3,Sport,1,No Traffic,8.473427179036515,Mild,97.65825311886356,7.33029810041997,8.290401645905296,0.884
1680,2024-01-02 13:21:00,20.257200694147706,Local,-2.321365460989681,2,Comfort,3,High,0.7460732790149445,Mild,40.383388458504335,16.07049353405589,6.780296349425487,2.37
1780,2024-01-02 13:22:00,102.47314585702236,Highway,1.96964138889593,3,Sport,1,No Traffic,36.29419718061296,Warm,58.862729148418595,14.779924732018728,10.367168651686432,1.426
1362,2024-01-02 13:23:00,1.5874575486352782,Local,-1.488879825925746,2,Comfort,2,Moderate,38.04389765571114,Warm,60.09923819402826,1.5240267167741492,2.9870465308215643,0.51
1556,2024-01-02 13:24:00,61.41365478833768,City,1.66381288886351,3,Sport,3,High,1.2359142745137517,Mild,39.13414358859009,28.436736356681937,9.620209174647336,2.956
1344,2024-01-02 13:25:00,92.3331095305868,Highway,2.742642576000309,2,Comfort,3,High,5.360613398944357,Mild,67.20747195904062,44.91177032693711,11.496127794078632,3.907
1692,2024-01-02 13:26:00,112.175462099134,Highway,1.1807730837860475,1,Eco,1,No Traffic,21.64543238228871,Mild,55.46287888633916,26.98894754591469,12.807450610355389,2.107
1169,2024-01-02 13:27:00,109.10425634477843,Highway,0.5761809656988066,3,Sport,2,Moderate,1.772853227431333,Mild,55.73772447918989,3.2840258101515873,8.42409667498647,0.39
1355,2024-01-02 13:28:00,98.35498434571738,Highway,-0.2376829459497562,2,Comfort,3,High,2.1366261806625335,Mild,49.01893183779869,30.01759261432995,10.323229496323266,2.908
1190,2024-01-02 13:29:00,106.5829619593565,Highway,-0.8135408040275802,3,Sport,1,No Traffic,10.145921878182554,Mild,21.354348194042807,24.299306194622545,12.359406582661112,1.966
1666,2024-01-02 13:30:00,23.90636230044918,Local,-0.8819714941689822,2,Comfort,2,Moderate,37.71266497906023,Warm,61.76761895318312,45.35574935500938,6.169107725452157,7.352
1421,2024-01-02 13:31:00,34.10211548540745,Local,0.8182362342575438,2,Comfort,2,Moderate,38.30989883603208,Warm,46.81982685602649,18.22465038600829,6.574939779105342,2.772
1699,2024-01-02 13:32:00,34.67622299052702,Local,1.5076387016264752,3,Sport,3,High,32.88047124214165,Warm,20.105589518746378,37.62390331873292,8.997799731054952,4.181
1006,2024-01-02 13:33:00,45.24647172020386,Local,1.071102416906486,2,Comfort,1,No Traffic,26.307081306807273,Mild,44.63549661295456,2.018168542943403,6.450589299700004,0.313
1132,2024-01-02 13:34:00,47.198480446222646,Local,-1.8095393928386236,1,Eco,2,Moderate,27.430301463553867,Mild,42.29026664718056,36.10250496230103,8.716491628794602,4.142
1746,2024-01-02 13:35:00,65.34663895856106,City,-0.0360769191390528,3,Sport,3,High,16.13077793893304,Mild,51.475852257890864,2.1721772393414325,7.119430950739548,0.305
1556,2024-01-02 13:36:00,19.185571603972967,Local,1.7498404330983774,1,Eco,3,High,18.8569582669997,Mild,30.548159171471756,17.301292357356168,6.237101958831598,2.774
1825,2024-01-02 13:37:00,82.94959965431872,Highway,-0.1457755308656625,2,Comfort,3,High,23.550369700269464,Mild,60.61470597080675,47.409482604905904,10.7299143228506,4.418
1760,2024-01-02 13:38:00,20.107984716540777,Local,0.2197396784129628,2,Comfort,3,High,27.907898687256512,Mild,75.3952282014504,35.189919675305795,6.906302473669863,5.095
1030,2024-01-02 13:39:00,37.237017852545705,Local,1.6268162890249327,3,Sport,3,High,-0.6419222370251925,Mild,70.4148455243658,46.258652992447495,10.23612211657865,4.519
1534,2024-01-02 13:40:00,60.40141567273849,City,0.967591837590549,1,Eco,2,Moderate,5.11991543557998,Mild,84.30039580553525,24.84306318303356,7.639648489398596,3.252
1425,2024-01-02 13:41:00,95.57286738281728,Highway,-0.5439304747056442,1,Eco,3,High,38.33244360862055,Warm,56.16066303896649,30.350209603213553,10.443342038733537,2.906
1393,2024-01-02 13:42:00,88.73630798864727,Highway,2.3724762671653137,3,Sport,1,No Traffic,10.08140194572605,Mild,61.52733842717826,25.935640447184216,10.224075948009446,2.537
1671,2024-01-02 13:43:00,77.46412276926267,City,-2.0245975880191285,1,Eco,1,No Traffic,7.08133948636913,Mild,84.83215526871867,23.99534286391396,8.516363929815245,2.818
1362,2024-01-02 13:44:00,18.692791269620415,Local,2.9730986915419484,3,Sport,2,Moderate,13.986009045594542,Mild,54.21609366553909,28.95370845783534,6.502636013753846,4.453
1436,2024-01-02 13:45:00,65.64544147386933,City,-2.286884529142577,3,Sport,3,High,8.091433769496792,Mild,76.12794799196776,2.041077818723743,7.339941059809352,0.278
1669,2024-01-02 13:46:00,10.493580215986253,Local,-2.9103001733745666,2,Comfort,3,High,-0.8968913351665178,Mild,54.76818949743935,9.36562849900234,4.363935954376766,2.146
1550,2024-01-02 13:47:00,45.28358121559809,Local,2.3401134068925877,2,Comfort,2,Moderate,4.3582509356891475,Mild,53.41889556092501,10.80961540443958,7.538393029888175,1.434
1926,2024-01-02 13:48:00,49.6219836347951,Local,-1.5302789498042637,1,Eco,3,High,23.807190891204996,Mild,80.81644996233283,19.204161687319463,7.6301243962470675,2.517
1081,2024-01-02 13:49:00,4.777372733490459,Local,1.3781977646803254,3,Sport,3,High,5.043215067372971,Mild,33.986953237296895,21.784301643315672,5.616615186523922,3.879
1355,2024-01-02 13:50:00,32.87857193639662,Local,1.866092249592416,3,Sport,1,No Traffic,24.145023851267595,Mild,47.08687775532589,37.011935084694144,8.447021620723776,4.382
1257,2024-01-02 13:51:00,114.67793607197872,Highway,2.153918346192701,3,Sport,3,High,-0.4963597293438475,Mild,37.93378213975214,8.360449903414887,10.84403116288,0.771
1717,2024-01-02 13:52:00,114.43591293956274,Highway,2.9495654139850007,3,Sport,2,Moderate,-3.1155642683385905,Mild,48.72879543740777,28.537635295135065,12.250278055492233,2.33
1588,2024-01-02 13:53:00,42.27924651030472,Local,-1.2357617397600056,2,Comfort,1,No Traffic,33.770545719663644,Warm,38.42998578928192,13.68722823044345,6.833043921409951,2.003
1988,2024-01-02 13:54:00,5.172013073798887,Local,1.2614600515635548,1,Eco,2,Moderate,29.201178799376187,Warm,66.35245048693237,25.831121846496263,5.802545573804876,4.452
1523,2024-01-02 13:55:00,21.491392719381786,Local,-2.3076008503150307,2,Comfort,2,Moderate,24.971245728086796,Mild,83.85366420942762,31.36810481138653,5.360349152413589,5.852
1294,2024-01-02 13:56:00,47.06613521202482,Local,-0.5591442518589034,3,Sport,3,High,-3.6095345178410736,Mild,82.92904489743215,29.164281624337367,7.259262486975059,4.018
1961,2024-01-02 13:57:00,113.73356375630756,Highway,2.0878301598755424,1,Eco,3,High,5.770927081918266,Mild,49.160077163903395,10.847501819374376,9.775242885251174,1.11
1223,2024-01-02 13:58:00,16.943887624462192,Local,-0.7940517236453499,1,Eco,1,No Traffic,31.554144721851728,Warm,99.10083247154094,35.501711163914585,6.114713102716379,5.806
1524,2024-01-02 13:59:00,91.62190124018548,Highway,0.5465722832136843,3,Sport,2,Moderate,1.510044927634505,Mild,67.50834917646407,32.72401408137373,10.778606830396578,3.036
1045,2024-01-02 14:00:00,13.04190472496305,Local,0.0226406623478041,3,Sport,2,Moderate,31.578404795219363,Warm,51.95202414226358,46.60696383682525,8.399547222213702,5.549
1666,2024-01-02 14:01:00,117.75090928695322,Highway,0.8757091866722702,2,Comfort,3,High,21.29050973691311,Mild,86.84314233931404,31.74418103406718,12.004216318342738,2.644
1112,2024-01-02 14:02:00,45.7939798930962,Local,2.83736633632617,2,Comfort,2,Moderate,28.316576550864063,Warm,78.38992101141127,36.04418796093926,7.884058081989451,4.572
1232,2024-01-02 14:03:00,93.02814466788672,Highway,-2.6655868409915873,3,Sport,2,Moderate,24.002818530302783,Mild,79.94202694592835,40.57027988057095,12.354761696894798,3.284
1016,2024-01-02 14:04:00,41.11092993733582,Local,0.4437691050097783,3,Sport,2,Moderate,13.764531103768952,Mild,35.69114797870973,5.389613708763431,6.436696924319357,0.837
1359,2024-01-02 14:05:00,75.32026525905704,City,2.178172675501709,2,Comfort,2,Moderate,8.138980700361598,Mild,57.46594458948441,34.84708016885255,9.527550916065444,3.658
1222,2024-01-02 14:06:00,23.04193016880441,Local,-0.1117037295094349,1,Eco,2,Moderate,25.27281303658812,Mild,88.94625046596822,15.997153505705544,5.28155888647613,3.029
1865,2024-01-02 14:07:00,17.522522315635506,Local,-2.528836884350563,1,Eco,1,No Traffic,31.31107968122024,Warm,60.32304061030058,41.17512388893794,7.949232242157074,5.18
1699,2024-01-02 14:08:00,112.56769674817576,Highway,0.3632361145006255,1,Eco,2,Moderate,-2.987031372716222,Mild,74.67621947368403,24.061007467020772,9.915106101632809,2.427
1447,2024-01-02 14:09:00,110.117673348532,Highway,-1.0075566550570774,2,Comfort,2,Moderate,12.095902017572378,Mild,67.03469864274116,29.07273115372399,10.04124085946681,2.895
1855,2024-01-02 14:10:00,106.49627282554589,Highway,-2.070349287972385,3,Sport,1,No Traffic,10.782840288093835,Mild,87.38854301747057,13.090844950384366,9.949255317934202,1.316
1364,2024-01-02 14:11:00,75.05201401999122,City,2.094207079700838,1,Eco,3,High,20.176187820630364,Mild,42.764867180928206,32.56319941711943,9.489714993336332,3.431
1674,2024-01-02 14:12:00,96.9921853459534,Highway,0.1295970779467294,3,Sport,3,High,0.1266275374509868,Mild,66.03802223090919,1.878901570983232,7.933605879359035,0.237
1325,2024-01-02 14:13:00,8.28443242936499,Local,2.5996584742744,2,Comfort,1,No Traffic,37.00387345626757,Warm,29.85877344078432,37.453856785203854,8.374622810734444,4.472
1466,2024-01-02 14:14:00,40.1746850268815,Local,1.836099027618414,2,Comfort,1,No Traffic,19.682962079522017,Mild,75.21686213595743,8.248462516109127,7.014722526365761,1.176
1413,2024-01-02 14:15:00,37.64437497085875,Local,1.1578307626420044,3,Sport,3,High,36.56887619277005,Warm,78.55742706821697,11.455970105312849,5.707729912739865,2.007
1454,2024-01-02 14:16:00,76.2774386343136,City,-2.9698469798081284,3,Sport,2,Moderate,31.762341555774277,Warm,23.426985695119875,0.1454221163569605,8.668316890165508,0.017
1585,2024-01-02 14:17:00,42.71493281647686,Local,-0.4330592601705003,3,Sport,2,Moderate,3.62374880418316,Mild,74.06327709023881,15.727414281855284,5.637758142054818,2.79
1232,2024-01-02 14:18:00,17.820813797241698,Local,-1.8150823100878064,3,Sport,1,No Traffic,0.9552555531830738,Mild,53.175212333262905,19.473635981267275,6.992775718515223,2.785
1223,2024-01-02 14:19:00,71.57604904962524,City,2.464787466293206,1,Eco,2,Moderate,33.75626080004177,Warm,29.927750088774587,11.776584885753616,7.981925942180053,1.475
1993,2024-01-02 14:20:00,97.72607048028978,Highway,-1.9524960919418384,3,Sport,1,No Traffic,19.124510016289857,Mild,53.59260381587741,11.587499563809436,11.614336939147426,0.998
1830,2024-01-02 14:21:00,45.85481933519678,Local,-1.283639690044287,1,Eco,3,High,-4.111576344594571,Mild,35.53863437564654,44.65975130727193,9.96464161112366,4.482
1411,2024-01-02 14:22:00,15.872245811817804,Local,0.1010206064069949,2,Comfort,2,Moderate,37.04020367977119,Warm,53.24476256986532,16.389979951182347,4.950316680711133,3.311
1571,2024-01-02 14:23:00,23.602583677538767,Local,-1.4198182860115245,1,Eco,3,High,16.2862779726879,Mild,50.747122236682216,36.1418771869955,6.957990345435571,5.194
1334,2024-01-02 14:24:00,28.497996620326077,Local,-1.740811936325273,3,Sport,2,Moderate,8.542133578857808,Mild,79.0713309548846,11.945336511102242,5.414699653559657,2.206
1221,2024-01-02 14:25:00,35.98771115934434,Local,0.5945959506165144,1,Eco,2,Moderate,18.24690420267913,Mild,81.93724465330871,40.47115728850542,7.842198806114473,5.161
1036,2024-01-02 14:26:00,77.13540846075709,City,-2.466422863469857,2,Comfort,2,Moderate,32.031327569536984,Warm,68.56229235076373,33.91932536112541,9.463662199217891,3.584
1988,2024-01-02 14:27:00,72.11345814452628,City,-2.650993447674452,3,Sport,1,No Traffic,-0.036826923389432,Mild,21.814947374595803,37.834579216538565,10.923677968115438,3.464
1277,2024-01-02 14:28:00,83.5295833880447,Highway,-0.7665282288835717,2,Comfort,3,High,11.151980645688962,Mild,94.48178232567952,22.032884752749712,7.262896343960787,3.034
1195,2024-01-02 14:29:00,43.50023814378158,Local,1.323986727047174,2,Comfort,1,No Traffic,9.349000296050129,Mild,74.89866240771582,43.9902718044705,7.442347935900225,5.911
1915,2024-01-02 14:30:00,98.8797182255974,Highway,0.3288405496436879,3,Sport,1,No Traffic,32.784228401266645,Warm,22.735635993695105,18.76321995127805,10.452815728014158,1.795
1863,2024-01-02 14:31:00,24.490519338691232,Local,-0.4627411891993267,1,Eco,3,High,30.031027418974553,Warm,85.50663193712943,30.084662997441313,7.364180423601858,4.085
1483,2024-01-02 14:32:00,56.284889702178475,City,0.3945093853474946,2,Comfort,3,High,13.004681555961945,Mild,36.02129237743969,32.03959850072259,9.100625489758803,3.521
1241,2024-01-02 14:33:00,96.11264658497164,Highway,-0.8072910920803587,3,Sport,1,No Traffic,24.901973934905193,Mild,66.33769516568854,47.61734416002919,11.22153065499752,4.243
1323,2024-01-02 14:34:00,21.61903772791431,Local,2.616878012592677,2,Comfort,1,No Traffic,12.75004670326518,Mild,57.33074959601497,6.812682189173171,5.169632571934189,1.318
1730,2024-01-02 14:35:00,13.183573648893956,Local,-2.670570654535354,1,Eco,1,No Traffic,20.70912272423052,Mild,53.58710258840613,6.866696842617943,4.7136114920445795,1.457
1191,2024-01-02 14:36:00,106.04207612255875,Highway,1.0403488741790117,2,Comfort,3,High,39.604688258130366,Warm,91.1770976099518,23.156365691688485,8.6986283780872,2.662
1016,2024-01-02 14:37:00,41.15155953110351,Local,2.3476959889665032,2,Comfort,1,No Traffic,19.10085102560086,Mild,54.988903325009176,45.9019934213155,9.216246384882018,4.981
1523,2024-01-02 14:38:00,82.06441498908384,Highway,1.82330825241152,2,Comfort,3,High,39.4858629773728,Warm,26.027529405852057,1.1820868877732422,7.137644916838047,0.166
1917,2024-01-02 14:39:00,3.0418325116726175,Local,-1.8957537910713196,2,Comfort,1,No Traffic,28.623959781913463,Warm,95.7310981771962,13.886152804219265,5.025768319426749,2.763
1400,2024-01-02 14:40:00,82.80562660913395,Highway,-1.22444190611827,1,Eco,3,High,0.4325030618412881,Mild,93.6428184991702,14.25095757145779,8.497091859004344,1.677
1905,2024-01-02 14:41:00,37.932157385636465,Local,1.3022876322426278,3,Sport,1,No Traffic,30.8184775870156,Warm,74.7546151665279,15.317134879814288,5.8541928593444155,2.616
1885,2024-01-02 14:42:00,6.688902430493009,Local,-2.494376644915407,2,Comfort,2,Moderate,2.2578538661416827,Mild,57.431402250562,1.3327779587475372,5.4848910791397,0.243
1704,2024-01-02 14:43:00,73.17753138577405,City,1.871170198995504,1,Eco,2,Moderate,18.95478737739757,Mild,27.4287578354817,41.29775603319037,10.841690382685176,3.809
1021,2024-01-02 14:44:00,28.89645792878079,Local,1.3134416676287417,2,Comfort,3,High,22.596035550952852,Mild,83.25984948619809,0.5445816877378494,5.260985507592983,0.104
1473,2024-01-02 14:45:00,46.4168690462256,Local,1.377639895412056,2,Comfort,3,High,35.15037048487121,Warm,26.038233153922317,23.937427304245567,7.0924072241333915,3.375
1119,2024-01-02 14:46:00,9.669697474381632,Local,-2.398551778394451,2,Comfort,2,Moderate,4.4690894615701655,Mild,25.488078791611652,2.9123152496703586,4.443808064280819,0.655
1209,2024-01-02 14:47:00,17.65959013139344,Local,1.306563268897385,1,Eco,3,High,34.41739325637382,Warm,62.99070739514945,39.952337078488966,6.330286341001448,6.311
1305,2024-01-02 14:48:00,35.75726825950125,Local,1.07890875131982,2,Comfort,3,High,37.05221991812355,Warm,32.81025921477122,37.35463326551801,8.298531498679486,4.501
1269,2024-01-02 14:49:00,10.771140067218855,Local,1.9855349449311035,2,Comfort,2,Moderate,-0.973069193319426,Mild,20.61842138722792,36.10438999706928,7.254284476066571,4.977
1703,2024-01-02 14:50:00,109.29915176235782,Highway,-2.750424262461183,3,Sport,1,No Traffic,34.83783031054101,Warm,53.8490744796629,36.839620711013715,10.78264472010631,3.417
1686,2024-01-02 14:51:00,0.7256451820774101,Local,-2.861335989193247,1,Eco,3,High,6.663102187348615,Mild,30.977378528805275,47.017953799467065,8.52478279737131,5.515
1284,2024-01-02 14:52:00,58.06322626371737,City,-0.7619574007286358,3,Sport,3,High,-1.3549572778038108,Mild,32.8412332224553,20.898864549556773,8.990731689482406,2.324
1715,2024-01-02 14:53:00,14.789694975906173,Local,-2.1072702969050825,3,Sport,1,No Traffic,38.13584601632459,Warm,26.152851098826773,43.09258271586142,8.818547179603799,4.887
1675,2024-01-02 14:54:00,36.92149073735382,Local,0.3503068654213317,3,Sport,1,No Traffic,12.64915692623159,Mild,36.407500297888795,9.29318942769316,5.805829746038284,1.601
1762,2024-01-02 14:55:00,111.12714717819186,Highway,2.504093409040493,3,Sport,3,High,23.034257731163635,Mild,77.23873438195115,22.618098704111677,11.052089960769152,2.046
1226,2024-01-02 14:56:00,19.403346392878426,Local,-0.6511216179959058,2,Comfort,3,High,19.879290390789183,Mild,84.71418457742331,0.544563811203383,4.939155041990965,0.11
1947,2024-01-02 14:57:00,115.89987836619991,Highway,2.069702263635625,3,Sport,1,No Traffic,4.593186609692459,Mild,56.202691522344054,14.278600636222167,10.798363269081348,1.322
1380,2024-01-02 14:58:00,24.695325238730604,Local,-2.998554752892801,1,Eco,3,High,25.13045776751793,Mild,60.524305270513416,22.96215785848012,6.7334961097041965,3.41
1459,2024-01-02 14:59:00,88.98793301601955,Highway,-1.9889121392448947,2,Comfort,1,No Traffic,-2.924825494673077,Mild,22.61240276753621,45.473562937438075,12.156124992739691,3.741
1006,2024-01-02 15:00:00,65.6012717876774,City,-2.8174587620754865,3,Sport,1,No Traffic,4.1392716840397,Mild,25.545300909705347,15.91588310589273,8.503185775334824,1.872
1028,2024-01-02 15:01:00,106.1374473116111,Highway,-1.0311169169095882,3,Sport,3,High,37.509868792027504,Warm,40.60541805196135,33.65318678036512,12.21516445371039,2.755
1906,2024-01-02 15:02:00,66.4791906603757,City,2.4491375741790167,1,Eco,3,High,37.9078386065845,Warm,63.5118736570518,41.71494358855415,10.01792339829211,4.164
1032,2024-01-02 15:03:00,64.14710629875704,City,-2.4182872584060737,1,Eco,1,No Traffic,16.719483631605407,Mild,79.16409189879943,16.39383359205312,7.191528502965571,2.28
1645,2024-01-02 15:04:00,23.454960044207983,Local,0.6384586604628022,3,Sport,3,High,2.6082282511200363,Mild,68.40024490704265,8.54448726458504,5.305062445408107,1.611
1878,2024-01-02 15:05:00,19.94752344619905,Local,-0.2910243652833348,3,Sport,1,No Traffic,13.9729027465729,Mild,51.37022839894306,29.600587791919423,6.442487318233518,4.595
1078,2024-01-02 15:06:00,109.97869813386173,Highway,2.630809274194875,3,Sport,2,Moderate,34.468187498135464,Warm,29.465925840251053,14.290754035016471,10.422088573310688,1.371
1927,2024-01-02 15:07:00,39.34058386200409,Local,-2.2648851447774367,3,Sport,2,Moderate,-1.837667550378137,Mild,82.46185879097516,32.65736024854188,8.431364596305082,3.873
1946,2024-01-02 15:08:00,44.64987059554751,Local,-1.7278328969866263,3,Sport,1,No Traffic,0.754085972358113,Mild,49.10288412792457,6.821582062429656,5.9047284596112215,1.155
1458,2024-01-02 15:09:00,91.1788390114066,Highway,-2.8227481883310404,1,Eco,1,No Traffic,35.304378063522734,Warm,78.88432115862317,7.664582699395456,8.780877184180447,0.873
1569,2024-01-02 15:10:00,40.65881789073688,Local,-0.3963885022117575,1,Eco,3,High,13.692253031173529,Mild,61.038307353147346,33.828561112582165,7.585283195581519,4.46
1982,2024-01-02 15:11:00,114.24749359668031,Highway,-1.3330026026120745,2,Comfort,1,No Traffic,-1.244362768593069,Mild,79.09296428494602,48.68061605459977,13.535676797823148,3.596
1537,2024-01-02 15:12:00,88.55133227985604,Highway,2.2194356033419256,2,Comfort,1,No Traffic,1.264408472829171,Mild,92.58316491620576,12.42012607756508,7.5450973039305005,1.646
1481,2024-01-02 15:13:00,71.69150910881041,City,0.6296448791865306,1,Eco,3,High,34.71016800823571,Warm,93.68236128430416,35.72425043258153,8.713884508952745,4.1
1429,2024-01-02 15:14:00,105.70741926537028,Highway,0.6845444278542101,2,Comfort,3,High,17.054651723103024,Mild,62.808542400048275,26.648826528985595,11.917137326341049,2.236
1737,2024-01-02 15:15:00,5.95270900193793,Local,0.1914641812878148,3,Sport,2,Moderate,2.3347438537560015,Mild,60.9206691812511,42.20769249003027,5.9569108537750886,7.086
1284,2024-01-02 15:16:00,30.84752306270505,Local,-2.448897976624794,2,Comfort,1,No Traffic,35.23268897176519,Warm,41.25427724022698,19.505411019626795,7.292274808374429,2.675
1515,2024-01-02 15:17:00,55.80436010650919,City,-0.3298878976478683,3,Sport,1,No Traffic,33.037550013044076,Warm,94.86398652234332,48.58852840187365,8.182747538502618,5.938
1976,2024-01-02 15:18:00,27.23742473658252,Local,2.9970311382510992,3,Sport,2,Moderate,-3.963949214526321,Mild,56.63353337596967,4.211603757953615,6.523812852333475,0.646
1098,2024-01-02 15:19:00,89.26862247625823,Highway,2.011375745076089,2,Comfort,1,No Traffic,21.144554848726237,Mild,30.207299142990173,49.233927063398035,11.42040182481922,4.311
1396,2024-01-02 15:20:00,110.30496372644704,Highway,2.360754325002695,2,Comfort,3,High,5.995149267131849,Mild,54.61639317012399,42.32724183787579,13.160517471691238,3.216
1488,2024-01-02 15:21:00,50.85241439171081,City,1.9393581554789971,3,Sport,1,No Traffic,18.991111539125395,Mild,30.164260019040317,43.33626057460902,10.031758546057532,4.32
1038,2024-01-02 15:22:00,41.055912013427395,Local,-2.3817498394141037,1,Eco,3,High,7.56707494923988,Mild,60.20253474056601,42.13593153517649,9.473437070439296,4.448
1270,2024-01-02 15:23:00,115.38608785650796,Highway,-1.6353104756112022,2,Comfort,1,No Traffic,9.214432640138698,Mild,64.90204118849698,43.10699757310165,11.492667089356033,3.751
1886,2024-01-02 15:24:00,53.3822919393049,City,-2.9812700918615422,2,Comfort,2,Moderate,22.08336395946612,Mild,47.02046091948682,40.77611450638845,9.0193601798567,4.521
1796,2024-01-02 15:25:00,58.68580805391399,City,-1.1789392507313312,1,Eco,3,High,19.24866299954773,Mild,25.732049138518775,44.98590509774266,10.831662823286075,4.153
1156,2024-01-02 15:26:00,42.19798468102864,Local,-2.3483555859210448,2,Comfort,3,High,12.783657900136326,Mild,95.48028285065912,23.093956994976132,7.619403719157429,3.031
1074,2024-01-02 15:27:00,109.1458167614566,Highway,-0.1632399281905021,3,Sport,2,Moderate,-0.1594412676942997,Mild,81.86824907867437,46.9706182562188,12.32165994035963,3.812
1883,2024-01-02 15:28:00,68.27465799382209,City,1.0627649314434118,1,Eco,3,High,38.624075436082705,Warm,87.11048644040969,19.30964636835397,8.718571078992323,2.215
1799,2024-01-02 15:29:00,91.46095046179737,Highway,2.247031770228462,1,Eco,2,Moderate,2.857249771152305,Mild,49.34947154289836,36.45297955428381,10.531115610513432,3.461
1129,2024-01-02 15:30:00,97.41680620210636,Highway,1.4953029905453894,3,Sport,1,No Traffic,23.490276023037545,Mild,80.86648240155604,35.546593574251595,10.596918774735252,3.354
1686,2024-01-02 15:31:00,41.02188503007098,Local,2.6315135746710308,3,Sport,2,Moderate,-1.2764856783170977,Mild,58.82983161353554,41.062735468203016,9.008992837119091,4.558
1973,2024-01-02 15:32:00,52.043319758445605,City,-2.6766102576372672,3,Sport,1,No Traffic,25.97407746455284,Mild,36.08667907248368,36.94529352719147,10.050418491217226,3.676
1083,2024-01-02 15:33:00,101.81661292875177,Highway,-2.9269209875007514,1,Eco,3,High,-0.7322097477243759,Mild,29.95387015257706,1.865437397822519,8.838192822759222,0.211
1021,2024-01-02 15:34:00,43.59064220109723,Local,0.968028683017276,3,Sport,3,High,5.327875367769179,Mild,47.604069545764546,36.983726346696784,10.467851560674829,3.533
1458,2024-01-02 15:35:00,95.27221601422217,Highway,-1.2638855386665226,2,Comfort,2,Moderate,24.114333972011703,Mild,31.004168918011175,1.262508644245837,8.359661047293153,0.151
1538,2024-01-02 15:36:00,112.91907870893245,Highway,-1.4789939033653612,2,Comfort,1,No Traffic,7.732083637495906,Mild,99.86151809632548,26.7081925651609,10.748178644972985,2.485
1706,2024-01-02 15:37:00,74.78524476816084,City,-1.0146774738372344,3,Sport,2,Moderate,18.978286681656556,Mild,23.935119218561766,41.96357041845231,11.441884899298888,3.668
1848,2024-01-02 15:38:00,88.99527449422666,Highway,-1.381223652645815,2,Comfort,3,High,0.602742700183418,Mild,55.29148794952612,41.49580051603035,11.32599330602986,3.664
1381,2024-01-02 15:39:00,96.6116774449362,Highway,0.0686184378095235,2,Comfort,3,High,4.1080242669791325,Mild,56.16748179123073,42.08151826377528,11.49105683316966,3.662
1747,2024-01-02 15:40:00,101.4047578675971,Highway,-0.3591093166552053,1,Eco,1,No Traffic,28.01991587145774,Warm,44.050554286534044,30.16029032610141,10.849729972784266,2.78
1439,2024-01-02 15:41:00,47.40640054281552,Local,0.0745713082599381,3,Sport,1,No Traffic,-3.4187512872995245,Mild,65.70812525655563,9.272221079966831,5.633999334986125,1.646
1603,2024-01-02 15:42:00,6.151615101119781,Local,1.0362816690026175,2,Comfort,3,High,0.0310094435673233,Mild,31.998161932123573,25.448108086941517,7.357125930979188,3.459
1988,2024-01-02 15:43:00,48.225152548408744,Local,-0.6772169461731101,3,Sport,3,High,4.6730208374787825,Mild,82.7129904469787,25.858973307106275,8.979496353991065,2.88
1020,2024-01-02 15:44:00,80.85074757409078,Highway,-1.4921538771470593,3,Sport,1,No Traffic,-4.091424840307354,Mild,46.595817459811066,16.305910769220944,9.857432176028537,1.654
1302,2024-01-02 15:45:00,54.04204629369514,City,-2.002796779147527,2,Comfort,2,Moderate,-0.7079585672216613,Mild,67.30740718389134,21.262553868272967,7.936210607042485,2.679
1975,2024-01-02 15:46:00,89.87557810324783,Highway,-0.9031552828042466,2,Comfort,2,Moderate,7.662616493630344,Mild,77.25113888535674,43.62161575142104,10.72658442603124,4.067
1868,2024-01-02 15:47:00,42.83789153623967,Local,1.450838851477032,1,Eco,1,No Traffic,-0.8187146787585942,Mild,91.12336941521288,25.944599001968346,6.42020250829372,4.041
1954,2024-01-02 15:48:00,76.16929693248355,City,1.540229460668817,1,Eco,1,No Traffic,33.97537435134399,Warm,86.862994916176,35.26671665155346,9.490839726115455,3.716
1083,2024-01-02 15:49:00,22.37037658247695,Local,1.0014323201052615,1,Eco,1,No Traffic,-2.0266794269980286,Mild,68.66472224828476,24.840992771558714,6.170755294819044,4.026
1773,2024-01-02 15:50:00,89.92433239739483,Highway,-1.5958309481587525,2,Comfort,3,High,33.74426646302078,Warm,51.07145443071096,30.911817734315903,10.207322391625254,3.028
1658,2024-01-02 15:51:00,65.4835162575631,City,0.5285174751281865,1,Eco,2,Moderate,32.02870387271198,Warm,60.25637360599711,4.720091184123327,7.25031812815855,0.651
1952,2024-01-02 15:52:00,24.48772662559207,Local,0.4241379694610878,3,Sport,1,No Traffic,-0.4657282446475772,Mild,81.4987834703042,46.5762715215514,8.221399367316797,5.665
1452,2024-01-02 15:53:00,35.02934081973687,Local,-0.0944028113416468,1,Eco,2,Moderate,-3.866390857763984,Mild,90.20364340475784,21.853060012829925,5.7351034573975825,3.81
1386,2024-01-02 15:54:00,89.83304502981989,Highway,0.2998739183031853,1,Eco,3,High,-2.750359329710874,Mild,28.30255425413375,37.44030319743404,10.86068529973195,3.447
1506,2024-01-02 15:55:00,57.912148279382485,City,-0.0492562042579916,1,Eco,3,High,21.567012905819062,Mild,50.78850099944428,33.38834620531155,8.09422126745719,4.125
1256,2024-01-02 15:56:00,25.923772847168664,Local,0.3927381964446494,3,Sport,1,No Traffic,25.165913101985858,Mild,82.08932787308004,39.98368196263975,7.794292310090896,5.13
1569,2024-01-02 15:57:00,116.07254284443572,Highway,1.2930357277267728,3,Sport,1,No Traffic,22.929402606080405,Mild,54.53214100751688,1.8401580418595411,8.390892425845099,0.219
1891,2024-01-02 15:58:00,85.81500237802655,Highway,-2.342230833579362,2,Comfort,1,No Traffic,19.36645833963541,Mild,46.578221125302704,46.774058073825415,11.86802169930436,3.941
1933,2024-01-02 15:59:00,114.85617990477552,Highway,1.497754512894142,1,Eco,1,No Traffic,2.8607840783270087,Mild,52.90581574586157,41.504367550733384,12.669487526318674,3.276
1526,2024-01-02 16:00:00,51.25260544324119,City,-2.1846830992344346,3,Sport,2,Moderate,32.842925258587215,Warm,68.22757974290806,41.70470188901305,7.947155202663314,5.248
1161,2024-01-02 16:01:00,57.012040883006456,City,-2.600232009537752,3,Sport,1,No Traffic,9.739972136211186,Mild,99.98441153070412,23.40896076724167,6.8304241055073724,3.427
1956,2024-01-02 16:02:00,107.7546259422023,Highway,2.8564781173288054,3,Sport,2,Moderate,39.37801882507984,Warm,59.43939432836254,39.83656300375634,11.995184896783574,3.321
1162,2024-01-02 16:03:00,63.005920829446154,City,2.7419506132226488,2,Comfort,3,High,12.318600905238572,Mild,36.67955799634085,28.801583561857385,9.413492336706687,3.06
1831,2024-01-02 16:04:00,84.87346942868005,Highway,-2.6373807303566155,2,Comfort,3,High,6.835217978846444,Mild,33.02772602232758,25.223553994596504,10.685147235323306,2.361
1792,2024-01-02 16:05:00,30.260745299463597,Local,-0.3404793511502273,2,Comfort,2,Moderate,35.24128662017819,Warm,23.387979798113143,39.26760651670208,9.099517535617784,4.315
1791,2024-01-02 16:06:00,53.60717624431687,City,-1.8825303702013516,1,Eco,2,Moderate,20.533637343596496,Mild,64.70537879346571,31.427221643294605,8.331727880297871,3.772
1523,2024-01-02 16:07:00,14.813983897242611,Local,-0.0879306171934914,3,Sport,1,No Traffic,27.483269807863287,Mild,63.56576731910674,3.950304807533062,4.402360985264683,0.897
1785,2024-01-02 16:08:00,24.7176043052354,Local,1.981063457997524,2,Comfort,1,No Traffic,13.377945249726016,Mild,36.41871414242473,15.794030113757838,6.839437669814896,2.309
1270,2024-01-02 16:09:00,0.1132098321157304,Local,2.703670648457342,2,Comfort,1,No Traffic,34.91119776746156,Warm,75.62635251620536,31.142425967435653,4.571961789552185,6.812
1491,2024-01-02 16:10:00,4.711806197839228,Local,0.8055159207092242,3,Sport,3,High,36.29763458429473,Warm,79.28856333037446,45.199665680755714,6.937721222169732,6.515
1207,2024-01-02 16:11:00,117.27405878123152,Highway,-0.8765659967290977,3,Sport,2,Moderate,14.654601900261165,Mild,40.7278564305689,46.65674171544174,13.442560687129964,3.471
1538,2024-01-02 16:12:00,29.082443416411476,Local,0.6199533938675903,1,Eco,2,Moderate,5.832572591594223,Mild,47.52798112237892,41.961689955217146,8.954684820160072,4.686
1583,2024-01-02 16:13:00,79.59728514048024,City,-1.127992163349298,1,Eco,2,Moderate,24.14521229950696,Mild,99.23773378778051,12.790195724120922,7.865359979833926,1.626
1059,2024-01-02 16:14:00,100.6919638559534,Highway,2.4589418449923617,1,Eco,2,Moderate,37.9562950219232,Warm,49.94115742805874,23.721755554874935,10.65045342760527,2.227
1429,2024-01-02 16:15:00,66.07925510838771,City,2.222402778635022,2,Comfort,1,No Traffic,23.01009068078236,Mild,80.86413374048814,21.72618069413791,8.408680647364713,2.584
1984,2024-01-02 16:16:00,18.377340010074743,Local,0.3493905016779659,2,Comfort,1,No Traffic,37.940009728348144,Warm,56.2180341303952,21.990396465735333,6.269024458573788,3.508
1656,2024-01-02 16:17:00,87.37397248033997,Highway,-1.0512065077178367,3,Sport,2,Moderate,10.471358423767656,Mild,83.46758622887808,2.58425068376987,8.914164534372198,0.29
1604,2024-01-02 16:18:00,72.03016921194997,City,-1.23966194650213,1,Eco,1,No Traffic,36.178558185994376,Warm,81.52185910261183,8.764537963438421,7.0584555892834855,1.242
1308,2024-01-02 16:19:00,87.750070721685,Highway,-2.7994920317696432,3,Sport,3,High,0.0655074587467314,Mild,73.42048201588284,7.747685733625258,10.408834109752789,0.744
1519,2024-01-02 16:20:00,92.36959474285048,Highway,1.8949251061517716,1,Eco,1,No Traffic,11.147548852195698,Mild,88.38226770364633,30.901701305527695,8.81630052378818,3.505
1590,2024-01-02 16:21:00,117.0492441221694,Highway,-0.2977007217659522,1,Eco,3,High,17.251205552074488,Mild,95.1374795902148,20.64873834296515,10.0670417696262,2.051
1026,2024-01-02 16:22:00,68.8275936032052,City,-1.0492024295984137,1,Eco,3,High,24.389965221353137,Mild,66.39866563616671,16.28696133408672,8.433154518256577,1.931
1685,2024-01-02 16:23:00,40.99693352287222,Local,-0.1733378700134764,1,Eco,2,Moderate,8.236266022692691,Mild,38.997512577819656,22.250864010892396,7.91033007315041,2.813
1561,2024-01-02 16:24:00,77.81574682802845,City,1.912427942727912,3,Sport,2,Moderate,36.590768519517795,Warm,51.890316931526,16.278281077392855,8.981753999514005,1.812
1198,2024-01-02 16:25:00,8.212885109115135,Local,-2.252314753754873,3,Sport,1,No Traffic,35.657329413737195,Warm,80.66445708106346,37.897744000114606,6.1623497904910645,6.15
1386,2024-01-02 16:26:00,107.68767819859036,Highway,2.145935929450964,2,Comfort,2,Moderate,30.970147583450306,Warm,72.07067880990957,8.435392524650725,8.448365078771282,0.998
1348,2024-01-02 16:27:00,14.325721360583614,Local,2.3850530106501235,1,Eco,3,High,0.1463136246279468,Mild,34.2238670852199,2.9011232352493517,6.164018116605741,0.471
1959,2024-01-02 16:28:00,39.34114054629819,Local,2.680247490203329,3,Sport,3,High,-1.4769071987771856,Mild,24.099163291713975,32.57020058747916,9.682333419805266,3.364
1939,2024-01-02 16:29:00,97.88944567513452,Highway,-0.6150720454642333,1,Eco,1,No Traffic,17.41591548037038,Mild,74.63692748336518,11.605899672506013,8.671266432788265,1.338
1692,2024-01-02 16:30:00,71.67748539968542,City,-1.6971575757739688,1,Eco,3,High,29.440469006316263,Warm,40.08632192234763,32.203378398819254,11.089740559213134,2.904
1535,2024-01-02 16:31:00,47.23626243329305,Local,-0.7581550891998088,2,Comfort,2,Moderate,0.545615181006756,Mild,59.973619498324275,3.021234495357327,4.820561821610454,0.627
1827,2024-01-02 16:32:00,56.81227912500257,City,-1.0025274226115803,2,Comfort,1,No Traffic,23.86468601212084,Mild,79.73974180100754,12.430146436621058,8.032368289033284,1.548
1377,2024-01-02 16:33:00,102.54568718426164,Highway,-1.9430765249828397,3,Sport,1,No Traffic,18.753492599603813,Mild,65.01334245250665,7.778804449089565,8.55196745265975,0.91
1898,2024-01-02 16:34:00,40.80052632718706,Local,0.6436000206089276,3,Sport,1,No Traffic,27.66952388804675,Mild,26.66420664894371,14.604598208554442,7.2875841498356255,2.004
1915,2024-01-02 16:35:00,104.35796217746056,Highway,-0.1402550369482265,2,Comfort,2,Moderate,14.591885177482055,Mild,34.84641894268443,16.50987713133192,11.855581398148432,1.393
1557,2024-01-02 16:36:00,10.57613171720298,Local,2.1942059539440217,3,Sport,3,High,26.198346874900405,Mild,37.546254722473535,24.810320579259464,6.787737372408292,3.655
1526,2024-01-02 16:37:00,93.21581246503568,Highway,-2.8073425171076503,3,Sport,2,Moderate,2.182390216782874,Mild,40.62914029158759,26.0549184004679,10.35955491986923,2.515
1152,2024-01-02 16:38:00,101.70571596656836,Highway,0.8632075653307583,2,Comfort,1,No Traffic,4.656742295423298,Mild,65.23227135604034,31.541892142670847,9.012582952367374,3.5
1733,2024-01-02 16:39:00,21.818118340480652,Local,1.577693271069367,1,Eco,3,High,35.650032871630195,Warm,60.31726238603148,16.649440872572747,5.877717386371857,2.833
1205,2024-01-02 16:40:00,51.64158388466405,City,1.5569194151298422,1,Eco,1,No Traffic,9.821878388385535,Mild,36.25280306913672,26.6478600149962,8.022733634432656,3.322
1454,2024-01-02 16:41:00,19.859972959638675,Local,2.31644380257315,2,Comfort,2,Moderate,39.34776166764478,Warm,25.404387476454964,49.50685462974189,10.193440207864588,4.857
1272,2024-01-02 16:42:00,84.79249547930613,Highway,1.3742024569769642,1,Eco,1,No Traffic,-2.920793105745805,Mild,33.71457635797745,10.61089986740611,9.74384427376419,1.089
1893,2024-01-02 16:43:00,64.24173216739881,City,2.566860369886178,1,Eco,2,Moderate,17.314411672880816,Mild,98.75050500948826,7.720019805732804,5.795863356563294,1.332
1235,2024-01-02 16:44:00,76.23880160499853,City,-1.0040604010746512,2,Comfort,1,No Traffic,9.62442240008587,Mild,57.48375598331778,42.143948703673594,9.545418224614552,4.415
1851,2024-01-02 16:45:00,23.578436034745337,Local,0.0192565005092584,3,Sport,1,No Traffic,39.81842666729151,Warm,89.387640376169,20.57724338769082,4.876059493609812,4.22
1739,2024-01-02 16:46:00,25.409503446290344,Local,-2.9155220203026557,2,Comfort,1,No Traffic,39.5515640364079,Warm,87.90019733350746,42.35949591486175,8.359414444317771,5.067
1520,2024-01-02 16:47:00,4.979679061188764,Local,-2.9582544761802527,2,Comfort,2,Moderate,5.585948133381946,Mild,60.9215645970299,21.29198163193934,5.25820527649662,4.049
1677,2024-01-02 16:48:00,38.648104223487564,Local,-1.5592402772908809,1,Eco,2,Moderate,7.026559585696118,Mild,76.53501667684348,1.182074606137568,4.83241636010836,0.245
1943,2024-01-02 16:49:00,67.169359360041,City,-2.395156817165488,2,Comfort,2,Moderate,28.73524984226711,Warm,35.42016083301698,18.80616459087427,9.202521427043845,2.044
1955,2024-01-02 16:50:00,102.95218967967944,Highway,-1.4387317923854783,1,Eco,2,Moderate,35.03534941274309,Warm,75.07173639415267,30.54552104345698,11.280966169954896,2.708
1830,2024-01-02 16:51:00,80.03129369504168,Highway,-1.9377402328296156,2,Comfort,2,Moderate,24.86636445347133,Mild,41.79076634106316,22.432982629029915,9.128898052200547,2.457
1725,2024-01-02 16:52:00,52.24755880797017,City,-2.828879850968111,3,Sport,3,High,33.91190297776134,Warm,86.56496774033207,23.02121413105878,6.4432944475080385,3.573
1500,2024-01-02 16:53:00,114.37441372729654,Highway,2.455824878436296,1,Eco,1,No Traffic,-2.151839507192234,Mild,26.69793064871279,49.91596550805758,12.635307831455728,3.951
1116,2024-01-02 16:54:00,86.30942406909982,Highway,-2.95066121166665,2,Comfort,2,Moderate,23.82378166284671,Mild,81.85109383082221,27.25194565736884,8.313641958856204,3.278
1385,2024-01-02 16:55:00,111.619824343506,Highway,1.4164928660225122,1,Eco,3,High,26.50769001268133,Mild,27.994952525489563,34.87729378373112,12.942320027156732,2.695
1343,2024-01-02 16:56:00,63.31055679265988,City,-2.087112678482901,2,Comfort,3,High,3.564357837912061,Mild,90.49513895154472,36.07654878710309,8.448653315628398,4.27
1583,2024-01-02 16:57:00,31.068512975176752,Local,2.4733777319975996,2,Comfort,1,No Traffic,30.00865941960725,Warm,44.3363614508003,0.1085456428619646,6.705081786452619,0.016
1394,2024-01-02 16:58:00,6.339202363766638,Local,2.3567756375393145,2,Comfort,1,No Traffic,37.49193263656102,Warm,72.35146918644598,27.66780281191538,5.40257683640603,5.121
1063,2024-01-02 16:59:00,87.13018217806206,Highway,0.9234068782155438,1,Eco,1,No Traffic,35.40849215251296,Warm,59.00018228962239,48.15650815085132,10.334510468760316,4.66
1716,2024-01-02 17:00:00,14.556359760664094,Local,1.0334048988036306,1,Eco,2,Moderate,6.023533806100254,Mild,49.30425162098712,37.56605885910817,7.2819157793477,5.159
1720,2024-01-02 17:01:00,36.333015392636064,Local,-2.967965148181869,3,Sport,1,No Traffic,9.579668708748375,Mild,71.63534665467972,17.087328280847693,6.230066301468179,2.743
1071,2024-01-02 17:02:00,63.89650894606768,City,2.909229396681612,3,Sport,1,No Traffic,17.48251160258108,Mild,95.80183844409903,18.292103404645175,7.967341484394185,2.296
1788,2024-01-02 17:03:00,67.72999053356972,City,2.2669956214548863,3,Sport,1,No Traffic,2.126253292625635,Mild,23.30157978996975,15.250498169542432,8.54494237614603,1.785
1273,2024-01-02 17:04:00,72.06998363845632,City,2.370637354380552,3,Sport,3,High,37.9278923402324,Warm,93.50822847064836,31.547392683889782,10.40008934249081,3.033
1989,2024-01-02 17:05:00,19.950639641964077,Local,0.9554672223052316,2,Comfort,2,Moderate,2.27184833698724,Mild,68.72653240168108,4.956042935796345,5.080410586902677,0.976
1319,2024-01-02 17:06:00,45.56848857859785,Local,-0.9312784280727806,1,Eco,1,No Traffic,29.264033109565112,Warm,84.58514406152419,14.571020648764147,6.924262790808084,2.104
1337,2024-01-02 17:07:00,74.063307254036,City,2.361891894542885,2,Comfort,3,High,10.364266802691787,Mild,50.70999627474221,24.96090233869995,7.910864153022075,3.155
1365,2024-01-02 17:08:00,116.37826375605415,Highway,-1.250898431092846,1,Eco,2,Moderate,20.817435896346858,Mild,57.7474379870091,26.80733181031865,11.28438399882391,2.376
1494,2024-01-02 17:09:00,87.31573652396264,Highway,0.3762692600532169,1,Eco,1,No Traffic,-2.877177902253729,Mild,89.50806014409312,30.40964271559529,9.940903033591953,3.059
1606,2024-01-02 17:10:00,110.71245085127494,Highway,-2.4016141659367056,2,Comfort,3,High,4.225533589179575,Mild,53.187837584785846,39.88152680397833,12.110009726199628,3.293
1165,2024-01-02 17:11:00,91.46544699770124,Highway,2.5317337807965012,2,Comfort,2,Moderate,14.997605724454557,Mild,62.7727653399268,8.245497697412937,9.814933351267683,0.84
1543,2024-01-02 17:12:00,71.00603626708805,City,-2.15537725337272,1,Eco,1,No Traffic,25.47360477582263,Mild,21.61559384674663,11.32825964124164,8.200537273688479,1.381
1010,2024-01-02 17:13:00,23.042804296361343,Local,-1.6506191656175564,3,Sport,1,No Traffic,29.990286679489586,Warm,32.68784046704339,43.62840887492568,8.291288918150462,5.262
1300,2024-01-02 17:14:00,80.00227822710157,Highway,0.3488049487692901,3,Sport,3,High,-3.643676700651397,Mild,71.33492063798398,41.574830390362976,9.455218927728842,4.397
1728,2024-01-02 17:15:00,74.80554791518885,City,1.5845580012778893,1,Eco,1,No Traffic,1.862059723545534,Mild,77.35815208511016,41.09637915755435,8.2084136346227,5.007
1800,2024-01-02 17:16:00,72.29630045487197,City,0.7161078356177937,2,Comfort,3,High,27.840628241016415,Mild,66.60807494275996,10.509927371170372,7.396636630488032,1.421
1101,2024-01-02 17:17:00,58.77430415858889,City,-1.607196523199063,2,Comfort,3,High,31.587494161540732,Warm,31.464802902048852,3.007007949426873,6.188393983265516,0.486
1424,2024-01-02 17:18:00,63.43879247871307,City,-2.994341744835058,1,Eco,3,High,5.645718727860375,Mild,55.63243428622678,26.21840145339445,9.49660017975731,2.761
1391,2024-01-02 17:19:00,40.13310325417249,Local,1.5429034818446352,2,Comfort,2,Moderate,5.334387115273627,Mild,48.40758130905519,43.51513546029171,9.21887502982282,4.72
1778,2024-01-02 17:20:00,62.317523117076384,City,2.9112439554665626,1,Eco,3,High,-1.0386752237075352,Mild,59.65290752280707,11.952092470543407,8.228263385775374,1.453
1213,2024-01-02 17:21:00,23.70670868141739,Local,1.8594787218365427,1,Eco,2,Moderate,1.763228901865304,Mild,89.62632276432754,45.219595029283866,8.085509529012091,5.593
1690,2024-01-02 17:22:00,96.6209276832452,Highway,-0.2387602910603079,1,Eco,1,No Traffic,-4.639284865298922,Mild,82.06891509269215,7.162471837627084,8.223003802882076,0.871
1087,2024-01-02 17:23:00,22.293234563844937,Local,2.4226035683946394,2,Comfort,2,Moderate,21.542405790005247,Mild,26.719160111132716,14.975000376489303,6.242686785449518,2.399
1552,2024-01-02 17:24:00,10.195954786735973,Local,-0.5409139612898999,3,Sport,3,High,35.67511048402443,Warm,91.22473582196514,14.984583031099897,4.45986552837625,3.36
1400,2024-01-02 17:25:00,52.34952316285889,City,0.1496045054608052,1,Eco,1,No Traffic,1.7309244792180485,Mild,57.74137209198589,7.639898476606768,6.70952215304013,1.139
1587,2024-01-02 17:26:00,78.99689274072742,City,-0.1372213956259003,2,Comfort,3,High,28.814964854846956,Warm,79.50897159087987,43.65163082450871,8.211501140656146,5.316
1888,2024-01-02 17:27:00,52.526018992024966,City,-0.3142567640068501,3,Sport,3,High,20.814640884512347,Mild,31.20313850114817,20.688238144733848,9.440951719095883,2.191
1045,2024-01-02 17:28:00,33.21049583415703,Local,1.6511446157634344,1,Eco,1,No Traffic,37.29648516759275,Warm,73.65756205656385,9.61380682486456,5.031338564274842,1.911
1671,2024-01-02 17:29:00,66.98054206685289,City,0.1606134436169517,3,Sport,3,High,30.91551351116161,Warm,38.906081408756634,7.447488021994805,7.192180221430714,1.035
1462,2024-01-02 17:30:00,41.64028024946399,Local,-1.0996972678487036,2,Comfort,2,Moderate,33.37280602416079,Warm,55.070471771274526,21.10361373062187,6.893629240112508,3.061
1591,2024-01-02 17:31:00,111.94412281519595,Highway,-1.45105099404913,3,Sport,1,No Traffic,23.761396856765504,Mild,21.34902960656835,0.9626906965880422,9.408919223758634,0.102
1309,2024-01-02 17:32:00,110.71741675242863,Highway,-2.7735160981953997,3,Sport,1,No Traffic,31.510125379114143,Warm,32.128851034438085,6.14069909539038,11.013970725908134,0.558
1085,2024-01-02 17:33:00,60.28461839665145,City,0.4991709712982759,2,Comfort,1,No Traffic,10.78912765659374,Mild,27.366439449889583,0.2845344672173889,8.662838451212053,0.033
1091,2024-01-02 17:34:00,39.34607928219102,Local,-1.6202315075937948,1,Eco,3,High,4.405791767674888,Mild,39.179533835060674,1.3168347652025554,6.130136394813912,0.215
1659,2024-01-02 17:35:00,88.4558896747967,Highway,-2.1111964679017015,2,Comfort,3,High,36.063398705483394,Warm,28.00144720194578,49.868948969715476,11.9457306414655,4.175
1672,2024-01-02 17:36:00,4.405553217967997,Local,0.922979782966066,2,Comfort,1,No Traffic,28.045114513258923,Warm,75.35280212956495,22.49957187951358,5.108915030494537,4.404
1713,2024-01-02 17:37:00,56.97228072523815,City,1.0872555469292928,1,Eco,2,Moderate,-0.9183696377859416,Mild,22.32319217673755,36.47334644806931,9.459884624008543,3.856
1935,2024-01-02 17:38:00,40.35880731244002,Local,1.5129293535459958,1,Eco,3,High,34.010928748815424,Warm,69.41924004999984,36.88032935925827,8.941393970862942,4.125
1927,2024-01-02 17:39:00,110.46430621230655,Highway,0.0214613780315486,2,Comfort,3,High,10.700677299031266,Mild,31.25662646604594,44.03233305028342,12.986817667458922,3.391
1241,2024-01-02 17:40:00,1.4403632727219051,Local,2.3643276312233192,1,Eco,3,High,8.422500574379958,Mild,95.61291657423176,5.276914623027528,3.495398486617921,1.51
1864,2024-01-02 17:41:00,66.33778508620189,City,2.6180565203893664,1,Eco,2,Moderate,23.049110527887457,Mild,94.64752584878836,26.331057842920405,7.81754900734866,3.368
1001,2024-01-02 17:42:00,88.87962972799512,Highway,1.8442256387549367,2,Comfort,3,High,20.58693862479086,Mild,38.04024820167701,16.153796102314814,9.76621242205588,1.654
1224,2024-01-02 17:43:00,58.20215850288495,City,0.8135608920491233,2,Comfort,3,High,19.22155245244697,Mild,69.15370385784236,27.469268550595363,8.946733657556289,3.07
1800,2024-01-02 17:44:00,10.2483636195266,Local,-1.177674278452868,2,Comfort,2,Moderate,6.469473253091211,Mild,22.240425557796677,16.672764375119243,6.642935218476396,2.51
1744,2024-01-02 17:45:00,116.69536680334826,Highway,2.897669529721327,2,Comfort,2,Moderate,38.18981880652989,Warm,94.54308344409392,9.264531591104172,8.69937819051201,1.065
1972,2024-01-02 17:46:00,62.16125176513175,City,-1.35518299684837,3,Sport,3,High,37.75544157232899,Warm,61.83898465533677,33.674078626868116,8.66795725729248,3.885
1925,2024-01-02 17:47:00,73.70234931828136,City,-1.7840584680574136,3,Sport,1,No Traffic,-4.812701453487508,Mild,23.45785211342232,2.017604149205229,10.202984769940024,0.198
1928,2024-01-02 17:48:00,28.39317392490088,Local,-0.3470753172805034,1,Eco,1,No Traffic,10.202243312546882,Mild,47.39999944065099,44.779737790007715,7.669177363566147,5.839
1588,2024-01-02 17:49:00,58.019770212816454,City,-2.6589565757256692,3,Sport,2,Moderate,-2.9503101172078976,Mild,26.147956948898734,7.398646092149213,7.958188544771923,0.93
1115,2024-01-02 17:50:00,51.49793903499862,City,2.870966788030745,3,Sport,3,High,33.26119448394584,Warm,51.43555514986879,30.79569697377697,9.995385531975586,3.081
1665,2024-01-02 17:51:00,8.987501040238048,Local,0.5306013384985491,3,Sport,2,Moderate,34.893320723347756,Warm,73.59410737290585,37.7348175786185,7.211201116094338,5.233
1917,2024-01-02 17:52:00,12.739242425696066,Local,0.3417125499850515,1,Eco,2,Moderate,18.323422765880977,Mild,57.59119264331517,3.739081026097367,5.123434176048549,0.73
1102,2024-01-02 17:53:00,100.49670235425296,Highway,0.9347776793983192,3,Sport,1,No Traffic,32.785511550732195,Warm,50.69777397755636,45.17439894167609,12.852283539675453,3.515
1193,2024-01-02 17:54:00,28.77839426479083,Local,-0.0178581133367599,2,Comfort,2,Moderate,26.651214213420634,Mild,29.532563643237182,17.873241580704377,7.728789442136841,2.313
1165,2024-01-02 17:55:00,23.394992579835662,Local,-2.8076188974327505,2,Comfort,2,Moderate,17.480827431779087,Mild,39.59512365549251,49.83664864447377,9.358331894324609,5.325
1870,2024-01-02 17:56:00,60.58937415001671,City,0.6738677330423806,1,Eco,3,High,11.371512954506231,Mild,28.01146301906809,3.532217830294499,7.1207409335695955,0.496
1089,2024-01-02 17:57:00,92.24965576350156,Highway,1.297043261738584,1,Eco,3,High,6.980126139695191,Mild,84.59989853253286,35.86699238685847,11.06046584478305,3.243
1685,2024-01-02 17:58:00,7.43358222947855,Local,-0.4995056362556811,1,Eco,2,Moderate,6.674311184037338,Mild,30.819186238777803,8.119650739181724,6.115528805520173,1.328
1121,2024-01-02 17:59:00,69.2169503565907,City,1.543773432427157,3,Sport,2,Moderate,20.292897290691613,Mild,67.62986932391148,20.1943612756048,8.32223730724655,2.427
1142,2024-01-02 18:00:00,14.305253140868803,Local,-1.6379922039694763,1,Eco,3,High,2.5063971920655552,Mild,47.41923308710767,22.21630218575478,6.02353358455543,3.688
1993,2024-01-02 18:01:00,4.375326099074215,Local,-1.6723404536028958,1,Eco,1,No Traffic,2.8656344277830144,Mild,38.07827077241468,20.367126801365544,6.028428183549445,3.379
1105,2024-01-02 18:02:00,6.329274259466087,Local,-2.0314980738745563,1,Eco,3,High,-4.532299685283576,Mild,71.1574751593683,16.944896354061363,6.605667763539906,2.565
1886,2024-01-02 18:03:00,100.09969298501296,Highway,-0.7680314412650286,2,Comfort,3,High,22.59976268016057,Mild,56.56018475015525,38.38375508498164,11.731782911675962,3.272
1427,2024-01-02 18:04:00,14.156698035367388,Local,2.0820722123345012,1,Eco,3,High,39.745488354702346,Warm,52.01163738276473,41.01248750296426,6.638206117622104,6.178
1304,2024-01-02 18:05:00,5.418163729475034,Local,1.9674723728943864,2,Comfort,3,High,35.014871894256565,Warm,67.42816039137773,16.847147753570383,5.732688596285732,2.939
1871,2024-01-02 18:06:00,52.54798645714948,City,-0.7030547522189772,2,Comfort,3,High,26.756041199219556,Mild,59.301410279200056,24.18398108602915,8.258102152852029,2.929
1970,2024-01-02 18:07:00,101.27921663304298,Highway,0.5347124158814194,1,Eco,1,No Traffic,30.348638399495783,Warm,44.278736684124866,21.14572408175087,12.13623732569097,1.742
1316,2024-01-02 18:08:00,31.489005178716234,Local,1.3248978988494935,1,Eco,3,High,13.75837223186857,Mild,64.72490302122013,29.716491577298857,7.242429461984817,4.103
1962,2024-01-02 18:09:00,50.60551410310997,City,-1.552759352231862,3,Sport,3,High,8.413579971223099,Mild,73.55988612405557,7.598274660272542,7.128540874714332,1.066
1634,2024-01-02 18:10:00,4.790703907650147,Local,-1.9911534846315175,1,Eco,1,No Traffic,11.58827268481076,Mild,22.13545268694834,40.303678561572966,8.16711029237433,4.935
1901,2024-01-02 18:11:00,53.8894216961851,City,2.832575959273866,1,Eco,2,Moderate,-1.3360063221478224,Mild,57.26973831261403,39.870934634713535,7.236289421370132,5.51
1008,2024-01-02 18:12:00,69.31356967645604,City,0.7053438792577111,1,Eco,1,No Traffic,23.52078391133346,Mild,24.6146627666835,29.561616613046695,10.181782925425884,2.903
1773,2024-01-02 18:13:00,68.50884645025738,City,2.888494331001983,1,Eco,3,High,2.8689259995703233,Mild,34.912433125448885,37.33259697401354,9.480417785245251,3.938
1072,2024-01-02 18:14:00,39.89120306092382,Local,-0.9734640772066254,1,Eco,2,Moderate,29.329519502201737,Warm,64.84069872623785,49.4264078783303,8.32579608886985,5.937
1358,2024-01-02 18:15:00,37.86398167957626,Local,1.2181901998447895,1,Eco,1,No Traffic,3.548940801871572,Mild,89.29511322124645,46.133149600350286,7.40629210944547,6.229
1222,2024-01-02 18:16:00,12.794834272391746,Local,-1.6643781807525737,3,Sport,2,Moderate,5.265581137030145,Mild,90.62445433507878,30.611302548404183,7.276492709371856,4.207
1415,2024-01-02 18:17:00,44.01579847755221,Local,-1.4327989723565224,3,Sport,1,No Traffic,38.07875377192756,Warm,25.595520811090505,25.618931045656304,6.238076499656421,4.107
1552,2024-01-02 18:18:00,11.93936026475576,Local,0.0714127276177438,1,Eco,1,No Traffic,-0.2571839589322602,Mild,53.52840690293653,26.77290036397173,5.576910075768205,4.801
1369,2024-01-02 18:19:00,91.9915133654462,Highway,-1.0822912469515726,3,Sport,2,Moderate,17.447914266071344,Mild,66.64051864036409,23.384063721079535,9.723804682072569,2.405
1715,2024-01-02 18:20:00,115.9529157297823,Highway,-1.9942706169564932,2,Comfort,2,Moderate,-2.1791071669281257,Mild,31.765592364027473,24.063276281467772,11.390865147230905,2.113
1263,2024-01-02 18:21:00,116.40893480000484,Highway,-1.422715788064044,3,Sport,2,Moderate,-0.9324053563007144,Mild,81.23457733958173,36.62864683565181,13.224923277570063,2.77
1839,2024-01-02 18:22:00,103.80853192504726,Highway,-2.7855096332048124,2,Comfort,2,Moderate,23.507516296229213,Mild,79.5388206749791,49.60686937866026,12.305549541110876,4.031
1689,2024-01-02 18:23:00,72.0950579207543,City,1.2265417288649196,1,Eco,3,High,23.382726837636348,Mild,92.26728109654356,2.3611834327609573,5.904457067617708,0.4
1859,2024-01-02 18:24:00,84.10388366926558,Highway,-0.0473000574848301,2,Comfort,1,No Traffic,3.690412659587162,Mild,20.678880966675443,11.58638728547713,9.348352483924613,1.239
1317,2024-01-02 18:25:00,34.22469632164969,Local,-2.434541601572846,1,Eco,3,High,34.26189318662767,Warm,37.33473951912021,10.58936107896972,6.337997911405433,1.671
1083,2024-01-02 18:26:00,75.69245042071448,City,-1.9698360412290528,3,Sport,1,No Traffic,26.59841480573398,Mild,86.17493713962574,41.659523386373785,8.613331053478106,4.837
1317,2024-01-02 18:27:00,54.67794593278529,City,-2.384792771324136,2,Comfort,3,High,8.527476229202406,Mild,73.64640406615483,21.0442201479002,7.32951917700527,2.871
1110,2024-01-02 18:28:00,57.8420807732319,City,0.6755568496552589,2,Comfort,3,High,6.177395110401768,Mild,91.55118829587926,26.30410012936854,9.239370358877872,2.847
1250,2024-01-02 18:29:00,90.93318724501896,Highway,-2.434737818325037,2,Comfort,1,No Traffic,28.942836390887297,Warm,24.57437236242132,23.510701531088365,11.77159165134604,1.997
1382,2024-01-02 18:30:00,33.8302026716702,Local,1.5256939982112965,1,Eco,3,High,28.01307658596717,Warm,67.75711725731543,42.69869621539302,7.248379421633426,5.891
1006,2024-01-02 18:31:00,38.16475340334239,Local,-2.876934484077653,1,Eco,2,Moderate,1.697436018914697,Mild,65.52372599149393,25.03601807426672,7.199360397214879,3.478
1458,2024-01-02 18:32:00,110.9570149354364,Highway,-1.5037452720246474,3,Sport,2,Moderate,10.713453190162074,Mild,22.85395330884259,33.425514983287385,12.01468840819394,2.782
1083,2024-01-02 18:33:00,6.746915382116669,Local,2.344000055351443,3,Sport,3,High,4.7504760996298305,Mild,61.08176615299868,1.0722275841370237,4.7012140722134825,0.228
1207,2024-01-02 18:34:00,58.276115809600846,City,1.3111879087334763,1,Eco,3,High,8.236488823864292,Mild,68.76162490479393,32.65747678389905,8.482870500123147,3.85
1899,2024-01-02 18:35:00,109.5360960489434,Highway,-2.562190002445874,3,Sport,1,No Traffic,7.940378312269251,Mild,35.30345393616858,12.123490576053214,11.42574307795742,1.061
1389,2024-01-02 18:36:00,73.24356093817885,City,1.9267566269110787,2,Comfort,1,No Traffic,38.92106649834837,Warm,41.86636664997303,43.356743435079515,11.59583462959766,3.739
1313,2024-01-02 18:37:00,65.56884890545585,City,-0.0417892707587714,2,Comfort,3,High,28.759511789975583,Warm,71.22778770381896,37.60255400887733,10.144894810403546,3.707
1021,2024-01-02 18:38:00,29.969301507522623,Local,2.0806981630129755,2,Comfort,1,No Traffic,30.10234220211438,Warm,57.464075807996664,5.553416295634301,7.545386544927842,0.736
1409,2024-01-02 18:39:00,41.19305868773379,Local,0.6044386467023601,3,Sport,2,Moderate,7.484042436952953,Mild,88.64109260546614,5.263233019074739,6.428580342613187,0.819
1894,2024-01-02 18:40:00,102.24580989656316,Highway,1.0909981921971523,2,Comfort,2,Moderate,-4.97628117291342,Mild,47.390541280735064,14.720614539591962,9.956297507774767,1.479
1514,2024-01-02 18:41:00,67.10617581221497,City,2.9610093623742486,2,Comfort,2,Moderate,-2.3829347785104726,Mild,41.33277267105609,6.375603396802624,9.009368597813143,0.708
1126,2024-01-02 18:42:00,61.76906325081359,City,-1.605986724455891,1,Eco,1,No Traffic,19.884989499555807,Mild,98.78927522758742,37.04236232089912,9.661016153189008,3.834
1808,2024-01-02 18:43:00,11.949565624803473,Local,0.7436734485683303,1,Eco,1,No Traffic,7.84665125042739,Mild,92.89086161040667,49.34214320649432,7.420326192948454,6.65
1699,2024-01-02 18:44:00,1.9233787746147744,Local,-0.2380716596556098,3,Sport,1,No Traffic,3.6829570291684774,Mild,22.31941959991839,32.797310959245266,5.525782824393981,5.935
1873,2024-01-02 18:45:00,115.64222264244589,Highway,-2.7632882824638516,1,Eco,1,No Traffic,-2.7661585272656577,Mild,81.65828922452528,12.527430103766756,9.913353785501684,1.264
1013,2024-01-02 18:46:00,45.238340074421,Local,-2.91317615098281,3,Sport,3,High,34.4146782743382,Warm,28.826781906016237,28.25719234685756,8.952513243728976,3.156
1970,2024-01-02 18:47:00,72.38556745194052,City,-2.2846285330928477,3,Sport,3,High,22.005730617608915,Mild,22.19881558634967,40.30189151759558,11.661824703336826,3.456
1977,2024-01-02 18:48:00,9.5658087824742,Local,0.8945504432312887,1,Eco,3,High,-0.1682053498284208,Mild,41.89564127730791,48.11415147996163,8.809774698287296,5.461
1011,2024-01-02 18:49:00,81.97371428676558,Highway,0.4029785274803532,1,Eco,3,High,29.488180724346712,Warm,41.547670324888344,0.3530797087220317,8.499831556053842,0.042
1086,2024-01-02 18:50:00,111.90800504471532,Highway,0.3205773669823646,3,Sport,2,Moderate,29.01215159845596,Warm,85.54550098775718,26.232145538464472,10.786371012083864,2.432
1523,2024-01-02 18:51:00,69.07983035969036,City,-2.8088594248304393,3,Sport,1,No Traffic,8.023163845686513,Mild,76.85337967542681,22.715392519317223,8.48194828561863,2.678
1908,2024-01-02 18:52:00,15.133838685049268,Local,-0.1841820218399577,3,Sport,2,Moderate,3.479210120053498,Mild,98.52875418656114,20.783187043627024,5.7420840786821605,3.619
1536,2024-01-02 18:53:00,69.80658329681721,City,2.547736907055171,2,Comfort,1,No Traffic,31.629184426271937,Warm,76.92103202494548,25.241501545577847,9.13075273440384,2.764
1300,2024-01-02 18:54:00,91.96166557255827,Highway,-0.6144487841361204,2,Comfort,3,High,9.830412969301102,Mild,53.46044426048383,20.23495048870082,11.140772921272134,1.816
1242,2024-01-02 18:55:00,48.76998438888224,Local,0.749534818730738,1,Eco,2,Moderate,33.13426364864306,Warm,75.91421287561735,17.26637357114753,6.410126441401874,2.694
1121,2024-01-02 18:56:00,105.58052975297616,Highway,1.6789120537388609,2,Comfort,1,No Traffic,-3.035677412849711,Mild,99.95672537491215,5.828907290103302,6.903130548093059,0.844
1146,2024-01-02 18:57:00,77.84195440288374,City,1.703551674851326,2,Comfort,3,High,17.46800270101975,Mild,76.81135060500225,25.042295578691128,7.924279913984496,3.16
1566,2024-01-02 18:58:00,107.9098701947043,Highway,0.1156804943716283,3,Sport,1,No Traffic,3.0817876629828955,Mild,80.93450847842547,41.07046562055527,11.84270942132974,3.468
1749,2024-01-02 18:59:00,74.82063734968047,City,2.147711672414018,2,Comfort,1,No Traffic,25.242016595266115,Mild,95.06920121522074,5.326143341579616,8.010966288125184,0.665
1355,2024-01-02 19:00:00,15.754556640578908,Local,-0.6517314398175182,1,Eco,3,High,39.87461926610711,Warm,29.092100904934668,36.95071886168999,7.351069193491256,5.027
1684,2024-01-02 19:01:00,37.163005332622696,Local,2.33215928870879,2,Comfort,2,Moderate,13.562996441212054,Mild,76.38274347581815,13.461529313363886,6.470513742791211,2.08
1903,2024-01-02 19:02:00,24.21539379029483,Local,-1.558637001626728,2,Comfort,1,No Traffic,-0.486025389861922,Mild,88.06447663739591,19.124041467164375,5.727368978825767,3.339
1732,2024-01-02 19:03:00,109.05917972602349,Highway,-1.3187015580565735,2,Comfort,3,High,9.295290376279077,Mild,96.35028801767145,49.40542667134246,12.734530632621771,3.88
1630,2024-01-02 19:04:00,91.24800807449792,Highway,-2.6812762548059936,1,Eco,1,No Traffic,35.1177924804287,Warm,36.87754317693595,33.79304999852806,12.120664796801831,2.788
1308,2024-01-02 19:05:00,81.16780426920073,Highway,1.7734910192536972,1,Eco,1,No Traffic,29.459246084676455,Warm,60.314320617939536,35.98370475344411,9.213875778972604,3.905
1694,2024-01-02 19:06:00,36.11595835579461,Local,-0.4976685826037665,3,Sport,1,No Traffic,5.449524785151583,Mild,74.44438781155854,30.159307715109403,7.792894220795022,3.87
1287,2024-01-02 19:07:00,22.085372646025625,Local,-1.6253003165316058,2,Comfort,2,Moderate,37.91194237143964,Warm,39.797418360106995,16.185938502432514,7.052062908407783,2.295
1306,2024-01-02 19:08:00,90.7741305586694,Highway,-1.609258334300522,3,Sport,2,Moderate,22.99845706118972,Mild,68.03782906002192,33.78828257698593,11.009411349363027,3.069
1811,2024-01-02 19:09:00,56.89895350548956,City,2.408399647375399,3,Sport,2,Moderate,2.5622230142885662,Mild,40.60630259983995,22.91768928000721,8.471914758073176,2.705
1593,2024-01-02 19:10:00,27.094746258075496,Local,2.0034996027662215,1,Eco,2,Moderate,20.754496410080765,Mild,46.67656164253178,41.62093186347985,8.333187142123482,4.995
1965,2024-01-02 19:11:00,73.99463737983301,City,0.3211853121430996,3,Sport,3,High,15.307459044879725,Mild,55.32149572086921,28.595752281777013,9.058194985102393,3.157
1913,2024-01-02 19:12:00,4.840062256614237,Local,0.6966648024943263,2,Comfort,2,Moderate,31.886395364810376,Warm,62.33520789972536,38.58467645474248,7.0555021869775745,5.469
1722,2024-01-02 19:13:00,39.14043049539042,Local,-0.1540465766982537,3,Sport,1,No Traffic,10.487201332536037,Mild,55.94926973001205,42.44055459415607,8.278789156313543,5.126
1661,2024-01-02 19:14:00,56.22683935093616,City,-0.6500007427271468,1,Eco,3,High,34.37402439266259,Warm,59.455641583034335,41.07387005416943,9.949976655794869,4.128
1548,2024-01-02 19:15:00,17.7550000931287,Local,2.4928612873099887,1,Eco,1,No Traffic,31.538667389724004,Warm,43.88710050306341,20.165152559332896,6.726135640330284,2.998
1351,2024-01-02 19:16:00,118.15853731090075,Highway,-2.2463237788781876,1,Eco,2,Moderate,25.357155302199995,Mild,32.71720752181045,18.500953133773884,12.151989678516484,1.522
1311,2024-01-02 19:17:00,25.09168375075371,Local,-0.489319261702632,2,Comfort,1,No Traffic,6.637325005577802,Mild,23.787998186147156,43.466470970759616,8.577751382035263,5.067
1872,2024-01-02 19:18:00,15.642375605191866,Local,-0.9326285520727478,3,Sport,1,No Traffic,38.66483093259001,Warm,35.678297799333414,7.24069791614938,4.8295661350600385,1.499
1058,2024-01-02 19:19:00,24.424184866427566,Local,-0.0110956784931097,2,Comfort,1,No Traffic,19.69000511359691,Mild,66.55549132046264,14.042248642051655,4.978377751302643,2.821
1642,2024-01-02 19:20:00,92.28733597916693,Highway,-0.2542087527289496,1,Eco,1,No Traffic,35.83812902633631,Warm,82.88923582425059,6.13837592990372,6.321253350992519,0.971
1923,2024-01-02 19:21:00,51.06067911262114,City,0.1133371899064883,2,Comfort,2,Moderate,4.707845466258826,Mild,33.539807795431564,2.2003572758620393,6.915452525433368,0.318
1713,2024-01-02 19:22:00,67.84991277030456,City,-2.1604861366380357,1,Eco,1,No Traffic,39.25202359385014,Warm,28.684428621811875,30.83146675602792,9.190567019724506,3.355
1754,2024-01-02 19:23:00,2.5210988383632893,Local,0.0788490090796623,2,Comfort,1,No Traffic,31.72266530251443,Warm,79.94322884394002,45.04894917589771,5.337230299364069,8.441
1034,2024-01-02 19:24:00,4.131757028797747,Local,-1.5454871166767348,2,Comfort,1,No Traffic,37.71520975422016,Warm,44.41266644298317,6.557858725332463,5.888640417112356,1.114
1444,2024-01-02 19:25:00,53.49906597924194,City,-1.8940119060708525,3,Sport,1,No Traffic,4.55645795237443,Mild,96.1199551381882,39.805880376117,8.804860049538963,4.521
1092,2024-01-02 19:26:00,97.99862918419484,Highway,-2.6109946872828527,3,Sport,2,Moderate,14.37961353621466,Mild,77.14543764882984,19.029061513016018,10.54465795989377,1.805
1949,2024-01-02 19:27:00,106.22866544490785,Highway,1.5759153525368452,1,Eco,1,No Traffic,-0.6064735174876565,Mild,46.14048377944247,30.945131865657896,12.253912213853608,2.525
1958,2024-01-02 19:28:00,10.404788111476826,Local,-0.43534847486064,3,Sport,3,High,1.163632295160447,Mild,43.1634198234964,38.21071219486602,5.970794382528924,6.4
1206,2024-01-02 19:29:00,64.60357225212273,City,0.7598620998705501,3,Sport,3,High,7.778139861415067,Mild,61.895870901704725,35.532972741986974,9.349496811857067,3.801
1352,2024-01-02 19:30:00,109.58756235351244,Highway,1.3655600598284598,2,Comfort,1,No Traffic,37.82315472129654,Warm,26.331573462256756,6.921527204844046,10.101588353833495,0.685
1902,2024-01-02 19:31:00,46.55673052774637,Local,1.0758999918813208,1,Eco,1,No Traffic,25.023625650398976,Mild,29.41412101162392,5.857751775999022,7.261995840194006,0.807
1331,2024-01-02 19:32:00,99.54789977140425,Highway,-0.1769956854619065,2,Comfort,2,Moderate,9.158453818009985,Mild,34.0686305052954,46.21724922787575,11.734389276238248,3.939
1816,2024-01-02 19:33:00,16.043478527932344,Local,-0.672608826289621,2,Comfort,3,High,37.95579934770887,Warm,81.97788746436481,4.065610386703905,5.912866314904371,0.688
1861,2024-01-02 19:34:00,112.24733876013585,Highway,-0.7442405421560174,3,Sport,2,Moderate,28.28791329776943,Warm,61.1085887415298,10.998144646415325,9.535496892529109,1.153
1724,2024-01-02 19:35:00,90.17079810375633,Highway,0.840292781580338,3,Sport,1,No Traffic,35.81405559599401,Warm,20.845369821955437,21.97353705352144,11.156150204533184,1.97
1158,2024-01-02 19:36:00,112.9601271344282,Highway,-0.0312338703487595,1,Eco,3,High,36.724935722759426,Warm,73.88132219776872,41.06845392934098,11.934346549182068,3.441
1953,2024-01-02 19:37:00,81.19406802630078,Highway,2.0947934879310637,3,Sport,3,High,28.78463874604367,Warm,53.89521429283977,30.171035250900044,10.791151406910808,2.796
1956,2024-01-02 19:38:00,43.60847183993124,Local,2.2482119059602725,2,Comfort,2,Moderate,5.941004340621371,Mild,60.86818919710383,28.60205047006406,7.844869554504281,3.646
1023,2024-01-02 19:39:00,112.5817407029667,Highway,-1.9766377319608892,3,Sport,1,No Traffic,39.84650298035383,Warm,37.12929947303485,34.628546564688314,12.504164846751396,2.769
1403,2024-01-02 19:40:00,33.06801315710142,Local,-2.182598090725646,1,Eco,3,High,9.629087802773642,Mild,64.1425782715283,40.12771109539457,9.02019442059253,4.449
1804,2024-01-02 19:41:00,39.860702647407905,Local,0.7824055562159971,1,Eco,2,Moderate,25.226758730547335,Mild,98.33225918011908,11.702871936967782,6.787626953868028,1.724
1515,2024-01-02 19:42:00,84.09701016020884,Highway,-1.1926455116263237,2,Comfort,3,High,33.01652627310104,Warm,25.87557528046091,1.0431790104925929,9.336475620957762,0.112
1731,2024-01-02 19:43:00,91.83795594304635,Highway,-2.888575687409407,2,Comfort,1,No Traffic,2.8817947491095346,Mild,42.71339197315445,6.4471390424778425,8.428232045633312,0.765
1363,2024-01-02 19:44:00,111.52841806189846,Highway,2.3318560161777304,3,Sport,1,No Traffic,22.40687559751639,Mild,39.43980742886638,8.341681778943789,8.821802905907548,0.946
1381,2024-01-02 19:45:00,24.576289086745145,Local,-1.6385953965371505,1,Eco,1,No Traffic,11.882774961771606,Mild,39.88394486009437,2.0971496068997846,4.481541486347713,0.468
1531,2024-01-02 19:46:00,95.75976422630688,Highway,2.5756839101148543,2,Comfort,2,Moderate,5.993008133762364,Mild,50.29650860523019,37.40115002386738,9.888749733988472,3.782
1955,2024-01-02 19:47:00,88.62552640763562,Highway,1.3046067052695216,3,Sport,1,No Traffic,-4.47026842596596,Mild,85.4487827795334,44.25774164380909,11.413390208083005,3.878
1151,2024-01-02 19:48:00,7.655346750431744,Local,1.5759209394689062,3,Sport,2,Moderate,34.23883287090871,Warm,93.028695197151,35.561427941838936,5.413616315166163,6.569
1561,2024-01-02 19:49:00,46.46677694522484,Local,-1.7912310252410375,3,Sport,3,High,1.114669625208494,Mild,36.177206996717864,9.512298849905012,7.804579487411059,1.219
1688,2024-01-02 19:50:00,33.93185484721183,Local,-1.5948334462991225,2,Comfort,1,No Traffic,34.51527223081845,Warm,63.43599503584902,30.36159573261389,7.701289656282188,3.942
1946,2024-01-02 19:51:00,36.53885092248365,Local,0.1276065229443945,2,Comfort,2,Moderate,22.031076946380164,Mild,70.95191777323842,26.078123556881355,6.924864967541744,3.766
1607,2024-01-02 19:52:00,117.9536255465641,Highway,-1.967400884100827,3,Sport,2,Moderate,22.947499953176855,Mild,61.7461979491076,41.01617551751006,12.67216083574484,3.237
1616,2024-01-02 19:53:00,77.13328961759134,City,-1.1674098439018064,3,Sport,2,Moderate,32.28933074158953,Warm,54.72611153575357,47.120707130555346,12.05484818263712,3.909
1419,2024-01-02 19:54:00,86.12113893521995,Highway,-1.0712251323131732,2,Comfort,1,No Traffic,17.924851600365127,Mild,35.35804046873903,37.1724489956268,10.484916085506107,3.545
1249,2024-01-02 19:55:00,117.1941164778011,Highway,-2.0422204004834157,1,Eco,2,Moderate,11.0778055660454,Mild,59.05754873593908,25.67567703303458,11.009921868805105,2.332
1116,2024-01-02 19:56:00,45.26421389491664,Local,-1.7689029996290355,3,Sport,1,No Traffic,1.246300779663413,Mild,52.09718621690631,25.601308093433623,7.316905993353744,3.499
1865,2024-01-02 19:57:00,96.22082021433673,Highway,1.7313110520495396,1,Eco,1,No Traffic,20.668692154365043,Mild,83.64506900018156,40.40856466728671,10.730143328377435,3.766
1511,2024-01-02 19:58:00,52.14371559653944,City,-1.9968248727163895,1,Eco,3,High,19.89251744129855,Mild,81.08834873303962,6.21346618495227,5.642813732191348,1.101
1739,2024-01-02 19:59:00,104.34404061779756,Highway,-2.8292556489364653,2,Comfort,3,High,8.22534185502786,Mild,30.719894496453655,7.750356755489539,10.695045214292772,0.725
1577,2024-01-02 20:00:00,21.67890495735638,Local,0.7761296557736306,2,Comfort,1,No Traffic,22.002561654406655,Mild,27.081524205045405,17.241285938988888,6.805208252814122,2.534
1334,2024-01-02 20:01:00,113.72234124771356,Highway,2.8558987163547,1,Eco,3,High,14.77150986857633,Mild,92.65231545820023,37.382235926267235,11.503410322457444,3.25
1417,2024-01-02 20:02:00,26.25260500930556,Local,-1.0127171122612717,2,Comfort,2,Moderate,31.248856926106193,Warm,62.840671117159815,3.392236140790832,4.048013055698535,0.838
1931,2024-01-02 20:03:00,39.146460837711786,Local,-2.2880657808224862,1,Eco,1,No Traffic,20.176881593193013,Mild,88.62407498260725,17.28175042536258,5.369023397441974,3.219
1773,2024-01-02 20:04:00,90.74306809281366,Highway,0.4223239522051845,1,Eco,3,High,37.01553638560729,Warm,24.652089645312092,15.995168766691688,11.392975126657044,1.404
1294,2024-01-02 20:05:00,47.2506169878488,Local,2.438125266573877,2,Comfort,2,Moderate,18.309233577324022,Mild,62.12124932173042,24.338306714800552,6.3159027467548245,3.853
1937,2024-01-02 20:06:00,72.9853652119736,City,1.7043706789708732,2,Comfort,1,No Traffic,34.93728864207563,Warm,63.15412116609891,23.23945382858101,9.272109274161828,2.506
1754,2024-01-02 20:07:00,53.34882012833142,City,0.7350952104762962,3,Sport,2,Moderate,18.423631210634596,Mild,88.856162603372,35.74881886768611,8.773759898890205,4.075
1370,2024-01-02 20:08:00,89.08439245077382,Highway,-1.1096610203544035,2,Comfort,1,No Traffic,20.111566163814988,Mild,27.8087998583766,31.315497641071374,10.821982050102948,2.894
1185,2024-01-02 20:09:00,27.399750284233303,Local,0.2512810396573197,3,Sport,3,High,11.506359795501403,Mild,39.235645094072744,45.148222215909094,7.533229286960478,5.993
1245,2024-01-02 20:10:00,7.014958468425241,Local,-2.4525309521744676,2,Comfort,2,Moderate,13.0076105557253,Mild,52.52306511096105,9.11475606615512,3.3558383977132253,2.716
1636,2024-01-02 20:11:00,35.991527696767946,Local,1.07367254568402,2,Comfort,3,High,36.98956692812255,Warm,89.26731803359537,21.66083916330202,6.656544653966425,3.254
1267,2024-01-02 20:12:00,56.91703978421163,City,1.350576113385905,2,Comfort,2,Moderate,5.047708089124187,Mild,95.11066520564536,20.064770884309695,8.452339552801142,2.374
1642,2024-01-02 20:13:00,20.16240626312143,Local,2.790189737459513,2,Comfort,2,Moderate,0.4655974752771241,Mild,99.41796956749025,5.714672830753165,4.868133193163444,1.174
1236,2024-01-02 20:14:00,42.57567475876664,Local,-1.4376158475295702,1,Eco,2,Moderate,32.35949103117734,Warm,96.73547891668171,8.324898984739514,6.399534819936403,1.301
1529,2024-01-02 20:15:00,47.997962195228226,Local,-2.889261485741864,2,Comfort,2,Moderate,20.960985988519585,Mild,20.475340467548353,16.8978673257584,9.156525836950635,1.845
1551,2024-01-02 20:16:00,6.887021242592826,Local,0.2736507865629036,1,Eco,3,High,7.809129150766273,Mild,23.81666731630976,36.7666360693654,7.80554222197547,4.71
1020,2024-01-02 20:17:00,69.99686978210454,City,1.240743026380887,2,Comfort,2,Moderate,14.458009913036182,Mild,31.80854553260709,7.593045432484632,8.708824508578626,0.872
1910,2024-01-02 20:18:00,106.1212113565545,Highway,1.7424448552979277,2,Comfort,3,High,18.62073520497701,Mild,47.90896774162185,13.339388521782933,10.649085674807845,1.253
1736,2024-01-02 20:19:00,18.20914955436629,Local,-1.8375664018511364,1,Eco,2,Moderate,21.64631155763956,Mild,86.3934424789567,33.85337437401064,6.590947362913672,5.136
1866,2024-01-02 20:20:00,71.73696160818169,City,-1.429482785777858,2,Comfort,1,No Traffic,31.947296032231307,Warm,91.41249562683844,29.873036287727192,9.227356322168642,3.237
1793,2024-01-02 20:21:00,79.76870458930155,City,0.0755455516037777,3,Sport,1,No Traffic,12.745854735520696,Mild,34.94675250356664,5.309253743497903,9.75096111645268,0.544
1519,2024-01-02 20:22:00,50.3201616503146,City,-1.0163951401799889,3,Sport,2,Moderate,25.442640095189425,Mild,69.57313212957669,47.190881671589466,8.774791064784669,5.378
1099,2024-01-02 20:23:00,84.1317104837124,Highway,2.1630689195246706,2,Comfort,1,No Traffic,32.56451381938633,Warm,93.38895880522212,7.486643398263901,6.961387390448931,1.075
1751,2024-01-02 20:24:00,49.28778521892144,Local,-0.1574390775676786,3,Sport,2,Moderate,32.96980551811131,Warm,57.098538874505664,3.1642192062991805,5.1988872821866545,0.609
1477,2024-01-02 20:25:00,60.55647455729219,City,1.7974718646120174,3,Sport,3,High,6.44103422663909,Mild,28.283485756222717,15.282245828763976,8.714166321402999,1.754
1598,2024-01-02 20:26:00,0.8823653465312375,Local,0.4837185628941225,3,Sport,1,No Traffic,10.75778699125554,Mild,56.62509200677,1.420730603711035,4.291818418749407,0.331
1297,2024-01-02 20:27:00,83.00641369616265,Highway,1.6385408497026717,3,Sport,2,Moderate,21.770771541799647,Mild,50.06359218304458,1.633117109850936,6.892336390199338,0.237
1939,2024-01-02 20:28:00,79.36112147336694,City,-1.003962080818057,1,Eco,2,Moderate,34.85975760611258,Warm,66.21263968528055,28.978736556509837,10.87509049941728,2.665
1525,2024-01-02 20:29:00,4.6081052791613475,Local,1.988499731581867,1,Eco,3,High,30.570073901135306,Warm,55.09269475256829,44.658243266359534,6.231920760758265,7.166
1333,2024-01-02 20:30:00,44.19001288741597,Local,-1.3525661066938706,1,Eco,3,High,21.27833056372997,Mild,21.387674148297435,20.18696530440365,7.929063407832409,2.546
1001,2024-01-02 20:31:00,117.4838208950001,Highway,0.276592848019745,3,Sport,2,Moderate,39.26801337807297,Warm,99.5198186730937,15.17691004789094,9.834333080992034,1.543
1374,2024-01-02 20:32:00,50.48838750823401,City,-1.715957320956755,3,Sport,2,Moderate,14.754425324054871,Mild,63.48321901844567,45.73990000455443,10.836201066040427,4.221
1292,2024-01-02 20:33:00,60.23344861582101,City,-0.1468408702428396,1,Eco,2,Moderate,32.91027570338111,Warm,57.89046043876876,3.1669189237565982,5.840263281815508,0.542
1836,2024-01-02 20:34:00,109.19161897916622,Highway,-1.090948742947781,3,Sport,2,Moderate,31.828917098782583,Warm,96.36938972032432,23.718297790857967,9.94477890576728,2.385
1933,2024-01-02 20:35:00,86.07142510389077,Highway,-1.3997794161767143,1,Eco,2,Moderate,35.86172402516269,Warm,32.468829406966165,12.704856823569072,7.0592624498657415,1.8
1552,2024-01-02 20:36:00,69.84841573490682,City,2.801910108168225,1,Eco,2,Moderate,39.445525976134554,Warm,35.13900820361986,19.14738632030927,8.78197873579209,2.18
1317,2024-01-02 20:37:00,95.73656176092872,Highway,-2.0395553670796165,1,Eco,3,High,17.306351391092303,Mild,84.64117992502268,20.59861669021177,9.031446475800536,2.281
1501,2024-01-02 20:38:00,103.72395197471678,Highway,1.723955024744372,3,Sport,1,No Traffic,3.803334191652672,Mild,40.8664864020007,27.30236728296015,10.98220781163926,2.486
1827,2024-01-02 20:39:00,54.82656860847202,City,2.9049897568992895,1,Eco,2,Moderate,15.740291057266802,Mild,83.93816850332215,22.71722271213807,7.757416947074746,2.928
1380,2024-01-02 20:40:00,57.013003791820246,City,-2.880591097559533,2,Comfort,2,Moderate,33.42481946434444,Warm,41.7226786326802,49.40366652753231,10.190944382801987,4.848
1622,2024-01-02 20:41:00,46.32611227822029,Local,1.1941644842525705,1,Eco,3,High,32.624798541494414,Warm,22.655010418000117,1.3730083934194963,5.904647102725382,0.233
1013,2024-01-02 20:42:00,116.00473680221526,Highway,-1.4825291666622773,1,Eco,1,No Traffic,10.118645841406437,Mild,61.36117791093728,37.90717752130094,11.245962688570913,3.371
1503,2024-01-02 20:43:00,83.65995051484205,Highway,-2.7570730540301733,2,Comfort,3,High,-2.871193686859682,Mild,35.73491473014891,2.644665879986403,8.528752110393835,0.31
1230,2024-01-02 20:44:00,9.986767944968676,Local,-0.582662526260215,3,Sport,3,High,17.94289440218096,Mild,80.62770343459769,21.61040777838889,5.815172818983489,3.716
1984,2024-01-02 20:45:00,103.5551547975622,Highway,2.61130686102525,1,Eco,2,Moderate,16.334541808546543,Mild,71.29597065857185,10.172157686480594,10.403205294048384,0.978
1083,2024-01-02 20:46:00,57.66719290035217,City,-2.929409433798014,2,Comfort,2,Moderate,-1.1406210000290766,Mild,93.88821343823342,47.27058479702699,8.671890300353613,5.451
1129,2024-01-02 20:47:00,8.250468770698497,Local,0.5273141515786901,3,Sport,3,High,30.77004800756176,Warm,82.63906858125887,36.15227060024189,6.599449390809184,5.478
1742,2024-01-02 20:48:00,65.96607061959733,City,0.0083788715719457,2,Comfort,2,Moderate,7.761562327234799,Mild,34.46207638725815,23.196073400178925,9.75638080155276,2.378
1837,2024-01-02 20:49:00,50.05971347708425,City,2.2403049862262847,1,Eco,2,Moderate,24.058844147835124,Mild,84.0126589331837,47.61688165691431,8.927466979727226,5.334
1144,2024-01-02 20:50:00,105.32992858351498,Highway,-2.495989712876246,2,Comfort,2,Moderate,-0.4330461805250154,Mild,71.33896358512186,36.09260155126938,10.295627530691863,3.506
1890,2024-01-02 20:51:00,24.479352433126486,Local,1.089156179319902,3,Sport,1,No Traffic,33.73164278093213,Warm,73.51613134085,47.60182490924719,9.354460277619392,5.089
1856,2024-01-02 20:52:00,99.17575313906195,Highway,1.0806581905996635,1,Eco,1,No Traffic,28.26735264198234,Warm,86.5810308776119,35.25828613406074,9.368515958892514,3.763
1027,2024-01-02 20:53:00,66.92264294225433,City,1.0144801011736997,2,Comfort,2,Moderate,12.479021904039955,Mild,65.90592553511522,3.977769427285655,5.677676602479961,0.701
1065,2024-01-02 20:54:00,6.553236385616286,Local,2.654006969610222,3,Sport,3,High,23.32700271954556,Mild,57.28028114824103,30.85363795938392,5.932101847749509,5.201
1162,2024-01-02 20:55:00,116.62143615905816,Highway,1.938525174041283,3,Sport,1,No Traffic,3.4354251708508645,Mild,70.93128282869824,49.01945029691501,13.281312808005884,3.691
1228,2024-01-02 20:56:00,61.51382929238399,City,-2.748163642538964,1,Eco,3,High,39.34401209315253,Warm,43.83659431666872,10.787686812160205,7.964096372997876,1.355
1260,2024-01-02 20:57:00,34.9052225077899,Local,-0.1735028957729207,1,Eco,2,Moderate,30.824861894217342,Warm,34.607770486967944,39.65771023480814,8.916670189482659,4.448
1448,2024-01-02 20:58:00,56.32882103871097,City,-0.6122816627919994,1,Eco,3,High,30.502300138106214,Warm,69.32702704569971,9.31314000422316,6.207374998360281,1.5
1423,2024-01-02 20:59:00,102.94293402209868,Highway,-1.1391166734551876,1,Eco,3,High,1.9021097910044256,Mild,38.707869526838216,22.666635508502058,10.69706014867117,2.119
1459,2024-01-02 21:00:00,36.58837492620762,Local,-0.291979649075416,2,Comfort,1,No Traffic,-4.201991379776203,Mild,26.393208747728536,4.324719679583209,6.270140043029329,0.69
1951,2024-01-02 21:01:00,23.121167578404037,Local,-0.6948348904441355,3,Sport,3,High,21.341711549633494,Mild,20.044334766820313,17.095248537893973,7.053372133290801,2.424
1675,2024-01-02 21:02:00,15.488549631705776,Local,-0.4059966007280078,1,Eco,3,High,1.4854275327914932,Mild,68.66555211200537,38.83370145068223,7.941753377731543,4.89
1300,2024-01-02 21:03:00,35.74312780682535,Local,2.8755711936518544,1,Eco,1,No Traffic,30.119505541998024,Warm,48.97190267841894,2.358875592768547,5.020077885369887,0.47
1918,2024-01-02 21:04:00,93.60577044480522,Highway,-2.468202151502515,1,Eco,2,Moderate,13.723426308021082,Mild,80.18487765387647,16.07781211208762,10.454276120238816,1.538
1302,2024-01-02 21:05:00,56.595163823431406,City,2.533385219032379,2,Comfort,3,High,10.236741204434429,Mild,50.01411186504819,31.52464052903032,9.735826024623549,3.238
1286,2024-01-02 21:06:00,27.297792443224797,Local,-0.11857971917384,3,Sport,2,Moderate,-1.685783189223025,Mild,58.88027585905814,47.43301533295413,9.094822802127526,5.215
1394,2024-01-02 21:07:00,19.942199953169904,Local,0.742453472997247,3,Sport,2,Moderate,39.82292859750797,Warm,52.56679782523079,12.343053323501753,5.135404616374291,2.404
1009,2024-01-02 21:08:00,39.92753718124549,Local,1.9810977997061627,1,Eco,2,Moderate,38.020485117409585,Warm,72.04598328874769,8.740185480958784,6.006659440719553,1.455
1706,2024-01-02 21:09:00,112.79092474628506,Highway,-0.837221825104467,3,Sport,1,No Traffic,0.9218608513082982,Mild,48.49113296119746,10.263164465135086,10.710157405447184,0.958
1629,2024-01-02 21:10:00,41.163205510802925,Local,-0.4174685514721989,2,Comfort,2,Moderate,9.97652218816713,Mild,97.10141199538472,11.916755968329824,7.58340894471471,1.571
1269,2024-01-02 21:11:00,118.57488911455624,Highway,-0.5428891183277162,3,Sport,3,High,12.5854392111073,Mild,94.8917589278824,31.952245606509862,10.155675119580494,3.146
1591,2024-01-02 21:12:00,58.227654691842744,City,-0.7516138647854409,1,Eco,2,Moderate,8.356048515201794,Mild,87.8422322125825,49.933525803942075,9.841969196711537,5.074
1969,2024-01-02 21:13:00,21.499670194818105,Local,2.5531759298813697,3,Sport,2,Moderate,37.05108518446801,Warm,93.62402164581984,26.22720492763328,5.617415150944122,4.669
1604,2024-01-02 21:14:00,106.93681101522112,Highway,1.973579347158072,2,Comfort,2,Moderate,27.460382305993814,Mild,55.93117507675128,13.644395971190692,10.04267130450524,1.359
1777,2024-01-02 21:15:00,55.242644776179226,City,-2.3460000608221434,2,Comfort,3,High,38.01623825173292,Warm,62.91443174315937,37.37329256388127,8.011040479386748,4.665
1843,2024-01-02 21:16:00,85.16056122054293,Highway,-2.3512598851374236,3,Sport,2,Moderate,34.35274311358441,Warm,79.36740740465956,7.996756866473945,9.161507255674996,0.873
1861,2024-01-02 21:17:00,118.0453899850982,Highway,-0.4327829108820529,3,Sport,2,Moderate,28.954368376112782,Warm,75.69167399508329,1.5977072349853596,10.45407117961992,0.153
1360,2024-01-02 21:18:00,6.02104203839688,Local,-2.408055739603146,1,Eco,2,Moderate,26.36351981859452,Mild,91.25428764843768,30.302721951325452,4.877724843715802,6.212
1256,2024-01-02 21:19:00,11.603347174508055,Local,0.7145585716267178,1,Eco,1,No Traffic,33.97731209407666,Warm,77.30648218053562,10.593748157565075,4.005569757666349,2.645
1132,2024-01-02 21:20:00,86.45480897553074,Highway,-2.1378503564295963,1,Eco,3,High,25.786745355615484,Mild,99.83077665827685,20.021938865185316,9.415219278236812,2.127
1275,2024-01-02 21:21:00,33.81900039545664,Local,0.1342395838008063,3,Sport,1,No Traffic,3.4923909541517943,Mild,47.88046398652728,11.633718334737598,6.322315524653985,1.84
1775,2024-01-02 21:22:00,22.116167634011887,Local,-2.9566803179776935,2,Comfort,3,High,24.165693239264417,Mild,86.63981937915344,45.911280471024746,7.238638444891887,6.343
1682,2024-01-02 21:23:00,4.723425578367539,Local,-1.1004219095241197,2,Comfort,2,Moderate,18.1750737976858,Mild,75.81078582661314,16.96563321775187,5.606039947301939,3.026
1971,2024-01-02 21:24:00,2.6216054383442167,Local,1.0631443420359323,3,Sport,3,High,39.1852604692897,Warm,75.31091561720149,22.508767066811696,5.4453447569243165,4.134
1512,2024-01-02 21:25:00,92.9382723743749,Highway,-0.0957663586329093,2,Comfort,3,High,17.948449617964133,Mild,46.06684758759991,11.818664479364134,8.895610784306683,1.329
1312,2024-01-02 21:26:00,16.132011284346,Local,2.8696169159939284,2,Comfort,3,High,-3.2695257582030344,Mild,82.84814339384181,4.334065479371945,4.63924032599295,0.934
1575,2024-01-02 21:27:00,56.1264739165381,City,2.2446227763972644,3,Sport,3,High,6.888527984453955,Mild,92.03008178780792,25.676575266465477,8.176262871826095,3.14
1885,2024-01-02 21:28:00,72.70761782153797,City,-0.845575325741093,2,Comfort,1,No Traffic,36.28217922046445,Warm,37.483876921645034,43.449291133899536,10.479565433050691,4.146
1979,2024-01-02 21:29:00,51.40221606826155,City,-2.727080751166352,3,Sport,3,High,38.306034870098635,Warm,70.03974696933633,17.648914251062354,6.234165230444897,2.831
1283,2024-01-02 21:30:00,3.2527982803479727,Local,2.073757800690113,1,Eco,1,No Traffic,27.78243594883471,Mild,51.37078632822202,39.070333352471046,8.00267859544341,4.882
1120,2024-01-02 21:31:00,94.02018031054908,Highway,2.467405861888029,2,Comfort,1,No Traffic,-2.441124554586332,Mild,99.16384954359016,1.7273549328903193,7.033648084478792,0.246
1106,2024-01-02 21:32:00,1.2615869449984185,Local,1.9237643605142205,3,Sport,2,Moderate,-3.940637551418039,Mild,58.306625266534525,11.85188142585234,5.0795356897230155,2.333
1932,2024-01-02 21:33:00,91.42678732529808,Highway,-2.232300354481411,2,Comfort,3,High,16.581775125959506,Mild,38.265613903755415,6.6616168202100905,8.98077016289203,0.742
1686,2024-01-02 21:34:00,107.19653925457472,Highway,2.9874908064737262,2,Comfort,2,Moderate,39.98525379523983,Warm,50.54861001774661,20.203831651155905,11.561543491013913,1.748
1996,2024-01-02 21:35:00,51.940790526860674,City,-1.448494670683357,1,Eco,3,High,34.11835318747323,Warm,72.3070711853301,44.72721314276725,10.398012919991997,4.302
1203,2024-01-02 21:36:00,64.26509677173578,City,1.3452294768502204,3,Sport,1,No Traffic,36.98984293968991,Warm,26.087149707966105,18.738245331453548,9.187295279251677,2.04
1164,2024-01-02 21:37:00,57.23800711411845,City,2.4482092580143293,1,Eco,1,No Traffic,23.059367724681376,Mild,68.28815361769901,30.20584908720509,8.633949897662546,3.498
1304,2024-01-02 21:38:00,46.70503423481266,Local,-1.5858773140157434,2,Comfort,1,No Traffic,33.66061277131756,Warm,94.49798073431184,44.917291750897895,8.497234999098536,5.286
1496,2024-01-02 21:39:00,106.49094424444324,Highway,2.4495513280623964,2,Comfort,3,High,9.386426847873665,Mild,88.02902301262803,18.05334890119521,9.182002979722244,1.966
1631,2024-01-02 21:40:00,107.27202128039886,Highway,-1.1431105248307982,2,Comfort,3,High,-3.768619844703587,Mild,25.41388293263867,18.351205716263777,11.923554763774634,1.539
1555,2024-01-02 21:41:00,40.297963756984146,Local,2.858479334304337,3,Sport,3,High,36.32127827001821,Warm,99.47119029912544,4.490353734746734,6.717451190155609,0.668
1823,2024-01-02 21:42:00,73.80837048176376,City,-1.3124398777171524,1,Eco,3,High,4.829378109201961,Mild,75.89815389631033,17.517577608832255,7.3879670980848,2.371
1155,2024-01-02 21:43:00,111.2289074575037,Highway,2.720614948547011,3,Sport,3,High,27.78188597235534,Mild,32.982465945121895,37.333378075766575,12.190639082038402,3.062
1366,2024-01-02 21:44:00,115.4470198729622,Highway,-2.6787320946439506,2,Comfort,2,Moderate,24.65352916947192,Mild,20.99328713355388,42.24700599498835,13.6137711920588,3.103
1718,2024-01-02 21:45:00,61.0750848506457,City,1.255632070018878,1,Eco,3,High,2.117359678884573,Mild,33.702610903372104,36.165250716939525,9.232242735252024,3.917
1901,2024-01-02 21:46:00,54.33897663411921,City,0.1926668030220222,2,Comfort,2,Moderate,3.810054843901593,Mild,87.05407365485908,0.4455752003210915,5.405511782874699,0.082
1619,2024-01-02 21:47:00,33.443317911423094,Local,-0.1327375372636163,1,Eco,3,High,9.808261664340812,Mild,21.731145995613097,5.9371423202727565,6.34546114412562,0.936
1250,2024-01-02 21:48:00,115.0646247828492,Highway,-1.65903411446496,3,Sport,3,High,29.061879382686307,Warm,38.65178428944692,36.57600169877476,12.998398725206725,2.814
1956,2024-01-02 21:49:00,17.137716536744083,Local,1.2335747386589515,3,Sport,3,High,-3.234008988654497,Mild,80.58444762679002,47.12559326506112,7.775488559398125,6.061
1915,2024-01-02 21:50:00,69.579549125727,City,-1.8551430513221576,3,Sport,3,High,13.31809331298555,Mild,66.88884287185081,34.79852040131182,9.130160023615106,3.811
1881,2024-01-02 21:51:00,33.906032102236665,Local,0.3170507759086094,3,Sport,1,No Traffic,24.930094282985483,Mild,82.61885682881535,11.38255532723552,5.388224422053683,2.112
1333,2024-01-02 21:52:00,33.480994841735594,Local,-1.4805278217584952,3,Sport,1,No Traffic,2.7161925672384895,Mild,79.69204030614304,5.467162193692489,5.009338649003826,1.091
1641,2024-01-02 21:53:00,48.59623048514261,Local,2.7337282786881367,1,Eco,2,Moderate,0.3737772659937359,Mild,24.04811096974438,43.863112549464056,9.357174016426583,4.688
1968,2024-01-02 21:54:00,119.85515229787856,Highway,-2.828212836986083,1,Eco,2,Moderate,12.5595508477996,Mild,91.40091352753213,5.041622546651461,9.390801481959898,0.537
1510,2024-01-02 21:55:00,6.595956820778648,Local,-1.8016303193325809,2,Comfort,3,High,7.895164803776591,Mild,38.1625467425815,7.636744490825633,4.7343478732875175,1.613
1292,2024-01-02 21:56:00,69.42501818442378,City,-1.5461363616753137,1,Eco,3,High,24.20930489057945,Mild,64.2713952183811,29.87496680427283,9.652466242846517,3.095
1019,2024-01-02 21:57:00,9.90865896423326,Local,-0.5155930453931017,2,Comfort,3,High,38.63058414345759,Warm,71.5430525222223,9.58085419374174,5.325221134272877,1.799
1281,2024-01-02 21:58:00,18.54249959886228,Local,-1.6036185487796788,3,Sport,3,High,-4.798897883188245,Mild,33.49025687080763,11.456908463146496,6.206564248287614,1.846
1796,2024-01-02 21:59:00,52.74755301274784,City,-0.0519054583872886,1,Eco,1,No Traffic,35.607096060725155,Warm,98.09850053607796,7.198702586765211,5.26184207898295,1.368
1000,2024-01-02 22:00:00,61.25521576157296,City,2.2347931395512344,1,Eco,2,Moderate,14.495036637572165,Mild,59.05247648698472,47.22187735733247,8.66786529473564,5.448
1118,2024-01-02 22:01:00,31.05508900374288,Local,1.2723805284550247,3,Sport,2,Moderate,24.880347817044463,Mild,24.611415647791475,6.333766543283227,6.287854179883204,1.007
1034,2024-01-02 22:02:00,37.974855704929944,Local,0.4797718832106663,3,Sport,2,Moderate,33.296216478016326,Warm,94.98096358222725,46.57346991731835,9.541203939189243,4.881
1197,2024-01-02 22:03:00,10.436042430711968,Local,-2.465980932103922,3,Sport,1,No Traffic,20.80563975049559,Mild,66.90142745546144,16.37722919166589,4.923472836923898,3.326
1484,2024-01-02 22:04:00,36.386374061310065,Local,1.163952650335654,2,Comfort,3,High,-0.6209677763897945,Mild,75.93545583851011,41.09581855374958,7.947843536744919,5.171
1756,2024-01-02 22:05:00,115.9870127256653,Highway,-2.0015142941343607,2,Comfort,1,No Traffic,1.3267829068690258,Mild,62.01406319473793,47.50487871741704,12.330816836872412,3.853
1058,2024-01-02 22:06:00,113.3648858006978,Highway,1.7182043157701878,1,Eco,1,No Traffic,30.517601904378452,Warm,86.7790363821574,26.010961779857787,11.663264846926683,2.23
1836,2024-01-02 22:07:00,40.1853948164382,Local,-1.4996594489390809,3,Sport,2,Moderate,5.3094204149904805,Mild,22.65067697545687,38.53158902157147,8.983849614274803,4.289
1160,2024-01-02 22:08:00,68.5024723534514,City,-0.4977076300745944,1,Eco,1,No Traffic,20.606692725959523,Mild,41.47026922217182,13.373922307539797,8.850433101113696,1.511
1690,2024-01-02 22:09:00,109.15144693331332,Highway,-0.8971787860924323,3,Sport,2,Moderate,14.263623061545076,Mild,57.571868512215374,19.209913213198774,11.58543573595411,1.658
1205,2024-01-02 22:10:00,0.742058716907601,Local,2.1528834880491408,3,Sport,1,No Traffic,8.663754226410767,Mild,26.128289305096803,27.69403760575779,5.791650778958488,4.782
1011,2024-01-02 22:11:00,97.28202844051104,Highway,-2.240733247719551,3,Sport,2,Moderate,30.41354038550743,Warm,76.47253354613267,42.53801271613499,12.004134816569264,3.544
1489,2024-01-02 22:12:00,113.80434633467029,Highway,0.3938692943087316,3,Sport,2,Moderate,27.90474935011685,Mild,51.49307312445126,31.07482818009975,11.440004874452706,2.716
1275,2024-01-02 22:13:00,10.959088120026848,Local,-2.1476303433416266,3,Sport,3,High,24.07489980122468,Mild,41.81343922145152,1.2027313182674313,5.498240332917986,0.219
1692,2024-01-02 22:14:00,19.373722323950524,Local,1.2287750167931204,2,Comfort,2,Moderate,11.770211579045135,Mild,20.270307744672984,15.308749822984106,7.275057542915683,2.104
1241,2024-01-02 22:15:00,115.28955633256264,Highway,2.4304687667668867,1,Eco,1,No Traffic,5.191164580957809,Mild,77.5864249399963,43.26209454194898,11.14967901468255,3.88
1215,2024-01-02 22:16:00,64.50481723684156,City,-0.3923540767964795,3,Sport,2,Moderate,18.215272794916288,Mild,86.70474470982894,12.087817414278794,8.430268859161785,1.434
1250,2024-01-02 22:17:00,1.7035961366068442,Local,-0.0714464384101445,2,Comfort,1,No Traffic,31.769684514794665,Warm,51.60324285451988,18.45961569543406,5.626304168187632,3.281
1810,2024-01-02 22:18:00,30.9158398516235,Local,2.5645370188965737,2,Comfort,2,Moderate,20.904923667288735,Mild,65.13743816266924,19.541774685353236,7.137841552728627,2.738
1125,2024-01-02 22:19:00,53.993240912263154,City,0.1259483318961427,3,Sport,3,High,38.65628394377479,Warm,38.21493007436787,7.8071914442938,5.547798684390277,1.407
1993,2024-01-02 22:20:00,83.14906932297212,Highway,-0.0744093717026341,3,Sport,3,High,-4.305313037192121,Mild,69.77581170241065,17.555621262699347,9.197514638076722,1.909
1216,2024-01-02 22:21:00,87.97924537641595,Highway,0.4699746162258247,2,Comfort,1,No Traffic,39.925605162488026,Warm,20.97099666521604,40.88929387702481,10.35256857037429,3.95
1305,2024-01-02 22:22:00,119.45058155105474,Highway,1.1353784181777111,3,Sport,2,Moderate,26.113407086141013,Mild,59.09151176790068,42.46978403475317,13.559365637868412,3.132
1796,2024-01-02 22:23:00,34.501343926051085,Local,-2.358699749477812,2,Comfort,1,No Traffic,32.47033077359493,Warm,71.53643854725539,29.086787451005694,6.607964196610035,4.402
1184,2024-01-02 22:24:00,64.58641222421703,City,1.926663166449096,3,Sport,3,High,10.072856549535487,Mild,93.45534185837872,33.96910628796117,9.352321721558877,3.632
1038,2024-01-02 22:25:00,63.9988257431526,City,-0.3869698352804445,2,Comfort,1,No Traffic,17.875359763895,Mild,50.506865369782744,26.77517790299282,9.022978916500188,2.967
1222,2024-01-02 22:26:00,48.6774311336685,Local,-2.5659089406150866,3,Sport,1,No Traffic,30.864516154794913,Warm,81.21521623848238,2.3092009670805087,6.214537648537133,0.372
1183,2024-01-02 22:27:00,20.299427261090425,Local,1.717096015189279,2,Comfort,2,Moderate,29.22922625651439,Warm,67.81496239548005,34.86457484908435,7.967812044337273,4.376
1494,2024-01-02 22:28:00,117.2947875820611,Highway,-0.7383001698823675,1,Eco,3,High,10.031549299567416,Mild,94.16096903400644,49.82788869261808,12.738527907100575,3.912
1426,2024-01-02 22:29:00,102.39806239999032,Highway,-2.3977950294296764,3,Sport,3,High,9.598460576071131,Mild,51.87021405275445,11.468383958625372,10.164680892919405,1.128
1177,2024-01-02 22:30:00,59.79996339530847,City,0.8026742372595033,3,Sport,2,Moderate,24.8265041310459,Mild,45.52762718983904,49.109344826784046,10.080149218864618,4.872
1918,2024-01-02 22:31:00,72.38945072208358,City,2.2807881206018497,2,Comfort,2,Moderate,37.01466316623976,Warm,90.9713598955315,49.88890267089692,9.303144512108386,5.363
1427,2024-01-02 22:32:00,27.271326427159476,Local,2.3265210564839176,3,Sport,2,Moderate,14.74536958033585,Mild,23.93955211266313,7.161578813822773,6.5566626415760645,1.092
1293,2024-01-02 22:33:00,65.25444844700962,City,2.745980848853839,1,Eco,3,High,10.88238096891472,Mild,30.910831434694146,46.31414549655172,10.32857567904955,4.484
1851,2024-01-02 22:34:00,83.3964159745771,Highway,2.2062327586001285,1,Eco,3,High,35.26091663062818,Warm,26.592354766723556,33.80907846440968,11.840163023595958,2.855
1150,2024-01-02 22:35:00,61.82004340639065,City,-2.9871544839271484,2,Comfort,2,Moderate,25.73752276554613,Mild,87.4487965261122,23.371954040298824,9.301260456790544,2.513
1383,2024-01-02 22:36:00,118.83422047019296,Highway,-0.7185530015196586,2,Comfort,1,No Traffic,12.472419086773709,Mild,20.848593869625553,17.298569802570924,11.728839922290812,1.475
1637,2024-01-02 22:37:00,73.36099874972714,City,1.9112554794330183,3,Sport,3,High,-2.4225696118492457,Mild,88.93257243976385,31.52709952179083,10.00821625823948,3.15
1812,2024-01-02 22:38:00,44.51684551106028,Local,-0.8024819640091545,2,Comfort,2,Moderate,27.46701724215032,Mild,56.101423629701344,42.15505519005361,8.14936496567,5.173
1307,2024-01-02 22:39:00,92.65824331390056,Highway,0.6092910382782368,1,Eco,2,Moderate,10.8798920810671,Mild,20.32202230831766,1.801707753276391,8.630512502777036,0.209
1335,2024-01-02 22:40:00,20.45550138979705,Local,0.6379016842471921,1,Eco,1,No Traffic,-1.824521100243812,Mild,52.131614176963346,26.81956733776672,6.303484271785216,4.255
1945,2024-01-02 22:41:00,46.141897644751985,Local,-0.8098481757670619,3,Sport,2,Moderate,22.553008926086953,Mild,34.94406728360285,32.54817281788723,8.174680984363658,3.982
1745,2024-01-02 22:42:00,41.635074045310304,Local,2.4268435636877257,1,Eco,1,No Traffic,9.535309172222972,Mild,69.95203899777304,1.377604253950328,6.435954114418804,0.214
1891,2024-01-02 22:43:00,51.816851412933275,City,0.0193700723167058,2,Comfort,1,No Traffic,10.230542873973825,Mild,74.34870319373172,44.4649722200089,9.333017203648913,4.764
1374,2024-01-02 22:44:00,93.81357911144715,Highway,-0.2112947643749949,3,Sport,3,High,16.56265588365517,Mild,59.002205632399985,47.59431698145179,11.574234894026583,4.112
1007,2024-01-02 22:45:00,58.1007638596089,City,2.9850824739713753,3,Sport,2,Moderate,27.28636452978047,Mild,23.241562035173597,30.663316557242293,8.478817877375871,3.616
1340,2024-01-02 22:46:00,95.28173403191552,Highway,-0.0389978155642998,3,Sport,3,High,7.434871493633237,Mild,72.49030434937615,5.938353615690919,9.71349856143471,0.611
1128,2024-01-02 22:47:00,69.1786683767839,City,-1.9296104884285137,2,Comfort,3,High,-1.357433789949456,Mild,87.3631026884417,46.62734434522682,9.857065924704171,4.73
1775,2024-01-02 22:48:00,41.04833215890664,Local,0.0784165371806282,3,Sport,3,High,14.09915746477778,Mild,77.62594218611213,40.26985415941109,9.315091932235926,4.323
1668,2024-01-02 22:49:00,97.19744924201667,Highway,1.8841004131195804,3,Sport,2,Moderate,-2.5283559597622536,Mild,86.39663351642548,1.5245566297903512,9.41493124607806,0.162
1351,2024-01-02 22:50:00,28.59476046637099,Local,1.6611619613896886,1,Eco,2,Moderate,26.37708294514974,Mild,36.04076188407099,28.99996563278346,6.38358260933319,4.543
1357,2024-01-02 22:51:00,26.92595757597546,Local,1.731490590650826,1,Eco,2,Moderate,38.16595605651584,Warm,91.1110351725186,5.815412087342985,4.132681775913472,1.407
1516,2024-01-02 22:52:00,60.54035088658029,City,1.2481427039874706,3,Sport,3,High,24.644146344165925,Mild,45.775476051837025,7.1392131706517565,7.559091377063777,0.944
1494,2024-01-02 22:53:00,31.30190951545067,Local,-1.4746930255998707,2,Comfort,1,No Traffic,7.392570238788411,Mild,21.072385140159284,9.706246252277284,7.446323628610268,1.303
1085,2024-01-02 22:54:00,1.0904441941459586,Local,2.172504515041389,2,Comfort,3,High,3.176607439192157,Mild,87.47133170632566,19.86980589986275,4.400260312857747,4.516
1174,2024-01-02 22:55:00,77.79570327585618,City,2.3606607922575904,2,Comfort,1,No Traffic,5.4752607085040434,Mild,95.34570151717814,43.83150475655581,9.697111153557456,4.52
1801,2024-01-02 22:56:00,61.33125857668776,City,-1.8350838202887056,2,Comfort,2,Moderate,4.972450142565469,Mild,72.44465579338791,1.650663092401811,6.423153102980698,0.257
1192,2024-01-02 22:57:00,53.46213773917934,City,-2.2172661806916363,1,Eco,2,Moderate,9.122372772003205,Mild,38.51493043707397,34.49162739896883,9.950530464427958,3.466
1310,2024-01-02 22:58:00,116.03622175419784,Highway,2.853629811534672,2,Comfort,3,High,-0.6193994842334796,Mild,40.13955714260243,48.231084373631816,13.25818294678919,3.638
1118,2024-01-02 22:59:00,68.54390207554964,City,2.209943781902208,2,Comfort,1,No Traffic,35.30735759408959,Warm,57.32742987484956,32.097548845503354,9.1813621321307,3.496
1217,2024-01-02 23:00:00,103.61178933472614,Highway,2.35941688325968,3,Sport,2,Moderate,34.83042228982785,Warm,91.82648636811356,40.79869246440333,11.864988991772847,3.439
1426,2024-01-02 23:01:00,16.73402834461922,Local,2.3182583077463708,2,Comfort,2,Moderate,22.685631410568774,Mild,31.967812491804672,45.09843855655337,8.588297837978482,5.251
1969,2024-01-02 23:02:00,68.30477557553132,City,0.2501209442023704,2,Comfort,3,High,-2.213583490713868,Mild,86.07789356667895,35.76841046002035,9.422372666841122,3.796
1413,2024-01-02 23:03:00,104.15755520770834,Highway,0.8784104199947982,2,Comfort,3,High,31.180033332479475,Warm,43.30422469641203,33.02615563459669,11.270634667769764,2.93
1113,2024-01-02 23:04:00,69.97269087358777,City,0.2721771128018497,2,Comfort,3,High,-2.219513731778959,Mild,84.68689355432784,0.996540520769501,5.561955476096836,0.179
1977,2024-01-02 23:05:00,86.16170137524018,Highway,-2.692761904858026,1,Eco,1,No Traffic,-0.2110449306590691,Mild,93.62169580812308,25.992565542769604,8.066496223182751,3.222
1144,2024-01-02 23:06:00,44.64522813746488,Local,1.473018512116636,3,Sport,1,No Traffic,9.638337668992156,Mild,54.19950975954562,23.514366756448865,8.176244836554657,2.876
1537,2024-01-02 23:07:00,11.093942044447992,Local,0.0319922000152814,1,Eco,2,Moderate,14.41616429495021,Mild,49.204052328442465,26.183010790052776,6.227161420963652,4.205
1647,2024-01-02 23:08:00,54.94803541524857,City,0.8862544487413784,3,Sport,3,High,10.925003052189362,Mild,84.17770551770414,21.68077147301357,6.846979239349909,3.166
1302,2024-01-02 23:09:00,47.3375269006629,Local,0.0158388298532115,3,Sport,2,Moderate,2.4353401440263776,Mild,62.35863059035152,45.33721998303409,9.176842587738772,4.94
1743,2024-01-02 23:10:00,104.04722188547368,Highway,-0.0491320660652645,3,Sport,1,No Traffic,0.0458372956798367,Mild,74.75592387705576,44.4626014687223,10.329985132723804,4.304
1880,2024-01-02 23:11:00,29.27943628229667,Local,-1.969265343133399,3,Sport,2,Moderate,33.673685201698746,Warm,69.82633895689436,6.372357912652142,5.6850197311955535,1.121
1587,2024-01-02 23:12:00,116.00810730421296,Highway,-1.3277177091531065,1,Eco,2,Moderate,11.343155167836764,Mild,32.231107651583706,26.69135074526164,11.713460050893485,2.279
1986,2024-01-02 23:13:00,114.97657437653952,Highway,-2.0468838483362655,3,Sport,3,High,4.836972015017885,Mild,87.58322882316493,47.981993291538,12.689668960897588,3.781
1839,2024-01-02 23:14:00,29.71579716857264,Local,-1.8260022262479456,2,Comfort,2,Moderate,16.914611048051896,Mild,35.6620089130509,29.97334136756037,7.875122662097726,3.806
1344,2024-01-02 23:15:00,41.76623465727846,Local,2.8378642825218297,2,Comfort,3,High,-3.3429469757921715,Mild,94.58257152566246,40.10325416343379,7.260980977877213,5.523
1813,2024-01-02 23:16:00,107.4666889048662,Highway,-2.0813193253668096,3,Sport,2,Moderate,22.012653204951267,Mild,40.045703313771824,18.73066510206377,11.852794057912696,1.58
1963,2024-01-02 23:17:00,115.9946665075329,Highway,-1.384377454168754,2,Comfort,2,Moderate,6.182031408231914,Mild,78.71047786189935,18.924724877078503,10.967502864292612,1.726
1800,2024-01-02 23:18:00,53.21269234032528,City,0.5435379464315098,2,Comfort,1,No Traffic,21.9188386359096,Mild,42.772431479487366,16.351795439346667,6.833848262803517,2.393
1000,2024-01-02 23:19:00,38.51964547690774,Local,0.6610714574198511,3,Sport,1,No Traffic,22.635632400064104,Mild,45.42283268694911,1.190088684975391,5.54651366713466,0.215
1146,2024-01-02 23:20:00,63.13128159018505,City,-2.0761552215370256,3,Sport,2,Moderate,31.415088611139076,Warm,44.800148222584426,46.250095461530634,10.826423601584224,4.272
1286,2024-01-02 23:21:00,82.53230476388818,Highway,1.7623045547112737,3,Sport,2,Moderate,5.345714002426325,Mild,79.83138032208666,17.547120784154817,9.185921946638045,1.91
1975,2024-01-02 23:22:00,32.81694184499757,Local,1.7112172074769498,1,Eco,3,High,15.855908737867608,Mild,64.54520943755145,18.417689022875265,6.314954707686146,2.917
1653,2024-01-02 23:23:00,88.37678095428873,Highway,-1.5760937747766537,3,Sport,1,No Traffic,38.28493021863044,Warm,90.63619646779978,38.00141567891925,10.44597148883454,3.638
1052,2024-01-02 23:24:00,6.198882853756924,Local,-1.2680021839472373,3,Sport,1,No Traffic,27.720617983807905,Mild,44.58981753632359,26.391966820827463,6.7286683170573145,3.922
1303,2024-01-02 23:25:00,5.915339131729973,Local,2.6279271927569816,1,Eco,2,Moderate,38.89047136079013,Warm,75.35940176453954,18.165903536404123,4.564270953214955,3.98
1068,2024-01-02 23:26:00,46.35452461746543,Local,1.9540286758768683,2,Comfort,3,High,36.731457088469675,Warm,80.23588797304885,44.192509754362945,8.64359016132073,5.113
1360,2024-01-02 23:27:00,42.41678304728647,Local,1.186782198375143,1,Eco,1,No Traffic,22.48368685628944,Mild,32.11856904239666,41.286422753346365,8.64700655656414,4.775
1601,2024-01-02 23:28:00,37.87598584405827,Local,-2.506600670936397,2,Comfort,2,Moderate,6.8768660146964535,Mild,52.04714858558489,48.842398421156055,9.496010195074216,5.143
1957,2024-01-02 23:29:00,58.9223715202692,City,-0.4904155145845457,1,Eco,2,Moderate,29.06158704980875,Warm,58.62539954803289,32.08697963462872,8.824683474023203,3.636
1219,2024-01-02 23:30:00,38.48802987738855,Local,0.3558112324609621,3,Sport,2,Moderate,26.415366061553176,Mild,48.454991191549944,34.5358208901331,9.326899501462403,3.703
1961,2024-01-02 23:31:00,23.07095021617103,Local,-1.8755322720973384,1,Eco,2,Moderate,21.500055416082898,Mild,45.76900767753105,16.29252621774601,5.9605200424156894,2.733
1703,2024-01-02 23:32:00,37.13634589063211,Local,-0.3106405073506528,3,Sport,2,Moderate,26.402315282108543,Mild,74.91359151981135,5.069041423810665,5.942315175898884,0.853
1965,2024-01-02 23:33:00,116.9885127372282,Highway,0.6061552649321396,2,Comfort,1,No Traffic,22.611388654536295,Mild,37.269311812759085,5.385245061817967,11.338084486114012,0.475
1574,2024-01-02 23:34:00,49.33361003938183,Local,-1.035739919307605,3,Sport,1,No Traffic,18.37205603827809,Mild,76.75125962009031,32.3324290491401,8.092729946414835,3.995
1584,2024-01-02 23:35:00,53.36553322300029,City,1.6856689137029228,1,Eco,3,High,13.717996675750442,Mild,94.80353571125843,5.752254684487068,5.230958681725675,1.1
1160,2024-01-02 23:36:00,69.1853987941368,City,2.0426974898328325,1,Eco,2,Moderate,-2.9881231440151783,Mild,65.21580169422009,45.34066563119307,10.861894347941895,4.174
1680,2024-01-02 23:37:00,118.0008922097072,Highway,-1.0583431833955754,2,Comfort,3,High,33.95595635964315,Warm,68.91473893915793,35.22304584085514,11.27387994892225,3.124
1088,2024-01-02 23:38:00,28.99215317229156,Local,2.031942926954743,3,Sport,2,Moderate,33.94932621698856,Warm,25.514616169927127,11.387716324539603,5.424913369680641,2.099
1687,2024-01-02 23:39:00,81.75385326389205,Highway,-2.37854060338191,2,Comfort,2,Moderate,21.732129398601497,Mild,89.15815228942625,14.03266188506906,7.745559279331303,1.812
1780,2024-01-02 23:40:00,85.9181632250069,Highway,2.026374591735938,3,Sport,2,Moderate,7.054793732116934,Mild,42.835822975989245,35.527688499166224,10.754838794454573,3.303
1584,2024-01-02 23:41:00,72.87893001516791,City,-2.0834974099943,3,Sport,3,High,-3.73410301824984,Mild,69.20409324228518,41.223584759293274,10.453825439796818,3.943
1756,2024-01-02 23:42:00,10.629400756397288,Local,-2.5024370849416435,2,Comfort,2,Moderate,-4.93570381248616,Mild,98.3289735795842,41.98755636534604,5.5237491647842125,7.601
1588,2024-01-02 23:43:00,81.22467309930917,Highway,0.8506524266460671,2,Comfort,3,High,-1.7191674624857516,Mild,67.64020804582462,30.09125589034819,10.25237162395436,2.935
1158,2024-01-02 23:44:00,7.691365324341057,Local,-0.168375805468234,3,Sport,1,No Traffic,11.194884685802425,Mild,77.9767589971502,7.846076115703038,5.0856252665090524,1.543
1488,2024-01-02 23:45:00,71.53711794598763,City,2.4473436024769963,2,Comfort,2,Moderate,3.477817569868499,Mild,55.62556945790015,40.93613911748043,10.615068335474287,3.856
1970,2024-01-02 23:46:00,88.74974126660912,Highway,-0.8208648234549045,3,Sport,3,High,6.927613853688559,Mild,24.82926748120459,39.60301207890559,11.57710946352748,3.421
1323,2024-01-02 23:47:00,25.31638687439405,Local,-1.277086419374228,2,Comfort,1,No Traffic,26.48471697872194,Mild,83.80794795918308,41.78434353974524,5.699418844226767,7.331
1609,2024-01-02 23:48:00,100.99464090513288,Highway,0.0044094368651901,2,Comfort,2,Moderate,38.16173984616209,Warm,22.799907301118857,7.967422646866886,9.456787924643953,0.843
1380,2024-01-02 23:49:00,3.642456663960512,Local,-0.2643228853880321,2,Comfort,1,No Traffic,4.304912935901463,Mild,76.05262631102832,34.2494515338403,5.546680910409233,6.175
1101,2024-01-02 23:50:00,101.25754363899674,Highway,-0.9334317226968704,1,Eco,2,Moderate,15.953977036142028,Mild,21.833725851970954,48.016172279071995,12.915535979909434,3.718
1493,2024-01-02 23:51:00,55.23948607713181,City,1.1624477921899716,2,Comfort,3,High,39.61657306747346,Warm,88.98441892613364,12.877473148853252,7.338680893979098,1.755
1643,2024-01-02 23:52:00,26.11055279179734,Local,1.5573710034834498,1,Eco,2,Moderate,36.92534792053805,Warm,32.61088286663845,35.86472853311604,8.161699509795586,4.394
1613,2024-01-02 23:53:00,16.05337739927616,Local,2.1179038141808197,3,Sport,2,Moderate,10.854233636315405,Mild,61.14171963540409,13.019979829887932,5.657725696194067,2.301
1018,2024-01-02 23:54:00,114.3968601098847,Highway,2.837139628262057,3,Sport,3,High,9.386007105913745,Mild,67.77205635865178,15.42411079653304,9.725904389464366,1.586
1453,2024-01-02 23:55:00,8.719870509738804,Local,-1.4000628472049732,2,Comfort,3,High,5.89767881517616,Mild,56.603632589872966,24.31487699621012,6.508000900493166,3.736
1481,2024-01-02 23:56:00,23.89121039231108,Local,1.296560894939769,1,Eco,3,High,1.9931282423090015,Mild,47.261079147910976,44.75820677513764,7.493733419663163,5.973
1593,2024-01-02 23:57:00,41.73868169196552,Local,-0.6344505870255288,3,Sport,2,Moderate,15.702343560795024,Mild,57.42514369447774,2.0292244095988066,5.946752763686611,0.341
1396,2024-01-02 23:58:00,74.42818187533446,City,1.062491831706648,1,Eco,1,No Traffic,10.35042310330364,Mild,44.913260310492696,49.483101409691336,9.48061890330403,5.219
1278,2024-01-02 23:59:00,65.3761302331318,City,-0.1441098579046782,1,Eco,3,High,28.517691724167776,Warm,55.04978776646905,38.626649765517286,8.862368494506928,4.359
1850,2024-01-03 00:00:00,15.077219089477678,Local,2.96263861660759,3,Sport,1,No Traffic,5.6589926723729995,Mild,48.71303927984245,18.052966985613196,6.65179470328379,2.714
1364,2024-01-03 00:01:00,34.767358048585756,Local,1.3734128147444995,1,Eco,3,High,28.13495075590221,Warm,65.29638588057162,17.772594160423324,5.189553090217416,3.425
1330,2024-01-03 00:02:00,28.65021253032289,Local,2.7149478026059466,1,Eco,3,High,7.966596369188848,Mild,39.033932979598674,24.200763682548832,8.498330322568714,2.848
1640,2024-01-03 00:03:00,25.625142538840965,Local,2.009817296887114,3,Sport,2,Moderate,21.672795309140163,Mild,99.092524393121,43.78637945033221,8.198939214586208,5.34
1343,2024-01-03 00:04:00,49.337320377598445,Local,2.4174060669802264,2,Comfort,3,High,23.729354337762903,Mild,60.06959627057324,0.9940753078474348,7.248563487615093,0.137
1821,2024-01-03 00:05:00,84.48377431099883,Highway,1.8865151832880496,2,Comfort,1,No Traffic,25.230164147514976,Mild,35.532966193160775,27.457657569523928,9.751555624201254,2.816
1454,2024-01-03 00:06:00,26.094351866068312,Local,-0.2450452177445319,1,Eco,2,Moderate,2.890254371676778,Mild,58.1653399653818,2.8987136120804458,1.8814256701128345,1.541
1600,2024-01-03 00:07:00,44.00146556435777,Local,-1.4892692799186935,2,Comfort,3,High,7.722011637476244,Mild,89.31321036198594,5.868477292395327,6.847626870946422,0.857
1724,2024-01-03 00:08:00,46.91009122093947,Local,-0.7780789472968666,3,Sport,1,No Traffic,6.075205843235494,Mild,21.74454344995165,34.564226633838004,8.929558611222596,3.871
1654,2024-01-03 00:09:00,117.17478353224922,Highway,-2.8785826041602975,3,Sport,2,Moderate,20.927218495696614,Mild,74.36432952858311,11.792013369078838,10.643615233489577,1.108
1064,2024-01-03 00:10:00,114.55996282548828,Highway,0.143959004788003,3,Sport,1,No Traffic,-1.591411897788491,Mild,63.83742374351424,2.1755807817800763,9.827765949264952,0.221
1075,2024-01-03 00:11:00,96.01650993024911,Highway,0.0303468016224521,1,Eco,2,Moderate,18.321540248238257,Mild,33.564639549610845,8.295440275700807,11.162632310306396,0.743
1710,2024-01-03 00:12:00,28.99907049830222,Local,0.1515027889829294,3,Sport,2,Moderate,-1.0639824960631188,Mild,85.39811514439366,10.51104037058885,5.5288313289089,1.901
1142,2024-01-03 00:13:00,8.164477691000362,Local,2.8441873498323833,1,Eco,2,Moderate,10.16751954699012,Mild,49.51076978992045,38.51212158594358,7.051070898314563,5.462
1916,2024-01-03 00:14:00,38.02849652647497,Local,2.468724020729036,1,Eco,3,High,25.901774182800192,Mild,43.5041623052406,31.28371416002974,9.47421639367799,3.302
1914,2024-01-03 00:15:00,32.0153459320597,Local,-2.029723330019352,3,Sport,2,Moderate,13.565382475529592,Mild,86.25001534855208,36.78268823271664,7.477434156350492,4.919
1827,2024-01-03 00:16:00,60.711096017567264,City,-0.7867048706646651,3,Sport,3,High,7.615382772200251,Mild,71.08200369533317,18.554131752074415,7.772563100347942,2.387
1604,2024-01-03 00:17:00,93.32734920813516,Highway,-0.4562629232204287,1,Eco,3,High,22.71357291545655,Mild,91.86072669398597,5.7453254412385855,7.653543310819683,0.751
1472,2024-01-03 00:18:00,102.99875266546296,Highway,-0.8368024928901132,3,Sport,3,High,28.312110061695023,Warm,70.39069629369595,40.2839761618844,12.420288572895831,3.243
1416,2024-01-03 00:19:00,101.38369024926102,Highway,1.7909757816234784,2,Comfort,3,High,6.456322064766832,Mild,79.26541263456923,7.106301248894251,9.249822331509266,0.768
1304,2024-01-03 00:20:00,43.161067346768135,Local,0.1442260192055213,1,Eco,2,Moderate,8.472995549314476,Mild,86.91567170076902,19.19582016735532,6.326759313786533,3.034
1735,2024-01-03 00:21:00,82.46812121528195,Highway,0.43259890182975,1,Eco,3,High,23.81322626279887,Mild,24.37917087279495,13.187684258978624,8.380679275550854,1.574
1496,2024-01-03 00:22:00,37.54010370290641,Local,2.118081353927553,3,Sport,1,No Traffic,38.435046708126336,Warm,82.08391670955042,14.897089198436918,6.492314603588181,2.295
1290,2024-01-03 00:23:00,7.308665188221926,Local,1.835568920492152,3,Sport,1,No Traffic,4.624219150139904,Mild,69.09651854796614,30.13264742067997,5.703713073893876,5.283
1939,2024-01-03 00:24:00,84.18783187235307,Highway,-2.206730863078202,1,Eco,2,Moderate,24.44114360700443,Mild,25.560623721215457,8.301172402570309,9.469598517215138,0.877
1101,2024-01-03 00:25:00,1.1793063083745414,Local,1.2834875045018057,1,Eco,3,High,35.796542848077465,Warm,60.686233749497205,22.34910712455275,4.527049732499438,4.937
1985,2024-01-03 00:26:00,49.10191049501863,Local,-0.3873832265877865,1,Eco,1,No Traffic,15.788504426996258,Mild,26.59664623871631,31.970550702140308,8.849845269159129,3.613
1266,2024-01-03 00:27:00,39.525512316249085,Local,-1.2321065816249972,3,Sport,1,No Traffic,9.257990192289608,Mild,78.8757761378578,43.45876853142018,8.122647892394058,5.35
1866,2024-01-03 00:28:00,83.20530462226229,Highway,-2.699887074586882,1,Eco,3,High,25.009197934294363,Mild,63.720137111830645,18.62425323345254,9.90178151343965,1.881
1967,2024-01-03 00:29:00,91.94945673124548,Highway,-0.0765026379272941,2,Comfort,3,High,-3.585568708364619,Mild,96.2858829929838,16.002719895193025,8.941840214220619,1.79
1621,2024-01-03 00:30:00,36.49135631655406,Local,-0.8673799156528119,2,Comfort,2,Moderate,11.20722477400183,Mild,34.65082972574159,18.455576527205437,6.389050976773505,2.889
1973,2024-01-03 00:31:00,97.39524173338242,Highway,-1.490921761941595,3,Sport,1,No Traffic,6.608831206770111,Mild,68.48267620163028,25.089773817478292,9.034004729327073,2.777
1841,2024-01-03 00:32:00,35.27001126059205,Local,1.168030377581745,1,Eco,2,Moderate,5.107976625029259,Mild,36.92657076563931,15.72342022840328,7.075717633826169,2.222
1961,2024-01-03 00:33:00,53.559163198387346,City,1.616912323893522,1,Eco,1,No Traffic,3.0891668587133463,Mild,69.12519877819187,12.597558045350556,6.750462613207938,1.866
1941,2024-01-03 00:34:00,87.24222324169607,Highway,-1.5312628858234512,2,Comfort,3,High,28.167848571367927,Warm,77.81197618886851,18.827624297380723,9.146588221428646,2.058
1776,2024-01-03 00:35:00,83.15042750697462,Highway,-2.703315379923916,1,Eco,1,No Traffic,37.9794907896684,Warm,77.7843463463631,38.913680313531735,10.381006995842268,3.749
1002,2024-01-03 00:36:00,118.484216677464,Highway,2.09251620339141,3,Sport,1,No Traffic,12.314679039487428,Mild,85.20591925460879,12.71545787115127,11.336903129982234,1.122
1084,2024-01-03 00:37:00,27.019322905911825,Local,-2.94024155277418,3,Sport,1,No Traffic,-2.7903511891381556,Mild,88.28401823666533,42.2470186879016,8.303168237144014,5.088
1793,2024-01-03 00:38:00,79.47814962474989,City,2.622674963528832,3,Sport,3,High,27.351031615266,Mild,26.181738101374165,14.326816416897604,9.847680115079111,1.455
1327,2024-01-03 00:39:00,73.16182899309328,City,0.7657192438962355,1,Eco,3,High,19.21919505086153,Mild,47.46137256579232,30.19353715470943,9.45304689516393,3.194
1815,2024-01-03 00:40:00,109.8118145388036,Highway,-1.0689201887920785,1,Eco,1,No Traffic,27.564007623061364,Mild,74.96980162878445,48.55171648504563,12.011681220085547,4.042
1449,2024-01-03 00:41:00,18.763456997385006,Local,-1.5211325425395827,2,Comfort,1,No Traffic,24.15568738895079,Mild,59.88690299129697,47.5944637005645,8.650225347461587,5.502
1453,2024-01-03 00:42:00,90.21577963043195,Highway,-2.9459660144131483,2,Comfort,3,High,35.74461914335645,Warm,35.25407574038332,21.788186628761,9.456417754281157,2.304
1923,2024-01-03 00:43:00,68.1922339522522,City,-1.587171497934737,3,Sport,3,High,1.319808672711284,Mild,64.21676561333584,3.4690368880286897,8.483064018719952,0.409
1628,2024-01-03 00:44:00,32.95990437454865,Local,-2.173630190897154,1,Eco,3,High,2.61228303668837,Mild,52.594852221291504,45.141172847637904,8.643405960953286,5.223
1220,2024-01-03 00:45:00,56.93218969766089,City,0.6729973243388736,1,Eco,1,No Traffic,10.370615081041167,Mild,51.203062212344406,6.433107481416701,6.984172735431547,0.921
1153,2024-01-03 00:46:00,40.05319164837574,Local,-2.0007264684371924,3,Sport,2,Moderate,17.112496719885375,Mild,84.78029739485311,46.18510672996323,9.190852916389243,5.025
1664,2024-01-03 00:47:00,69.5176083346153,City,0.171779025219716,3,Sport,2,Moderate,36.657120145347434,Warm,52.6078667065745,36.6582672514839,9.606240013145015,3.816
1011,2024-01-03 00:48:00,106.6800732977599,Highway,0.5406985340668249,2,Comfort,3,High,35.813390320748226,Warm,22.116360438433933,46.718532114788374,11.73508533099477,3.981
1132,2024-01-03 00:49:00,68.31659812946424,City,-1.2117498099185129,2,Comfort,2,Moderate,34.23424536712197,Warm,24.645067111287304,33.30305140953842,11.00317800478241,3.027
1993,2024-01-03 00:50:00,75.80669019919009,City,-2.789610305887688,3,Sport,1,No Traffic,5.0137120274616365,Mild,88.49952333532963,49.75612255578,11.363854501784196,4.378
1303,2024-01-03 00:51:00,62.249741653765135,City,-2.776476716314823,1,Eco,2,Moderate,27.835436974615853,Mild,96.8480648010017,23.40338387927536,7.286719223594006,3.212
1292,2024-01-03 00:52:00,6.139860773457109,Local,-2.8419160068364944,2,Comfort,2,Moderate,12.257128484070671,Mild,75.07274691645661,16.548113236166056,5.077942201717011,3.259
1974,2024-01-03 00:53:00,27.94302682513131,Local,1.4347480028192772,3,Sport,2,Moderate,36.90323173934861,Warm,49.149463528006414,19.726266655922817,8.552966349659922,2.306
1299,2024-01-03 00:54:00,59.04020753184993,City,-1.0919417711142112,1,Eco,3,High,4.65411263703507,Mild,95.0880252635782,17.57941771252777,6.214536747699898,2.829
1739,2024-01-03 00:55:00,37.22823404936457,Local,1.777801115805982,3,Sport,1,No Traffic,1.3566078941781727,Mild,73.02424691005886,20.099784529449753,6.5269163268924695,3.08
1782,2024-01-03 00:56:00,21.811631731343304,Local,-0.4096030569429052,1,Eco,3,High,32.90733285850808,Warm,87.54668393594702,44.27158508312053,6.957170353121143,6.363
1042,2024-01-03 00:57:00,60.4959410302126,City,-0.2820113950202172,2,Comfort,2,Moderate,27.26084178035537,Mild,81.26818432296075,29.643850644420393,10.33559038460544,2.868
1943,2024-01-03 00:58:00,38.73717521374204,Local,0.0772956150574426,1,Eco,3,High,31.963975520072346,Warm,50.33114526180739,36.31232623901561,6.706762618696285,5.414
1342,2024-01-03 00:59:00,30.97291718080977,Local,1.2781887382506234,1,Eco,1,No Traffic,2.1074524455157446,Mild,58.29617606806284,14.464875667339404,6.164388089080734,2.347
1325,2024-01-03 01:00:00,55.678250092845694,City,-1.3589828050217576,3,Sport,1,No Traffic,34.81567094872583,Warm,34.89057234944796,49.494547089875866,11.06347279050262,4.474
1813,2024-01-03 01:01:00,15.994110969860778,Local,-2.2704759027988386,1,Eco,1,No Traffic,25.492916049121146,Mild,43.36112803525872,14.108663634553912,6.083193203894717,2.319
1497,2024-01-03 01:02:00,111.32948796904888,Highway,0.336344011148769,2,Comfort,1,No Traffic,24.320236130435948,Mild,82.25005290292174,8.03535476420864,9.914373529057013,0.81
1363,2024-01-03 01:03:00,104.12425175030867,Highway,-1.0381342605435644,3,Sport,2,Moderate,21.21627383941247,Mild,91.51827135064866,38.93190980641985,10.658917936200323,3.653
1890,2024-01-03 01:04:00,84.91447028886424,Highway,-0.3450521179917754,3,Sport,2,Moderate,29.41944185160294,Warm,77.95683386011294,41.969859213612445,9.22332240087223,4.55
1426,2024-01-03 01:05:00,12.745659310614744,Local,0.8816802500238321,3,Sport,2,Moderate,13.70237412462806,Mild,57.213895732531064,19.7503837993049,5.222262604925648,3.782
1020,2024-01-03 01:06:00,93.10527053636316,Highway,-0.0352455531523761,3,Sport,2,Moderate,0.9769560669925256,Mild,26.9207415151798,27.099481932427626,10.99939088358349,2.464
1406,2024-01-03 01:07:00,96.95487937308228,Highway,0.7216729026050572,3,Sport,2,Moderate,19.26691899223885,Mild,24.55583589587586,20.764986381892435,9.991651106843552,2.078
1618,2024-01-03 01:08:00,92.13175412572052,Highway,0.2652000126817668,3,Sport,3,High,28.664588099810302,Warm,49.94604516902831,14.766705603434543,8.81278659959858,1.676
1335,2024-01-03 01:09:00,13.67590645430894,Local,1.4387782316165951,3,Sport,1,No Traffic,1.9141353799447056,Mild,57.105737501413046,40.687513889376554,6.651847672829283,6.117
1814,2024-01-03 01:10:00,77.26895484813177,City,1.2356197062697198,2,Comfort,2,Moderate,5.080930042504095,Mild,68.72964977706374,37.87616407367341,10.217274566876473,3.707
1116,2024-01-03 01:11:00,100.11897548992782,Highway,0.2051393508517152,2,Comfort,1,No Traffic,26.34455299297804,Mild,20.51916171095978,24.317898623668924,10.472247462445733,2.322
1123,2024-01-03 01:12:00,69.28240814636013,City,1.0734181251582413,3,Sport,1,No Traffic,7.134292034377696,Mild,99.1778312373045,22.831991027745485,8.24817816835382,2.768
1398,2024-01-03 01:13:00,77.56888502737068,City,2.2413576136356763,1,Eco,2,Moderate,2.6473387263970434,Mild,49.11511067232343,9.090168369320722,8.139387114269885,1.117
1792,2024-01-03 01:14:00,55.00361753115674,City,-0.4063722732709882,3,Sport,2,Moderate,35.02264347873843,Warm,87.84757310408972,31.89994066604708,8.714418731391737,3.661
1803,2024-01-03 01:15:00,63.44487838608632,City,-0.5234215635072381,3,Sport,1,No Traffic,2.2402910224370025,Mild,62.79733645323235,46.191519324866846,10.995178334383334,4.201
1714,2024-01-03 01:16:00,4.125223002207026,Local,1.585473725114281,3,Sport,1,No Traffic,10.486686057130418,Mild,30.43515636266772,35.970310226606756,5.683062527088581,6.329
1050,2024-01-03 01:17:00,76.67556263679415,City,0.4953230222519642,1,Eco,1,No Traffic,14.279363157934498,Mild,83.80524420276174,25.36289766438872,9.05431175190716,2.801
1782,2024-01-03 01:18:00,9.773665546939103,Local,-2.5739593186644685,2,Comfort,3,High,16.426299351567838,Mild,76.78616599359009,2.029059601930487,4.695821302023355,0.432
1323,2024-01-03 01:19:00,52.20175132082681,City,2.352672094146488,1,Eco,3,High,11.258946661921875,Mild,62.19488679433824,46.52111393153878,9.372983037709336,4.963
1788,2024-01-03 01:20:00,35.118611720088936,Local,-2.815301386574159,1,Eco,1,No Traffic,36.06423247296088,Warm,61.1642473067024,15.47141246754622,6.605832420800727,2.342
1140,2024-01-03 01:21:00,65.45135402540556,City,1.4903781372584586,1,Eco,3,High,24.63813495293146,Mild,26.998368460074246,15.0676307973735,8.764909330244386,1.719
1469,2024-01-03 01:22:00,16.00996026278485,Local,1.5527648562258776,1,Eco,1,No Traffic,11.177259215021618,Mild,72.46791588590993,23.532843079665696,5.854892228029576,4.019
1786,2024-01-03 01:23:00,82.99720823679819,Highway,2.7186665116915822,3,Sport,1,No Traffic,11.0973873791929,Mild,92.89961246034396,21.51537956356817,8.26972061444263,2.602
1801,2024-01-03 01:24:00,95.40138443141645,Highway,-2.6751935495860755,2,Comfort,2,Moderate,17.632862463313643,Mild,27.45959353770867,48.12123990233247,12.241695522391284,3.931
1333,2024-01-03 01:25:00,19.60253396917878,Local,0.5811411647069455,1,Eco,1,No Traffic,-3.485155812366501,Mild,41.0809160519124,8.333871995684971,5.801552664351059,1.436
1892,2024-01-03 01:26:00,12.51757048222586,Local,-0.4329565762376823,2,Comfort,2,Moderate,36.69892774748318,Warm,92.1846378753679,34.487195523306646,3.9675826839198662,8.692
1963,2024-01-03 01:27:00,17.4618579344831,Local,-1.0162022708427478,3,Sport,2,Moderate,5.048921997131901,Mild,42.74751278558347,5.427483617488503,5.963265035002863,0.91
1372,2024-01-03 01:28:00,105.2553074278202,Highway,-2.458088638205562,3,Sport,1,No Traffic,26.3916654559999,Mild,72.3154937743941,13.917189166911111,10.119663687870766,1.375
1563,2024-01-03 01:29:00,63.38271141076274,City,0.3759247180278553,2,Comfort,3,High,29.997523615257855,Warm,62.78545319545153,36.13464520229261,8.569847012436906,4.216
1493,2024-01-03 01:30:00,56.07131952090031,City,-0.1257556459523181,3,Sport,1,No Traffic,32.232235683428925,Warm,67.70620840030897,40.22176734955892,9.545848654029,4.214
1538,2024-01-03 01:31:00,12.805418292282514,Local,-2.3726732510938544,2,Comfort,1,No Traffic,2.4539039440379327,Mild,53.263112126180246,23.499333163496196,6.77939269909655,3.466
1668,2024-01-03 01:32:00,77.94672081083542,City,0.6749370425825001,1,Eco,3,High,19.151188139008237,Mild,43.99931764429689,39.488320911374075,10.58295637863216,3.731
1750,2024-01-03 01:33:00,104.15995102741078,Highway,1.427718721517631,3,Sport,2,Moderate,-1.2346537037058445,Mild,23.88267605837352,46.76283984278267,14.66052776229604,3.19
1155,2024-01-03 01:34:00,99.38230431881436,Highway,1.6036698063218893,3,Sport,3,High,31.21565553910999,Warm,79.54247514353312,46.79579299476553,11.761504847981891,3.979
1290,2024-01-03 01:35:00,75.12656507769616,City,2.4322391295745645,2,Comfort,1,No Traffic,16.89031902812757,Mild,79.68747697553815,17.189475326096936,7.677912250912513,2.239
1647,2024-01-03 01:36:00,9.033445998200836,Local,-0.5431755486673371,3,Sport,1,No Traffic,2.132007651556499,Mild,73.65805920629785,15.675778087705051,4.348435005465903,3.605
1143,2024-01-03 01:37:00,13.487643261121557,Local,2.718436611732822,1,Eco,3,High,27.340552552362865,Mild,71.49070304956965,36.34958814438506,7.104098335252877,5.117
1105,2024-01-03 01:38:00,5.917078453178961,Local,2.192576430496116,3,Sport,3,High,9.902643193839005,Mild,39.497370573402094,32.73931568814893,7.822128509518219,4.185
1419,2024-01-03 01:39:00,30.897505979096316,Local,-1.2209905738563658,3,Sport,3,High,0.1527971692048408,Mild,21.7875947013033,19.674028902715364,6.853019208286991,2.871
1669,2024-01-03 01:40:00,16.27937605924533,Local,-2.044301775903249,3,Sport,2,Moderate,15.74832212471414,Mild,84.69723175083517,11.510797876852545,5.577133207737031,2.064
1657,2024-01-03 01:41:00,31.20576483029207,Local,-0.3876636232319193,2,Comfort,3,High,5.586096941937164,Mild,59.29108285566615,30.959751193464683,6.534741819334178,4.738
1001,2024-01-03 01:42:00,46.2069666862754,Local,-0.5886077522642004,1,Eco,1,No Traffic,37.759982608184906,Warm,44.54705045620947,21.56892572084593,8.495195335475655,2.539
1944,2024-01-03 01:43:00,113.15793408853628,Highway,0.454315831987226,1,Eco,3,High,11.26127460130498,Mild,28.154552542445607,6.692460736530969,10.966500230573253,0.61
1588,2024-01-03 01:44:00,73.24512717380304,City,0.5003173939664878,3,Sport,1,No Traffic,20.7603807315925,Mild,25.01772727211107,31.998512710170814,9.070728406229396,3.528
1643,2024-01-03 01:45:00,100.19685428195548,Highway,1.4999219062798517,3,Sport,2,Moderate,37.67624493056778,Warm,47.90933774361419,34.91395314842636,10.118156120988198,3.451
1089,2024-01-03 01:46:00,85.24218008547987,Highway,0.0593396892336608,2,Comfort,2,Moderate,12.717453395558229,Mild,84.37896518135524,18.27517730271617,8.132833711410528,2.247
1344,2024-01-03 01:47:00,13.50037566319581,Local,-2.3710641543554067,1,Eco,3,High,11.115709319917991,Mild,93.49789994670644,41.61452491479163,6.036119625227977,6.894
1349,2024-01-03 01:48:00,88.31044876487385,Highway,2.1497480133186366,3,Sport,1,No Traffic,2.3082538176974197,Mild,91.74010916904518,3.776286854738912,7.26831269032713,0.52
1458,2024-01-03 01:49:00,33.01186578709493,Local,-1.1414125008888776,1,Eco,2,Moderate,37.223660405459434,Warm,93.6000667799724,24.845898021474746,6.213213219890386,3.999
1262,2024-01-03 01:50:00,76.69294163936476,City,2.8277847618395526,3,Sport,3,High,31.033515025580733,Warm,92.6180274503474,47.82109018359359,10.25910192664032,4.661
1350,2024-01-03 01:51:00,40.91543683715862,Local,-2.292839347921379,3,Sport,2,Moderate,4.945494505985144,Mild,62.17798012803166,9.604110521927923,8.676016128016187,1.107
1107,2024-01-03 01:52:00,119.7206715917591,Highway,2.7495070333950196,2,Comfort,3,High,9.970349248674935,Mild,37.55325108455231,8.698979672168452,9.653991829630847,0.901
1585,2024-01-03 01:53:00,31.626177539613337,Local,-2.453929158704898,1,Eco,1,No Traffic,36.17103001368781,Warm,83.84372662694562,18.996964620612143,6.2254956918792175,3.051
1038,2024-01-03 01:54:00,33.49565649291236,Local,-1.6137831723176432,1,Eco,3,High,19.177581811352127,Mild,37.09703798820632,13.47739372468483,6.173170190255124,2.183
1908,2024-01-03 01:55:00,111.6806706674878,Highway,-2.7205203474807504,3,Sport,1,No Traffic,20.035042897264596,Mild,41.37658214052553,11.154516344219386,10.3012441941024,1.083
1158,2024-01-03 01:56:00,2.9573285563587204,Local,1.2306788798339694,3,Sport,2,Moderate,24.166501687812072,Mild,38.66034574580388,47.497168770457954,7.325324116031371,6.484
1582,2024-01-03 01:57:00,83.60267854478363,Highway,2.101792419430751,2,Comfort,1,No Traffic,29.297371805850915,Warm,61.19859229566447,17.307903885125896,9.374779804266856,1.846
1958,2024-01-03 01:58:00,87.03916688830537,Highway,-0.3955735091041177,3,Sport,1,No Traffic,37.267849554894845,Warm,45.746200653526394,3.085919927597844,9.27731686666804,0.333
1311,2024-01-03 01:59:00,100.36542928924791,Highway,2.571132450254578,1,Eco,2,Moderate,31.100128306151127,Warm,32.33248397002732,44.99910758531553,12.440129910320357,3.617
1240,2024-01-03 02:00:00,116.93271727661704,Highway,0.5417944305335975,2,Comfort,1,No Traffic,37.054713930880965,Warm,56.25387295151059,22.467477777677537,12.1498664311037,1.849
1937,2024-01-03 02:01:00,117.07223029879827,Highway,0.780042812679139,1,Eco,1,No Traffic,31.927439116850618,Warm,89.91257910281335,36.823493936414735,11.358908117229598,3.242
1444,2024-01-03 02:02:00,7.833210907975667,Local,2.072515210204619,2,Comfort,3,High,-2.9104672723400133,Mild,65.64422839599777,18.43062763793873,6.208718218955243,2.969
1297,2024-01-03 02:03:00,98.6207187303483,Highway,-1.2191987696889666,1,Eco,1,No Traffic,0.2890579241623889,Mild,90.26684847100697,46.7649349462574,11.155395022220985,4.192
1951,2024-01-03 02:04:00,77.55719203888576,City,-0.8744056720342455,3,Sport,3,High,34.82018165408503,Warm,35.66977480633099,14.461232746411527,8.03600365589492,1.8
1035,2024-01-03 02:05:00,77.68105612477095,City,2.435711515167866,1,Eco,1,No Traffic,-3.7536597929634334,Mild,33.35790989380432,33.17205549673753,9.701389872493335,3.419
1083,2024-01-03 02:06:00,15.401991193763376,Local,2.405780976232583,1,Eco,2,Moderate,30.73785919689688,Warm,66.04617005587362,41.23481174355249,6.706158005311627,6.149
1451,2024-01-03 02:07:00,78.0224599734784,City,2.858896657205225,2,Comfort,1,No Traffic,33.24296793565805,Warm,57.06631212370184,11.972845946960646,7.677816514263841,1.559
1885,2024-01-03 02:08:00,117.89790967214974,Highway,2.4110298986500265,1,Eco,1,No Traffic,13.695905293710355,Mild,72.81381133175655,40.09539098272684,11.889422062132663,3.372
1774,2024-01-03 02:09:00,109.41822834473363,Highway,-2.235767783799835,3,Sport,1,No Traffic,10.96846387704489,Mild,83.57014328214252,39.634572950709,10.286347411718712,3.853
1821,2024-01-03 02:10:00,52.695679296582064,City,1.942345716821924,2,Comfort,3,High,3.748189860312232,Mild,80.10458365217411,48.21475773208403,9.568568893583931,5.039
1384,2024-01-03 02:11:00,4.793756794331321,Local,-0.5409691313424356,2,Comfort,2,Moderate,-2.798650775193666,Mild,95.3808938926849,46.148314577299566,6.9343627691822,6.655
1171,2024-01-03 02:12:00,43.47521880002458,Local,2.9448081356756273,1,Eco,2,Moderate,28.542233033994712,Warm,51.86051273256092,19.491575380634135,7.531473045989968,2.588
1375,2024-01-03 02:13:00,99.16683739206664,Highway,-0.1663142140271936,2,Comfort,1,No Traffic,-1.6822811998676015,Mild,36.51093937985446,29.568133342679396,10.219381541464914,2.893
1684,2024-01-03 02:14:00,84.17989217581993,Highway,0.3230164950133236,3,Sport,1,No Traffic,37.51013326040144,Warm,64.07301119583086,46.27218664680118,10.213175690942697,4.531
1361,2024-01-03 02:15:00,55.12123867127477,City,0.1786494915407912,1,Eco,3,High,8.353455824877786,Mild,28.85944961529485,0.3183460758612071,7.36045811394006,0.043
1558,2024-01-03 02:16:00,6.612184219059731,Local,-1.0695778208503333,3,Sport,2,Moderate,30.740994291740428,Warm,43.10808986653051,31.4047720896449,7.584967149392159,4.14
1890,2024-01-03 02:17:00,51.22736733879631,City,-2.5498674666424908,1,Eco,1,No Traffic,-2.3142807033435187,Mild,36.63104442105155,10.846639155758764,6.562011668926338,1.653
1140,2024-01-03 02:18:00,56.28299276614602,City,2.3739073824115113,1,Eco,1,No Traffic,19.13254080933424,Mild,51.72509734376647,36.964423912126165,8.648804452928037,4.274
1886,2024-01-03 02:19:00,111.42666394729632,Highway,1.8160548751577208,2,Comfort,2,Moderate,10.709479169074704,Mild,28.89732600017723,39.84383758637989,12.421694057021218,3.208
1917,2024-01-03 02:20:00,76.93033242985913,City,-2.1628393166419846,2,Comfort,1,No Traffic,-3.649950266983843,Mild,22.547339563847828,35.67666592832056,9.985801849843927,3.573
1117,2024-01-03 02:21:00,37.39834999855787,Local,1.6606096281004374,2,Comfort,1,No Traffic,24.510970948412723,Mild,72.54352037040255,49.80429229947845,7.688487931594587,6.478
1276,2024-01-03 02:22:00,63.03819173408657,City,0.7550799963036603,1,Eco,2,Moderate,37.442322440882265,Warm,68.81991826318439,24.01495553704305,8.263702802616796,2.906
1725,2024-01-03 02:23:00,7.926636938659208,Local,-0.5451372724942662,2,Comfort,3,High,-4.516125475862042,Mild,76.66871488309289,28.11113931845904,6.487583728760528,4.333
1219,2024-01-03 02:24:00,116.70818827796842,Highway,-1.4758731054266236,3,Sport,1,No Traffic,7.169661678110819,Mild,72.83091522170751,20.508721889989996,13.1234718988603,1.563
1904,2024-01-03 02:25:00,43.20718823168712,Local,2.158372701013395,2,Comfort,1,No Traffic,26.662258421390423,Mild,29.14357449139068,48.701759392451606,8.891222194126618,5.478
1025,2024-01-03 02:26:00,57.344082589576296,City,1.201129555764318,3,Sport,2,Moderate,34.20641758187334,Warm,43.286310510051706,46.14554191564275,11.175931921176993,4.129
1520,2024-01-03 02:27:00,42.634076908430714,Local,0.2864394568148212,2,Comfort,2,Moderate,3.5850628075035154,Mild,30.362128792028187,49.33317532949984,9.200064978541397,5.362
1782,2024-01-03 02:28:00,81.90140761394402,Highway,0.6574112033907848,1,Eco,3,High,-1.817744695755402,Mild,87.43779216388505,49.246071015021954,10.93153920404833,4.505
1009,2024-01-03 02:29:00,79.46785899955117,City,-2.453602907506914,2,Comfort,3,High,-4.611136984831813,Mild,79.75229242844186,44.78329355642116,10.674487373726272,4.195
1983,2024-01-03 02:30:00,85.83867726349628,Highway,-0.1564814345328482,3,Sport,1,No Traffic,4.68428897452829,Mild,36.1221602334594,46.55078865278461,11.17958422040696,4.164
1377,2024-01-03 02:31:00,32.1771875534305,Local,-1.837798243285788,3,Sport,3,High,-1.7907218575588613,Mild,47.30473923919148,6.082070524254821,5.4533207843830755,1.115
1632,2024-01-03 02:32:00,37.88021773968792,Local,-1.7496979259470478,2,Comfort,3,High,11.17219400961691,Mild,97.32919938113712,8.759048954654013,4.415297718860883,1.984
1636,2024-01-03 02:33:00,15.030147731544954,Local,0.9678237737212,3,Sport,3,High,14.805659872923108,Mild,67.53274863037211,44.27086025817045,8.062916792261706,5.491
1681,2024-01-03 02:34:00,78.6611966215335,City,2.4675369110057286,1,Eco,1,No Traffic,16.59657126469928,Mild,84.09244778409258,36.36734305844148,9.75153020841602,3.729
1583,2024-01-03 02:35:00,4.775655280278306,Local,-0.5774603371299207,2,Comfort,3,High,1.4048189610073418,Mild,41.16728278149833,43.76193671745304,7.849376490404906,5.575
1151,2024-01-03 02:36:00,71.72188026281509,City,-1.7535043619268578,3,Sport,3,High,15.879462197196528,Mild,36.80423361434442,38.52467243212051,9.754422128845745,3.949
1719,2024-01-03 02:37:00,104.36350618219606,Highway,0.8924816234199255,2,Comfort,3,High,-4.592676120986163,Mild,82.71335430772388,7.065219292860966,9.42696806096781,0.749
1048,2024-01-03 02:38:00,106.89985779475604,Highway,2.2271222781019064,2,Comfort,2,Moderate,5.773948965492055,Mild,74.86979641851521,45.83662857171803,12.15095025003129,3.772
1153,2024-01-03 02:39:00,53.88453124439541,City,1.489912806734945,2,Comfort,3,High,11.608872218919394,Mild,74.4782343369411,38.584303394214416,10.97043987599325,3.517
1858,2024-01-03 02:40:00,55.116442585568855,City,2.212543383219523,2,Comfort,3,High,0.3258209174604971,Mild,64.21076654633552,28.58322925924248,8.103624054790423,3.527
1292,2024-01-03 02:41:00,9.236301960962084,Local,0.219328026064796,2,Comfort,2,Moderate,31.630206879279285,Warm,65.08626742212391,26.6648422654799,6.828415698152679,3.905
1579,2024-01-03 02:42:00,80.49180305316429,Highway,1.5112574662151452,1,Eco,2,Moderate,4.054557653866937,Mild,78.8558004245003,28.732553920866856,7.530054573588902,3.816
1049,2024-01-03 02:43:00,98.55113044474146,Highway,-2.159612643846381,2,Comfort,1,No Traffic,28.970037024082053,Warm,41.60019848969562,19.5818054639106,9.974397636593547,1.963
1663,2024-01-03 02:44:00,29.358606552565565,Local,-0.9103523078208512,1,Eco,1,No Traffic,16.325186775512236,Mild,48.22147726855646,40.18064504072847,7.726609516974934,5.2
1530,2024-01-03 02:45:00,50.55610579600376,City,-0.6627050131108652,2,Comfort,2,Moderate,16.588439191532398,Mild,89.7309416416044,45.45997328939659,8.59709398759546,5.288
1611,2024-01-03 02:46:00,100.66072041183244,Highway,0.0677744774762074,3,Sport,1,No Traffic,24.033745124753203,Mild,44.709216080972624,12.72045955772176,9.87853105270165,1.288
1059,2024-01-03 02:47:00,105.25445611947455,Highway,2.5744581615409423,2,Comfort,3,High,-3.0075029765150556,Mild,63.70476571034392,1.998555610601386,8.102578487754956,0.247
1166,2024-01-03 02:48:00,29.181597631707113,Local,2.245779361333046,2,Comfort,1,No Traffic,-1.455829699993572,Mild,76.21115712053472,10.226077460801532,4.4510291873829955,2.297
1201,2024-01-03 02:49:00,66.06847614496371,City,-2.192847046264893,3,Sport,3,High,9.707957039763134,Mild,99.99398614665412,37.891198237880374,9.26375335724419,4.09
1856,2024-01-03 02:50:00,23.099178076299246,Local,-1.9632620887052208,1,Eco,3,High,13.7570125225775,Mild,54.82330651962656,43.43321254978356,8.03298261243821,5.407
1145,2024-01-03 02:51:00,12.225451696746784,Local,-0.8541567024665317,1,Eco,3,High,14.347335873766887,Mild,54.2474301299955,17.49341908201015,6.429236720969565,2.721
1914,2024-01-03 02:52:00,109.3344601670349,Highway,-1.2555368046559563,1,Eco,2,Moderate,25.459920887146065,Mild,87.4070703546934,7.704112080024654,8.444377483581086,0.912
1675,2024-01-03 02:53:00,98.4609005078531,Highway,0.6886257189375735,1,Eco,1,No Traffic,-4.968274467373149,Mild,84.44024890078906,42.94084926567244,12.121127728751278,3.543
1969,2024-01-03 02:54:00,91.20418821638089,Highway,2.416656286587269,3,Sport,1,No Traffic,38.15972914358599,Warm,78.48607053876388,10.810678591691325,8.589713809272702,1.259
1992,2024-01-03 02:55:00,5.85195825757685,Local,2.7737492500355208,1,Eco,2,Moderate,2.8519334939625187,Mild,57.05837099272231,12.169521885749058,4.990543773632465,2.439
1438,2024-01-03 02:56:00,101.2474551252309,Highway,0.9216177152113588,1,Eco,2,Moderate,6.188425433735654,Mild,45.915129612857264,4.721368142432422,8.677470709903137,0.544
1241,2024-01-03 02:57:00,52.56528910864605,City,2.0289552084065203,1,Eco,1,No Traffic,35.75322330363235,Warm,68.69843860678789,45.52517859805599,8.931095539745726,5.097
1580,2024-01-03 02:58:00,41.08741479550316,Local,0.1512132013847829,1,Eco,2,Moderate,-4.752886960870149,Mild,90.09786345053128,16.40349470453302,5.456783879480114,3.006
1686,2024-01-03 02:59:00,65.57716332304517,City,-1.7500383188397617,1,Eco,2,Moderate,39.60877367015293,Warm,90.70219665668692,8.67488350023136,8.016297088726947,1.082
1560,2024-01-03 03:00:00,10.9623891268267,Local,0.1481304725608643,2,Comfort,3,High,-3.3819198967803494,Mild,28.67986760563507,47.68688157643115,7.802215116655574,6.112
1482,2024-01-03 03:01:00,90.79758592228788,Highway,0.3304956086259065,2,Comfort,3,High,0.4245483772101828,Mild,54.268022705052054,16.842468976709974,9.129999714592373,1.845
1107,2024-01-03 03:02:00,69.89220922659551,City,1.4547453852813392,1,Eco,3,High,5.804802064699967,Mild,57.17775649589995,37.39954383492803,10.014131090908332,3.735
1225,2024-01-03 03:03:00,22.390811624780103,Local,-1.6807020617559054,3,Sport,2,Moderate,14.74247380508083,Mild,98.20922940190026,11.596739878084897,4.810134674616197,2.411
1672,2024-01-03 03:04:00,22.587863972285472,Local,-0.7901377074796097,3,Sport,2,Moderate,18.330319017201653,Mild,74.23984121940677,36.36860620029549,8.283624878135708,4.39
1630,2024-01-03 03:05:00,22.109838188720907,Local,-0.8158351847126024,2,Comfort,3,High,-0.2876687974100873,Mild,52.57971338096564,11.684894771513274,6.391674033444795,1.828
1660,2024-01-03 03:06:00,6.840286506232078,Local,2.756637574446989,3,Sport,3,High,-1.684674562053699,Mild,22.08463087884744,31.9232251595316,8.144072017501356,3.92
1976,2024-01-03 03:07:00,70.53581392460218,City,-0.3363302380396864,2,Comfort,1,No Traffic,-3.5663433617404383,Mild,65.23081280793568,22.099065215768658,9.65355650386,2.289
1661,2024-01-03 03:08:00,100.84178131062096,Highway,1.530563803788879,1,Eco,3,High,6.5537815303391405,Mild,27.686078051068492,39.95601769314954,12.554188425350723,3.183
1431,2024-01-03 03:09:00,2.099785678486632,Local,1.5048682882466338,1,Eco,3,High,36.46898381178591,Warm,86.75599658782104,36.5405643682255,5.243628864898174,6.969
1804,2024-01-03 03:10:00,5.880557396552826,Local,-1.4067348911805515,3,Sport,1,No Traffic,12.54291334995564,Mild,80.20149284562896,46.780732646169035,7.093527852989482,6.595
1654,2024-01-03 03:11:00,68.7324332024335,City,0.4312181362303926,3,Sport,1,No Traffic,29.380332644254715,Warm,56.8407327926543,18.893453188955135,7.538561001902331,2.506
1418,2024-01-03 03:12:00,98.33948224632628,Highway,2.365817359911889,3,Sport,1,No Traffic,3.558468754252784,Mild,54.33686236333598,37.741322820750455,11.805613983788154,3.197
1987,2024-01-03 03:13:00,39.20866686823603,Local,-0.1488136832583033,1,Eco,1,No Traffic,-2.0894348423028095,Mild,91.78711724550148,48.445292235103715,8.270164367087029,5.858
1454,2024-01-03 03:14:00,41.95372785692666,Local,2.6707050440552766,1,Eco,2,Moderate,19.942590481764825,Mild,43.076668033450275,16.88182047596437,8.769502981716021,1.925
1159,2024-01-03 03:15:00,71.5615796996131,City,-1.7132506240550305,3,Sport,1,No Traffic,31.994158016672586,Warm,39.921596968541664,14.571211766328384,8.060545046601133,1.808
1522,2024-01-03 03:16:00,32.90554669489764,Local,-2.5550453653558156,3,Sport,1,No Traffic,35.43069624985952,Warm,95.13579462606096,38.47563425656752,7.40311369323842,5.197
1649,2024-01-03 03:17:00,3.193003929322096,Local,2.348723238868496,3,Sport,2,Moderate,19.57920715907954,Mild,84.73966694027861,22.331517973863185,4.521859426948813,4.939
1968,2024-01-03 03:18:00,88.22742217219152,Highway,2.0860871877733,3,Sport,1,No Traffic,8.231452781396394,Mild,85.65004744537558,19.99272304488527,8.64313442073532,2.313
1589,2024-01-03 03:19:00,75.07798955297437,City,2.9555392556030684,2,Comfort,1,No Traffic,-0.0719714643232629,Mild,35.61550514207404,27.32606445129493,11.151058643408875,2.451
1076,2024-01-03 03:20:00,69.69071988667909,City,1.076360928674556,3,Sport,1,No Traffic,25.05202844073834,Mild,31.463679314474753,46.78298387677509,10.388926145587371,4.503
1508,2024-01-03 03:21:00,89.00209547901878,Highway,2.6201275600028975,3,Sport,2,Moderate,7.619656770313835,Mild,22.08236398537079,4.284124042318608,9.32617878758674,0.459
1440,2024-01-03 03:22:00,81.02770050744451,Highway,1.9616941505046652,2,Comfort,3,High,32.97830910016889,Warm,38.9633207134944,23.337724607579524,10.787871006605975,2.163
1253,2024-01-03 03:23:00,24.705838581398535,Local,2.066557998720521,2,Comfort,1,No Traffic,22.230450330397957,Mild,81.93523933714599,5.596037149108393,5.134118687345999,1.09
1920,2024-01-03 03:24:00,42.297725633202134,Local,0.4148494227256094,2,Comfort,1,No Traffic,33.649535350962665,Warm,39.20307350113198,44.19094437942416,9.61979406797748,4.594
1769,2024-01-03 03:25:00,15.133217001435,Local,-0.7058124124997347,2,Comfort,1,No Traffic,20.49938545023181,Mild,78.3282626875901,6.921391939927297,5.842727772481323,1.185
1319,2024-01-03 03:26:00,15.582841610145724,Local,2.6073484352596914,3,Sport,1,No Traffic,29.72840632169995,Warm,40.15266122939372,4.576199013239676,6.101524949591891,0.75
1802,2024-01-03 03:27:00,81.14348956278471,Highway,-0.4072969463046334,1,Eco,2,Moderate,8.243731790999439,Mild,51.623399836053736,48.19134439011528,10.556934644490038,4.565
1262,2024-01-03 03:28:00,103.0320128378998,Highway,0.2329162034980143,1,Eco,3,High,17.63764556721617,Mild,98.65298319291269,28.21080779296796,10.23975520325006,2.755
1596,2024-01-03 03:29:00,115.52791006333668,Highway,-0.3233141572488733,1,Eco,1,No Traffic,-4.126713219369053,Mild,39.58493850273085,41.3120572561757,12.35901333356455,3.343
1657,2024-01-03 03:30:00,75.40165410593333,City,0.3889098837611824,1,Eco,1,No Traffic,22.35242844956,Mild,50.10965018386141,23.56581346407882,8.842105384567727,2.665
1834,2024-01-03 03:31:00,22.09215880331484,Local,-0.1769695260460366,1,Eco,2,Moderate,19.018270640220393,Mild,44.086974437217094,21.83852834269667,5.945520797647415,3.673
1553,2024-01-03 03:32:00,12.678041453871684,Local,-2.7121946485231447,1,Eco,3,High,28.987704509359148,Warm,28.769998906400183,45.58932700749779,8.358386278665611,5.454
1373,2024-01-03 03:33:00,97.54211658441092,Highway,2.2922891160461916,2,Comfort,3,High,27.80301844687295,Mild,59.191531370465995,49.49464123048925,12.790206250636183,3.87
1636,2024-01-03 03:34:00,69.45077716319992,City,-0.333637086505381,2,Comfort,3,High,23.242765082570855,Mild,50.295253066640186,30.964740859909192,9.713712675983874,3.188
1166,2024-01-03 03:35:00,74.19420252164639,City,0.5336618910440922,1,Eco,1,No Traffic,-2.4491563870609707,Mild,75.59096686458241,45.917598201028206,10.701142894146122,4.291
1936,2024-01-03 03:36:00,93.7754506505651,Highway,-2.1648731834520776,3,Sport,1,No Traffic,35.635436826748474,Warm,85.4075637561237,43.14965860659283,11.539482653369864,3.739
1752,2024-01-03 03:37:00,84.3932673278942,Highway,-2.9796729121041654,3,Sport,1,No Traffic,-4.189136409171641,Mild,63.53997715965108,27.246093434269344,9.110007322200838,2.991
1458,2024-01-03 03:38:00,100.1349903427316,Highway,-1.5282594381381422,1,Eco,2,Moderate,31.14704471901525,Warm,22.57571376698695,47.0610743562683,12.773930572685035,3.684
1998,2024-01-03 03:39:00,6.745668655185417,Local,1.2275161928001015,3,Sport,2,Moderate,16.570585807036142,Mild,69.51378849877773,10.58180249442186,4.690585499629415,2.256
1279,2024-01-03 03:40:00,89.70247640958058,Highway,-2.4048328193227286,2,Comfort,2,Moderate,31.80971033003334,Warm,24.431258401675137,44.253768798301415,12.610204544410063,3.509
1699,2024-01-03 03:41:00,102.10233087865146,Highway,2.4533246423188073,2,Comfort,1,No Traffic,15.928144317071135,Mild,69.308505887922,15.53688490717204,10.317068290750978,1.506
1301,2024-01-03 03:42:00,34.33620509499772,Local,-1.7098645838628923,3,Sport,1,No Traffic,24.11220122823163,Mild,74.80239594153508,1.622726117090249,4.985026948397172,0.326
1530,2024-01-03 03:43:00,76.85367287919034,City,-1.7724383142493452,1,Eco,1,No Traffic,11.346947760189831,Mild,35.82141020940148,39.37566902624639,11.91077322044093,3.306
1579,2024-01-03 03:44:00,37.699447660436654,Local,-1.910952230271027,2,Comfort,3,High,28.465543126134797,Warm,85.54769189774169,46.50787411090266,8.137230672106304,5.715
1217,2024-01-03 03:45:00,114.95652797789448,Highway,-2.9161097221718117,3,Sport,2,Moderate,6.437927880152399,Mild,92.88681052592388,10.91744608650624,10.144356067790056,1.076
1101,2024-01-03 03:46:00,4.010828692260451,Local,1.630832810869408,3,Sport,2,Moderate,27.371016034381853,Mild,85.04695712910558,26.75087081064145,6.157326675930933,4.345
1553,2024-01-03 03:47:00,69.5751412599546,City,2.250207187471551,2,Comfort,3,High,3.702219298474674,Mild,44.408735216966576,37.49240014319477,9.114700036215186,4.113
1287,2024-01-03 03:48:00,19.98042564594181,Local,0.6849762156971932,2,Comfort,3,High,27.497545765272648,Mild,66.93144099565075,16.64801704188007,4.996555545539391,3.332
1166,2024-01-03 03:49:00,85.46642462125904,Highway,-1.8708001099208265,1,Eco,3,High,8.215208735897535,Mild,93.1852119352982,7.431225830060018,6.980276998348917,1.065
1620,2024-01-03 03:50:00,21.10683401023945,Local,-1.2883320183547216,3,Sport,1,No Traffic,7.538429742193125,Mild,45.65317809782799,19.673080226193893,7.516497985691155,2.617
1035,2024-01-03 03:51:00,28.245991427802903,Local,-0.1444398158102204,1,Eco,3,High,31.517227186537298,Warm,85.602225781234,22.882846394507805,5.216734501842271,4.386
1743,2024-01-03 03:52:00,59.32449732549097,City,2.7260757097398045,2,Comfort,1,No Traffic,31.616168651052988,Warm,20.75801050093572,37.13682436214669,9.648521260282632,3.849
1740,2024-01-03 03:53:00,109.78019399962535,Highway,-1.5158917690935432,3,Sport,1,No Traffic,26.11310662864104,Mild,20.2917362227741,10.014324749552095,11.305465019486448,0.886
1352,2024-01-03 03:54:00,25.4057246577565,Local,1.389875423519328,2,Comfort,2,Moderate,36.57588838408465,Warm,80.77693282711739,40.77409847981787,6.622912666249847,6.157
1675,2024-01-03 03:55:00,17.308802534172422,Local,-0.3633106602424778,2,Comfort,3,High,2.0287162005280273,Mild,80.91580657016969,25.158737575685965,6.268563459102907,4.013
1898,2024-01-03 03:56:00,91.07721982248368,Highway,-1.2129159098398692,2,Comfort,1,No Traffic,7.119459409589682,Mild,83.1181750281835,45.20413675888096,11.061321194180088,4.087
1072,2024-01-03 03:57:00,60.07434388007171,City,-0.2645043778673175,1,Eco,1,No Traffic,8.230633897904578,Mild,94.402147031053,28.33271801746205,7.583609439141809,3.736
1647,2024-01-03 03:58:00,109.41421348581255,Highway,-2.572759694752605,2,Comfort,3,High,8.737885183045544,Mild,29.43250494562274,22.398043625859856,11.252817747214062,1.99
1352,2024-01-03 03:59:00,17.593746859181074,Local,1.7921242255821743,1,Eco,1,No Traffic,9.761439274793664,Mild,38.558798798695065,14.411002943794143,5.518635763378841,2.611
1890,2024-01-03 04:00:00,77.51134716276472,City,-1.5401884321021972,2,Comfort,1,No Traffic,26.365412970370148,Mild,92.2979936299046,5.401495916992601,7.872600310147829,0.686
1069,2024-01-03 04:01:00,27.945497538217804,Local,1.3524727391578226,2,Comfort,1,No Traffic,7.184116449640253,Mild,34.178895821788274,18.64799493866491,7.743172470422713,2.408
1424,2024-01-03 04:02:00,18.811251438196717,Local,-2.5899097713108317,3,Sport,3,High,7.866496968271665,Mild,74.57834140612673,20.739800402011404,5.712543637682924,3.631
1998,2024-01-03 04:03:00,82.01152981887246,Highway,2.7305913369941166,2,Comfort,1,No Traffic,20.668656258217815,Mild,62.43704000326523,28.457518214904507,10.500831483534744,2.71
1707,2024-01-03 04:04:00,71.24215438904798,City,-1.8419100875658083,3,Sport,2,Moderate,3.7011484778926977,Mild,26.65549414812058,43.00657297896086,10.927574652820804,3.936
1780,2024-01-03 04:05:00,90.57929500347974,Highway,2.2964524572424825,3,Sport,3,High,11.419937794620516,Mild,42.82109295532263,23.24436828097217,9.16842705252864,2.535
1560,2024-01-03 04:06:00,37.13550917354189,Local,1.8568392576926067,1,Eco,2,Moderate,-2.392682512275237,Mild,61.62977731527743,15.782797783186249,6.8277809894204395,2.312
1827,2024-01-03 04:07:00,53.75659876586279,City,2.8071595444884956,3,Sport,2,Moderate,37.86461986283532,Warm,88.18800933470672,43.67560474395033,9.815293652687552,4.45
1641,2024-01-03 04:08:00,48.656601159650215,Local,-0.1326560343255023,3,Sport,2,Moderate,9.278845469420633,Mild,76.6030791691739,36.72251010009104,8.70512357075959,4.218
1955,2024-01-03 04:09:00,118.0907356759817,Highway,1.3643837630757094,2,Comfort,1,No Traffic,33.251896011148865,Warm,69.75065291639464,15.420780062951152,10.87788652379292,1.418
1516,2024-01-03 04:10:00,35.069874808726546,Local,-0.7757360577732957,2,Comfort,1,No Traffic,18.847551733149924,Mild,59.682631195313185,8.430590361047757,5.551448297980272,1.519
1427,2024-01-03 04:11:00,35.37806860161203,Local,-1.893790571881837,1,Eco,2,Moderate,5.269547077946598,Mild,43.89471870513074,14.62226752246009,6.667830174113093,2.193
1538,2024-01-03 04:12:00,42.54578505943289,Local,-0.341544402399307,3,Sport,2,Moderate,3.704240830130445,Mild,29.539592905540893,6.2695170508101885,6.339806771061994,0.989
1159,2024-01-03 04:13:00,67.75128975483858,City,-2.0055059076692707,3,Sport,3,High,26.273233519735637,Mild,52.72608276528764,45.1804752435903,10.297589074553304,4.387
1148,2024-01-03 04:14:00,30.27872931164943,Local,2.8922677367183036,1,Eco,2,Moderate,38.419096343513885,Warm,22.28147951290341,30.625170870302263,7.200688932944225,4.253
1775,2024-01-03 04:15:00,109.83479284551288,Highway,-2.4225210531557018,2,Comfort,1,No Traffic,3.2381374238127716,Mild,36.88447114134805,43.18927604104436,11.692084926859268,3.694
1229,2024-01-03 04:16:00,31.88226778395162,Local,0.5352703407157224,3,Sport,2,Moderate,0.1939547513535391,Mild,54.59867006981278,41.03600751337958,8.280969429895004,4.955
1711,2024-01-03 04:17:00,107.49788778722336,Highway,0.7587831315243356,1,Eco,2,Moderate,12.419470543446868,Mild,53.488414853753206,7.7464555069670125,9.445444972161608,0.82
1561,2024-01-03 04:18:00,12.417007637590158,Local,0.2284772572443252,2,Comfort,3,High,12.721474612537412,Mild,23.54363447975939,22.20576313277737,5.898477521024192,3.765
1066,2024-01-03 04:19:00,78.78752428795828,City,0.9731153142710012,1,Eco,2,Moderate,31.28138381613787,Warm,67.1248122820233,48.60596335288449,10.067392296929311,4.828
1811,2024-01-03 04:20:00,108.83826221258924,Highway,-2.3029153499286545,1,Eco,3,High,16.100018251733,Mild,63.9747404682589,11.766335683803089,9.424377418140626,1.249
1380,2024-01-03 04:21:00,20.249932607787542,Local,0.3301111452317462,3,Sport,3,High,-2.1892465241461116,Mild,26.248344321673027,2.6069211002924835,5.617678093679073,0.464
1057,2024-01-03 04:22:00,116.1992352119106,Highway,-1.2767245732358308,2,Comfort,2,Moderate,36.43004612684648,Warm,95.45304419683517,17.365906369178354,9.78586631851356,1.775
1258,2024-01-03 04:23:00,54.34600324986141,City,2.64105637980634,3,Sport,2,Moderate,11.793455209776043,Mild,27.95062231606881,25.59619575654259,10.250963133588607,2.497
1341,2024-01-03 04:24:00,113.48581301292292,Highway,1.5724299206383543,3,Sport,1,No Traffic,25.08392787223913,Mild,88.38673209898688,2.8882846175737975,8.917890036389984,0.324
1837,2024-01-03 04:25:00,81.21840523560564,Highway,2.835086892958456,2,Comfort,1,No Traffic,25.03697221998243,Mild,20.024778553200477,21.39102132152567,9.181786414023438,2.33
1129,2024-01-03 04:26:00,36.19042438482619,Local,-2.7746635815588627,2,Comfort,3,High,-2.4646064642320216,Mild,90.58248760363064,12.745292049961868,5.460326774876529,2.334
1726,2024-01-03 04:27:00,22.59630299005277,Local,-1.289200948915748,2,Comfort,3,High,-4.837790337921939,Mild,21.577578576345005,10.68468600195664,5.944177585753863,1.798
1171,2024-01-03 04:28:00,36.44820554701192,Local,-1.827464480169906,3,Sport,1,No Traffic,-1.0383337245120332,Mild,80.62496255136928,13.26896593523264,6.468741317119697,2.051
1769,2024-01-03 04:29:00,11.162089111521,Local,-2.9330724761290172,2,Comfort,3,High,38.04390098343072,Warm,48.93526490402024,5.359397468528778,5.140141296132603,1.043
1613,2024-01-03 04:30:00,17.26415596119957,Local,-1.5460456185220717,2,Comfort,1,No Traffic,30.729682706962564,Warm,79.05734401090558,3.924727971444309,5.6529827471354395,0.694
1208,2024-01-03 04:31:00,12.559252841577738,Local,1.0726559011225731,2,Comfort,3,High,0.940552452643452,Mild,52.13961643399828,29.83268950461233,5.750093426943063,5.188
1802,2024-01-03 04:32:00,50.75322524898693,City,-1.613466467192589,1,Eco,1,No Traffic,22.66914392044688,Mild,25.672633786547337,47.39675295503456,9.946428162526413,4.765
1353,2024-01-03 04:33:00,95.46940515091038,Highway,0.0540206728957093,2,Comfort,1,No Traffic,22.538818772918138,Mild,81.40053563162913,40.256529417089624,10.504422962332644,3.832
1470,2024-01-03 04:34:00,16.966026505960823,Local,2.326908689789992,3,Sport,3,High,-4.974840774368391,Mild,25.700214825709196,41.71154277495306,9.60767229734152,4.341
1797,2024-01-03 04:35:00,15.638451980680305,Local,1.1625475220944512,1,Eco,3,High,14.307892082103884,Mild,93.76963487689744,36.78057190745295,6.7587159382886846,5.442
1115,2024-01-03 04:36:00,77.21147394207969,City,-0.6322255805638082,3,Sport,3,High,27.029896177080012,Mild,24.07792286333291,47.80354196539155,13.045587050066638,3.664
1263,2024-01-03 04:37:00,23.661957836167954,Local,-0.7651863665273502,1,Eco,2,Moderate,3.4056781202817294,Mild,58.346022221721235,47.532468938056425,7.750695837654088,6.133
1661,2024-01-03 04:38:00,11.713204573078992,Local,-0.2655851159490918,2,Comfort,2,Moderate,33.290672439761636,Warm,77.84275446806365,38.93732527090675,6.345087507349798,6.137
1811,2024-01-03 04:39:00,20.021829384669317,Local,-1.9377513536405615,1,Eco,3,High,24.71372023446991,Mild,51.45971718336302,35.82571830313243,7.702947414589557,4.651
1441,2024-01-03 04:40:00,110.84776750521311,Highway,0.8040046044959288,3,Sport,3,High,-4.68840663209514,Mild,37.37867796739478,15.333447875151222,12.28039141956157,1.249
1547,2024-01-03 04:41:00,98.5765503331429,Highway,-0.815083085372367,1,Eco,3,High,33.471138105011136,Warm,80.72727691168217,4.649202988366444,9.398223201306037,0.495
1452,2024-01-03 04:42:00,42.48774748261129,Local,2.114192095572262,2,Comfort,3,High,-4.126998671527889,Mild,82.74357638309812,4.73411190303657,6.819877354959363,0.694
1844,2024-01-03 04:43:00,78.69849207928713,City,1.539315960346897,2,Comfort,1,No Traffic,34.956796187193504,Warm,93.81559871634936,36.839427692931665,8.983004803335417,4.101
1476,2024-01-03 04:44:00,64.47308084016457,City,0.6630789845529605,3,Sport,2,Moderate,10.017348590644024,Mild,50.09320883448622,1.515855653008415,6.813940237554204,0.222
1286,2024-01-03 04:45:00,81.25491161790767,Highway,-0.8147866641029036,1,Eco,3,High,26.43926148498903,Mild,60.50013875978615,40.83882152352725,10.670929964691863,3.827
1302,2024-01-03 04:46:00,81.92053829553112,Highway,-1.7404090099590936,3,Sport,2,Moderate,30.434393592028307,Warm,49.05027542768576,18.38717481581434,9.38005484027891,1.96
1310,2024-01-03 04:47:00,75.44808180719915,City,1.6569111846337368,3,Sport,2,Moderate,7.657096898077322,Mild,40.566545748109455,9.684818896963431,9.279838934175016,1.044
1207,2024-01-03 04:48:00,31.93216422447703,Local,-0.0815454060534808,3,Sport,1,No Traffic,11.039657503313933,Mild,80.08263692300869,20.438666383892105,5.148553497332189,3.97
1617,2024-01-03 04:49:00,4.680770491538175,Local,-1.651499770935855,2,Comfort,3,High,17.929378449504966,Mild,47.17214760135643,35.193284150237204,6.986869082795077,5.037
1445,2024-01-03 04:50:00,54.66801383881305,City,-1.8289523097599627,1,Eco,2,Moderate,21.22111893090588,Mild,54.25195535938816,13.828019634956888,7.956525443690066,1.738
1669,2024-01-03 04:51:00,106.91686616288446,Highway,-2.007594572991846,2,Comfort,1,No Traffic,8.141885773472753,Mild,52.293892609922224,8.763556926825403,9.831126149964398,0.891
1632,2024-01-03 04:52:00,68.33967102222911,City,1.66296717723357,2,Comfort,3,High,39.65779159803696,Warm,77.01289805173967,36.92042542737206,11.264394578325597,3.278
1054,2024-01-03 04:53:00,99.88692500422896,Highway,-1.6260768881981298,2,Comfort,3,High,28.16521029500224,Warm,93.4236500888544,44.04599710669804,9.53183649691258,4.621
1911,2024-01-03 04:54:00,118.99492115534738,Highway,0.1598535811511849,1,Eco,2,Moderate,7.336840441901298,Mild,73.34048490459018,29.31868553978058,11.124543847788356,2.635
1011,2024-01-03 04:55:00,19.633944496593152,Local,-0.2907218341616611,2,Comfort,1,No Traffic,23.819448607045626,Mild,57.7266076875386,26.240393503990923,5.799745383127272,4.524
1656,2024-01-03 04:56:00,83.01331669703788,Highway,0.4776653953697032,2,Comfort,1,No Traffic,14.591704051417668,Mild,82.33640917911067,37.768284988815694,10.192161720601302,3.706
1399,2024-01-03 04:57:00,80.91522884400295,Highway,2.262929402227165,2,Comfort,1,No Traffic,33.71480011952791,Warm,71.277705929771,36.65906187765587,10.345944954322569,3.543
1907,2024-01-03 04:58:00,117.5946536829934,Highway,2.206484340490384,1,Eco,1,No Traffic,9.802753184956902,Mild,24.84882856942508,0.4132922870681464,10.227124944474612,0.04
1647,2024-01-03 04:59:00,118.27208807433604,Highway,-0.2935435690508421,1,Eco,3,High,3.453429466895967,Mild,27.65308691350733,14.164040482951918,11.002156259450173,1.287
1979,2024-01-03 05:00:00,82.40143340689553,Highway,-2.9078024955916604,3,Sport,2,Moderate,-2.9238683546733393,Mild,23.033355525890663,46.60744826470252,12.313717980887276,3.785
1514,2024-01-03 05:01:00,29.23377503786331,Local,-0.4413371657141809,2,Comfort,2,Moderate,39.293915434050135,Warm,56.545306096505584,48.01408813514206,9.297456888817846,5.164
1655,2024-01-03 05:02:00,95.82670057567188,Highway,0.6371612245448421,2,Comfort,1,No Traffic,11.164975312620989,Mild,86.06827474711719,25.56332913420729,9.23201574842712,2.769
1541,2024-01-03 05:03:00,12.843496105324572,Local,0.3465885545883704,1,Eco,1,No Traffic,4.9233310781013895,Mild,45.04665354810817,28.048491757697096,6.768852160252948,4.144
1236,2024-01-03 05:04:00,93.68391650059544,Highway,0.9080166348012328,1,Eco,1,No Traffic,17.12958130423721,Mild,50.732814647398534,0.132760420818569,8.295124514858912,0.016
1278,2024-01-03 05:05:00,109.22353489736356,Highway,-2.075545605161499,2,Comfort,2,Moderate,8.123769492019699,Mild,92.75816866943126,33.6497667913248,10.54896149429562,3.19
1347,2024-01-03 05:06:00,45.94000737221223,Local,0.8792105926843954,3,Sport,3,High,5.480501544554519,Mild,86.95227562533239,10.700548791105144,6.899287065577865,1.551
1626,2024-01-03 05:07:00,75.67623539796966,City,-1.9040902875373664,3,Sport,3,High,22.737302508965193,Mild,73.2038489906048,6.482803157523234,8.602307368752813,0.754
1103,2024-01-03 05:08:00,51.61712785161916,City,1.5031438841804938,2,Comfort,1,No Traffic,-1.631821666387156,Mild,41.344302567380105,15.303738083882903,9.902138093125425,1.545
1629,2024-01-03 05:09:00,52.531806598575415,City,-0.9654743204239198,3,Sport,3,High,17.904682733491452,Mild,29.36331861507548,33.27812023372167,9.279817824615382,3.586
1516,2024-01-03 05:10:00,37.2445066929744,Local,1.259372600288721,3,Sport,3,High,12.4344085605109,Mild,21.284705814409097,21.873035221866985,7.4199676536918835,2.948
1979,2024-01-03 05:11:00,91.45555445403896,Highway,-2.7128064065633577,2,Comfort,2,Moderate,18.963818443644193,Mild,28.56085380835367,17.518008530381184,10.101405537946835,1.734
1871,2024-01-03 05:12:00,112.34118769998062,Highway,-0.5528398464545194,3,Sport,1,No Traffic,9.419828041250296,Mild,43.40771548991542,36.367704526500034,12.491182275665324,2.911
1247,2024-01-03 05:13:00,112.89010310813534,Highway,1.230207133579997,1,Eco,3,High,20.6644414416165,Mild,64.14320508635966,40.70463248209828,12.03750291669241,3.381
1363,2024-01-03 05:14:00,20.97375418499206,Local,-1.6387769020110352,2,Comfort,1,No Traffic,-1.318165503143704,Mild,25.12000662019095,43.47320315646654,8.617843129282328,5.045
1320,2024-01-03 05:15:00,104.96923795878791,Highway,1.7717222687833356,1,Eco,1,No Traffic,11.927153024921282,Mild,30.898222265475923,22.29316552093053,11.066061559333267,2.015
1632,2024-01-03 05:16:00,88.49177297125466,Highway,0.784678398629592,2,Comfort,3,High,5.687437371076101,Mild,34.48645618463529,35.91961330048375,10.183329068413798,3.527
1285,2024-01-03 05:17:00,30.34048808283471,Local,0.5253706328987899,1,Eco,2,Moderate,14.71403709648162,Mild,70.5585674386645,44.272148812462234,6.682702992795771,6.625
1148,2024-01-03 05:18:00,8.074153550581746,Local,-0.878706874773977,3,Sport,3,High,12.925124812290624,Mild,69.26318391840995,45.45442931109054,8.059535411205271,5.64
1083,2024-01-03 05:19:00,32.15967202612536,Local,-0.1052911777132945,1,Eco,2,Moderate,23.403264777251113,Mild,64.06125810977224,24.656857128529253,6.714189870951853,3.672
1965,2024-01-03 05:20:00,109.46498841378308,Highway,0.5840958058671184,1,Eco,3,High,23.294097767179306,Mild,40.04011397567517,17.83079548037378,10.891535826141295,1.637
1405,2024-01-03 05:21:00,75.98144098749268,City,-0.1652273165106574,1,Eco,1,No Traffic,13.60141363429003,Mild,49.68957529749856,45.01928495577975,9.520701686212076,4.729
1977,2024-01-03 05:22:00,86.52655930774462,Highway,1.1898799436433602,1,Eco,2,Moderate,3.1730420648445534,Mild,27.73517730701944,13.145380366415512,9.631356584183566,1.365
1455,2024-01-03 05:23:00,30.8582821330915,Local,-0.3978184013582426,1,Eco,2,Moderate,21.1861141873161,Mild,38.11684830064439,39.86268734967334,8.499621881109691,4.69
1742,2024-01-03 05:24:00,86.32657866897843,Highway,-1.786360909547818,2,Comfort,1,No Traffic,38.49319164949624,Warm,91.81641811780644,45.44187959187438,10.328150476502246,4.4
1799,2024-01-03 05:25:00,3.374580753350851,Local,-1.7163973031937163,1,Eco,3,High,3.344922597470628,Mild,98.37533971486629,37.01196810326977,7.075737925283828,5.231
1160,2024-01-03 05:26:00,45.03856149276166,Local,-2.9651773869423534,1,Eco,2,Moderate,-1.892336946592315,Mild,71.81276685122357,34.025022154621695,6.72131187956617,5.062
1783,2024-01-03 05:27:00,75.21040182507974,City,-1.1942537066479653,2,Comfort,3,High,6.905253347141196,Mild,93.3458633618736,2.628790273525337,8.336396653591923,0.315
1459,2024-01-03 05:28:00,17.531587864958425,Local,1.4935058428711177,2,Comfort,3,High,13.581415063041709,Mild,71.419352032114,10.253302186074915,5.80477067764086,1.766
1549,2024-01-03 05:29:00,98.76042893363216,Highway,1.7649762530256572,3,Sport,3,High,8.778478981905293,Mild,22.65571888843759,33.36182427752488,12.454728577777724,2.679
1499,2024-01-03 05:30:00,28.20375585743024,Local,-1.7851947474255,1,Eco,1,No Traffic,32.56193692672034,Warm,99.74100679891272,39.28125985636036,6.520801346510862,6.024
1737,2024-01-03 05:31:00,78.27373353821355,City,2.754263981228446,1,Eco,3,High,17.186245261918515,Mild,27.91618413492279,3.263209572011762,8.387389265361492,0.389
1508,2024-01-03 05:32:00,48.62365710903956,Local,0.0144167608807603,3,Sport,1,No Traffic,6.075754674668421,Mild,74.61134411560485,1.0510667404967935,5.953935844853685,0.177
1653,2024-01-03 05:33:00,71.52523145731766,City,2.501872494111016,1,Eco,2,Moderate,37.75895756031999,Warm,40.226896245983205,15.644477437074991,8.939781115626072,1.75
1803,2024-01-03 05:34:00,12.894066315468976,Local,1.2405916911697863,3,Sport,3,High,0.6278268874562452,Mild,51.35848903255681,32.28325824714433,5.9102060531741465,5.462
1480,2024-01-03 05:35:00,2.029535990592879,Local,1.3346005381344783,2,Comfort,2,Moderate,0.5310148845119613,Mild,71.67473478407506,25.65092788673059,5.851639380065826,4.384
1662,2024-01-03 05:36:00,109.14773128563614,Highway,-2.4897382721635735,1,Eco,3,High,6.037818664430839,Mild,54.91898794461656,0.5171298537474611,8.358465229229175,0.062
1113,2024-01-03 05:37:00,32.355601052061935,Local,-1.680053238618416,1,Eco,2,Moderate,-1.545254525603731,Mild,40.04368471449026,7.665447206485676,4.8376601268405235,1.585
1748,2024-01-03 05:38:00,98.36124033365508,Highway,-2.947111000233164,2,Comfort,1,No Traffic,28.824370808341584,Warm,46.755694950265976,37.63482265456377,10.617702595010025,3.545
1577,2024-01-03 05:39:00,119.92203605666404,Highway,1.2967658428604247,1,Eco,2,Moderate,9.07648753794872,Mild,47.32384935385411,14.953319083039249,11.724239688302625,1.275
1360,2024-01-03 05:40:00,25.37175095986934,Local,-0.93337026942894,2,Comfort,2,Moderate,27.842709635785184,Mild,96.7459123606571,5.9477165382929185,3.7613228041363618,1.581
1340,2024-01-03 05:41:00,31.820488942002672,Local,1.719915096458081,2,Comfort,3,High,29.32318604636714,Warm,83.88904127387607,2.6380849514782048,4.996082088540942,0.528
1769,2024-01-03 05:42:00,79.54317451615988,City,-0.9663826803778424,3,Sport,3,High,5.688334783688292,Mild,56.683901718352,42.537066826897714,10.176275082304986,4.18
1986,2024-01-03 05:43:00,115.85383615207456,Highway,1.9160025137931669,2,Comfort,3,High,18.326363743186786,Mild,35.985673627309126,23.636133218211057,11.897946470334398,1.987
1760,2024-01-03 05:44:00,109.89772178288928,Highway,-2.215810477510122,3,Sport,3,High,18.381647929951523,Mild,84.88128882101248,25.23356445631315,10.41863012781552,2.422
1968,2024-01-03 05:45:00,60.34506240787019,City,-1.9597610594549508,2,Comfort,1,No Traffic,34.21139855516808,Warm,32.57459772866988,3.1609285802196623,7.325531327427789,0.431
1448,2024-01-03 05:46:00,95.41323390320696,Highway,-0.9547407624963808,3,Sport,2,Moderate,-3.8466117498588783,Mild,36.83697737136028,24.480138266320477,11.73942534818334,2.085
1842,2024-01-03 05:47:00,16.289502371988128,Local,-0.5490756667063601,3,Sport,2,Moderate,9.256015464196526,Mild,49.28107134721209,32.324080413210034,8.619007606526953,3.75
1834,2024-01-03 05:48:00,117.29258210448148,Highway,-0.9077831349421296,3,Sport,1,No Traffic,34.71202211561596,Warm,90.4278556681592,6.227652463482409,8.701111278725826,0.716
1179,2024-01-03 05:49:00,115.72238808431838,Highway,1.5818821951393192,3,Sport,2,Moderate,5.6561450222491345,Mild,30.54293349072882,45.135534034795654,12.862843942937712,3.509
1701,2024-01-03 05:50:00,19.647474945500516,Local,-2.418291644239712,1,Eco,3,High,1.1595995385904443,Mild,29.778735428362086,39.189063859459814,8.677348855230619,4.516
1406,2024-01-03 05:51:00,35.930774976372795,Local,-0.8926978821690716,2,Comfort,3,High,20.926259272775656,Mild,59.517999064421275,40.11406565451565,9.641632246975858,4.161
1665,2024-01-03 05:52:00,12.018599700812032,Local,2.023439997092757,2,Comfort,3,High,8.76445428689536,Mild,42.11284328749397,26.873000547969777,5.9732273402096325,4.499
1195,2024-01-03 05:53:00,32.606111867781564,Local,-2.599217536426968,2,Comfort,2,Moderate,16.028252197140926,Mild,65.49823533185278,16.762701860826947,6.340851455878056,2.644
1465,2024-01-03 05:54:00,97.9146947298248,Highway,2.6540610460281444,2,Comfort,1,No Traffic,31.900574454013142,Warm,56.13093477465788,32.05856589081193,11.150221511897684,2.875
1310,2024-01-03 05:55:00,45.39787285983114,Local,2.917901053632077,3,Sport,1,No Traffic,18.431363878737827,Mild,54.796728508097345,11.345970387051349,6.588603874059672,1.722
1261,2024-01-03 05:56:00,10.607636057611003,Local,-2.4685909570495195,1,Eco,2,Moderate,18.21504021971674,Mild,28.95783763895946,6.9305473798360255,4.279853428210287,1.619
1418,2024-01-03 05:57:00,41.067062973468545,Local,-1.2523648664655782,2,Comfort,1,No Traffic,7.518220406292601,Mild,31.283975219987212,26.96269785233483,9.010573695956973,2.992
1405,2024-01-03 05:58:00,117.76600010895362,Highway,-0.7655960037878629,2,Comfort,1,No Traffic,30.67895040148509,Warm,85.68628619574801,23.983446788968298,9.795893535857935,2.448
1938,2024-01-03 05:59:00,75.56203143110434,City,1.6583482119163566,2,Comfort,3,High,28.29165808215705,Warm,90.87061900573956,7.599091540525216,7.2261155040870095,1.052
1142,2024-01-03 06:00:00,49.93931356873893,Local,0.5755608727004029,3,Sport,2,Moderate,5.535423159636089,Mild,38.77468263082002,26.567153252479173,9.13822897186088,2.907
1341,2024-01-03 06:01:00,19.9846216196724,Local,0.8661942029554042,2,Comfort,1,No Traffic,9.400203387046222,Mild,29.07684012198153,27.36876671878448,7.569648248238146,3.616
1315,2024-01-03 06:02:00,118.34121567404335,Highway,1.545058936911036,2,Comfort,2,Moderate,30.48826868461935,Warm,24.27333375476085,43.588587295111786,13.535553603500023,3.22
1100,2024-01-03 06:03:00,98.50188111157546,Highway,-2.2921260033778457,1,Eco,3,High,11.097301082129048,Mild,68.66380909935174,37.98458180976895,11.117024617637696,3.417
1243,2024-01-03 06:04:00,33.77727629411033,Local,1.9992567414615736,3,Sport,3,High,13.16018271518945,Mild,77.22825700001644,10.956526656459411,5.58376443314623,1.962
1489,2024-01-03 06:05:00,8.408243486542734,Local,1.2337188250808635,1,Eco,1,No Traffic,11.39855220650436,Mild,49.824799136256445,40.914807891682685,7.687387004902248,5.322
1011,2024-01-03 06:06:00,6.795066885306964,Local,0.4640503511782219,2,Comfort,2,Moderate,2.273463693302965,Mild,74.37406939925117,48.453806684550706,7.881880079326686,6.147
1238,2024-01-03 06:07:00,14.44537794066406,Local,2.33841200869834,3,Sport,2,Moderate,10.340344078730858,Mild,77.03670524476209,35.85931368042232,6.967604671285419,5.147
1560,2024-01-03 06:08:00,69.6922300337306,City,1.201838123302843,2,Comfort,3,High,31.132088639671373,Warm,94.82738251175245,39.37145757287726,7.880850628640368,4.996
1041,2024-01-03 06:09:00,111.45161054465908,Highway,-1.7898002242138475,2,Comfort,3,High,17.098390946969015,Mild,25.18989102680858,13.394847669782662,10.070896222063444,1.33
1677,2024-01-03 06:10:00,59.609211360718135,City,-0.4215277135459994,3,Sport,3,High,15.61978674741863,Mild,35.383337858486385,49.59593720479832,10.175119710526484,4.874
1593,2024-01-03 06:11:00,101.15345789474364,Highway,-0.0357427983856002,1,Eco,1,No Traffic,2.035802932412338,Mild,25.48207900775905,8.902087669167432,8.469049497516178,1.051
1428,2024-01-03 06:12:00,53.50639438317694,City,-2.668694239497566,3,Sport,2,Moderate,2.99064273387378,Mild,89.43951466688884,37.56791768927542,8.003349989423008,4.694
1802,2024-01-03 06:13:00,85.03002549213903,Highway,2.7278250801603345,3,Sport,1,No Traffic,-3.06724260424464,Mild,83.40697280268549,19.821442935645532,7.954030684204255,2.492
1157,2024-01-03 06:14:00,87.8247284743801,Highway,-2.228536435218729,1,Eco,2,Moderate,-4.3720010814549335,Mild,65.97136564974713,17.907766446843624,8.493530798382999,2.108
1215,2024-01-03 06:15:00,20.87564470840064,Local,1.1847676033603616,3,Sport,3,High,16.960631713279696,Mild,26.693072804094655,14.329445558320083,6.549665404979899,2.188
1669,2024-01-03 06:16:00,43.345927077097414,Local,0.0373862165452809,1,Eco,1,No Traffic,13.415455984583424,Mild,41.86498869229757,22.108933764562515,6.9222946238776,3.194
1461,2024-01-03 06:17:00,76.47625878456287,City,-2.8462065006934645,1,Eco,1,No Traffic,7.391990731520778,Mild,43.81758784468136,39.564642693905,11.026436150650657,3.588
1133,2024-01-03 06:18:00,8.483592982123941,Local,2.54848485518617,3,Sport,1,No Traffic,39.55209431581368,Warm,64.85945568123337,47.05453174513935,8.399753253429685,5.602
1066,2024-01-03 06:19:00,43.38482253155479,Local,2.111020852913599,3,Sport,3,High,12.909828804452758,Mild,40.64351152293724,20.87028834877734,8.670204174165917,2.407
1847,2024-01-03 06:20:00,64.17593595374309,City,0.1455475674230131,1,Eco,1,No Traffic,30.498110460922717,Warm,25.83678911303639,32.61841488517342,9.134668745854256,3.571
1006,2024-01-03 06:21:00,119.54693916535663,Highway,-1.6263459831633285,1,Eco,1,No Traffic,4.474551699920054,Mild,78.46098414826395,39.43238473733462,12.595014893561393,3.131
1947,2024-01-03 06:22:00,56.94402751469289,City,-2.2702626559194345,1,Eco,3,High,6.116854387393735,Mild,43.92641693243291,5.076834816477088,6.103809959973173,0.832
1525,2024-01-03 06:23:00,97.92681085371883,Highway,-0.8196451234072404,1,Eco,2,Moderate,20.57761152331345,Mild,56.18993416186405,48.03112896475709,11.815567367178506,4.065
1072,2024-01-03 06:24:00,51.84807420799413,City,-1.467430313723457,1,Eco,1,No Traffic,-4.818727863401293,Mild,30.21333079858443,10.660509893593504,7.98496346816844,1.335
1398,2024-01-03 06:25:00,95.56688671436508,Highway,0.0401472060377923,3,Sport,3,High,-4.215854214099498,Mild,84.20386427156637,45.76245722925732,12.104666705221751,3.781
1404,2024-01-03 06:26:00,71.449776194413,City,2.7984557767405738,2,Comfort,1,No Traffic,1.3998424517287669,Mild,65.24255015392461,49.331482101683974,10.37089253238472,4.757
1674,2024-01-03 06:27:00,106.3914529802878,Highway,0.4497209593778484,3,Sport,1,No Traffic,5.040446846393339,Mild,92.12685009678904,5.110189859079732,8.176266538085814,0.625
1577,2024-01-03 06:28:00,49.31310628201319,Local,2.339586335340588,2,Comfort,2,Moderate,18.753228210989732,Mild,59.63772504522667,44.648088936939416,9.059341920516983,4.928
1858,2024-01-03 06:29:00,72.51653037857747,City,0.9052730249746634,1,Eco,3,High,25.88032438672569,Mild,95.3140537454304,32.081372757614936,8.518987025455269,3.766
1129,2024-01-03 06:30:00,75.60224167425929,City,-0.148520840476797,3,Sport,2,Moderate,9.034539879461157,Mild,91.34945635050607,40.914544143234814,9.34403182601178,4.379
1930,2024-01-03 06:31:00,50.0859530160568,City,2.1276453764002277,2,Comfort,2,Moderate,5.758192120170287,Mild,66.11678851673872,5.54397305915435,6.566780897967867,0.844
1465,2024-01-03 06:32:00,17.317445242497783,Local,-0.1717913389620147,1,Eco,3,High,32.02650303219945,Warm,94.71147505198908,41.72967286289095,7.278356542644913,5.733
1205,2024-01-03 06:33:00,11.227128829480266,Local,2.211769023062166,3,Sport,2,Moderate,2.3249643106304116,Mild,45.84709978356418,31.339112501715267,7.358743667270717,4.259
1787,2024-01-03 06:34:00,2.000586071955972,Local,-1.2505393825454083,2,Comfort,1,No Traffic,25.524694977604604,Mild,49.251373016336906,25.57987391094459,5.879908337360993,4.35
1977,2024-01-03 06:35:00,104.82411170942576,Highway,-2.2271215574220715,3,Sport,3,High,36.90987323871419,Warm,23.638236104482957,28.045630739834323,13.008437522353235,2.156
1767,2024-01-03 06:36:00,28.376989468643345,Local,2.1318867861776303,2,Comfort,3,High,5.449490960923324,Mild,67.13607254110825,37.24893732947226,7.408044207465174,5.028
1265,2024-01-03 06:37:00,25.380809913812165,Local,0.5244909827560007,3,Sport,1,No Traffic,-1.0865585517732663,Mild,77.75391759431467,14.952072778996593,5.747071466043534,2.602
1536,2024-01-03 06:38:00,88.32424805112787,Highway,2.3345543894937606,3,Sport,1,No Traffic,39.08915023072047,Warm,81.88153521936826,47.17951437884959,10.359518477545365,4.554
1961,2024-01-03 06:39:00,38.40193357048701,Local,2.626963241954299,2,Comfort,1,No Traffic,7.184820825456324,Mild,31.985302883688263,15.451064934872177,7.476207605101256,2.067
1792,2024-01-03 06:40:00,60.72536308942039,City,-2.678229657771305,3,Sport,2,Moderate,7.404844407700219,Mild,55.532725785000025,43.86629938499868,10.374063107371503,4.228
1252,2024-01-03 06:41:00,19.501327835694756,Local,0.00581581115321,3,Sport,2,Moderate,16.769753110209866,Mild,34.14905696751325,0.7043635309556683,3.920408413549041,0.18
1821,2024-01-03 06:42:00,115.16948657543632,Highway,-0.7502127055528245,1,Eco,2,Moderate,5.397594657076578,Mild,72.97018790833991,45.83235527994984,11.94801351991396,3.836
1288,2024-01-03 06:43:00,102.18976800206848,Highway,0.7551503824207026,2,Comfort,2,Moderate,39.67925599451061,Warm,32.63570979374145,42.5937332048739,13.530887291816384,3.148
1163,2024-01-03 06:44:00,103.6547547558004,Highway,1.761547183213941,3,Sport,2,Moderate,-3.066535135870521,Mild,92.333094716486,6.296603097301051,7.762579214407648,0.811
1094,2024-01-03 06:45:00,48.81284982864062,Local,-1.3164587041537863,2,Comfort,2,Moderate,15.316288551953871,Mild,38.45077165291307,36.87245422273577,8.921221955349056,4.133
1781,2024-01-03 06:46:00,91.48334564486072,Highway,0.3407903062390298,3,Sport,3,High,19.67560307783501,Mild,43.31218130305959,18.76834259136486,10.006135960536744,1.876
1832,2024-01-03 06:47:00,17.265138646773618,Local,1.2523714794293976,2,Comfort,3,High,16.012788607626206,Mild,88.07250577207998,24.040935563668,6.500037495662386,3.699
1109,2024-01-03 06:48:00,1.0342803110136334,Local,-2.193413502985596,2,Comfort,3,High,18.423533778829153,Mild,56.677408811657905,3.5228026369982706,3.0421150097968805,1.158
1335,2024-01-03 06:49:00,2.396751909363375,Local,1.884401435707601,1,Eco,3,High,39.4410614897679,Warm,21.919675664005844,10.70743222401667,6.761020112837194,1.584
1821,2024-01-03 06:50:00,70.39220848854725,City,0.6366575991178385,1,Eco,3,High,34.46057127415559,Warm,59.56690009621166,47.68693712569634,10.939446495929747,4.359
1237,2024-01-03 06:51:00,54.647388629752896,City,2.6972246226819108,2,Comfort,3,High,8.879965568325023,Mild,26.763466830409843,20.955729304061457,8.560920499735117,2.448
1380,2024-01-03 06:52:00,62.16184186902237,City,-0.9628264852158406,3,Sport,2,Moderate,19.81646721358474,Mild,98.82757749498484,1.3989143101534365,6.450234878035218,0.217
1435,2024-01-03 06:53:00,0.8955768500663286,Local,-2.351124345976808,2,Comfort,3,High,-4.986004436203962,Mild,67.04892563644819,25.802397649265668,7.4708947357414495,3.454
1898,2024-01-03 06:54:00,50.72239435889109,City,0.0390072062215516,3,Sport,1,No Traffic,13.43060506181734,Mild,40.522609408878274,49.735486767316935,10.390222222609898,4.787
1482,2024-01-03 06:55:00,86.1681793441033,Highway,-2.485135369743367,2,Comfort,3,High,2.374340028788578,Mild,65.09741436380942,16.707749281764976,8.603826798389791,1.942
1936,2024-01-03 06:56:00,53.123244236092305,City,2.8171591399440405,1,Eco,1,No Traffic,27.01122658490469,Mild,26.149368270540386,7.14655678828206,5.897620329372345,1.212
1901,2024-01-03 06:57:00,87.86630475746666,Highway,-2.7678902504568508,1,Eco,1,No Traffic,4.949030993512517,Mild,83.99130434150536,32.21331609360395,9.983705037985048,3.227
1024,2024-01-03 06:58:00,27.962275727620177,Local,1.521023406643848,3,Sport,3,High,28.700304048022375,Warm,94.02624430913308,45.99923462665642,6.766156236028449,6.798
1652,2024-01-03 06:59:00,97.57704053780704,Highway,0.1506143888534641,2,Comfort,2,Moderate,9.09219252910328,Mild,89.95555105649277,42.97155661518065,10.973856808175498,3.916
1116,2024-01-03 07:00:00,70.61174885441427,City,-0.7882760850102679,3,Sport,2,Moderate,36.66228795901191,Warm,47.340608183885024,32.883677073858415,10.035136277809608,3.277
1481,2024-01-03 07:01:00,25.29157193158875,Local,-2.604947012948072,1,Eco,1,No Traffic,15.043747076560582,Mild,46.06144957146948,9.288958036942727,6.10441154520581,1.522
1391,2024-01-03 07:02:00,28.406457102459953,Local,0.7330015450416463,2,Comfort,2,Moderate,32.778297385323214,Warm,22.807008897304,39.23955724549043,8.483087908771118,4.626
1916,2024-01-03 07:03:00,75.36365574834444,City,0.5113219763457315,1,Eco,1,No Traffic,23.26747013675559,Mild,72.11202869607334,41.17877553765779,11.110647501634222,3.706
1993,2024-01-03 07:04:00,99.5927511854932,Highway,-1.3147003615944015,1,Eco,2,Moderate,38.98291967065616,Warm,62.792382735183594,42.49243424636887,11.406858544072048,3.725
1963,2024-01-03 07:05:00,49.87533384349862,Local,2.461330208461873,2,Comfort,2,Moderate,28.422523782043804,Warm,56.74770970618731,20.256671244881204,7.3633203318811855,2.751
1536,2024-01-03 07:06:00,30.996051495311065,Local,-1.175339955942979,3,Sport,2,Moderate,27.746649504012353,Mild,92.61047626677656,20.502061345712804,5.4418920740312355,3.767
1078,2024-01-03 07:07:00,104.04139282927206,Highway,-0.301647536447363,2,Comfort,2,Moderate,6.918969210219336,Mild,33.43031208662771,7.842339561719723,10.153614042788078,0.772
1579,2024-01-03 07:08:00,80.31219501010018,Highway,0.2625747355119339,1,Eco,3,High,17.718688793764315,Mild,20.773301335214587,38.6570695105805,10.95615394074973,3.528
1172,2024-01-03 07:09:00,53.77025847396918,City,-2.398608730942283,1,Eco,3,High,8.05511599085373,Mild,25.86531616966123,36.887588681761855,9.978552859956594,3.697
1955,2024-01-03 07:10:00,58.54802343351622,City,2.592970315281794,1,Eco,3,High,-4.131795334171834,Mild,37.86971502618951,5.077510730718894,7.790003717405631,0.652
1011,2024-01-03 07:11:00,24.51077615236757,Local,-0.7527830852937534,1,Eco,1,No Traffic,26.976339969305503,Mild,22.662843941076556,1.1046976257797516,5.6889137576410285,0.194
1799,2024-01-03 07:12:00,75.21631560778127,City,-2.5153247167539385,3,Sport,3,High,5.61264248669209,Mild,60.22749685145084,47.59082430901595,10.513593164571342,4.527
1127,2024-01-03 07:13:00,43.04910126514664,Local,-0.6762529579480203,2,Comfort,3,High,12.879581365425436,Mild,45.127236418686245,0.961693602997312,6.645131506099393,0.145
1607,2024-01-03 07:14:00,119.47742120092192,Highway,0.6012152825554842,2,Comfort,3,High,7.808745422823982,Mild,34.43864064545061,31.46707309557828,11.643642008673275,2.703
1091,2024-01-03 07:15:00,57.622021831426544,City,0.0819160309279771,3,Sport,2,Moderate,3.9836135408642703,Mild,80.00672599589296,22.73671119969396,8.051532128969521,2.824
1652,2024-01-03 07:16:00,58.306272742753585,City,1.167251844223644,3,Sport,2,Moderate,-1.9796304027310945,Mild,36.3561060986024,38.892933026170496,10.62357373434838,3.661
1542,2024-01-03 07:17:00,67.90221448928062,City,-2.667096347592536,1,Eco,2,Moderate,10.205045894707885,Mild,75.00840807950345,4.477664017870697,6.933629311440959,0.646
1845,2024-01-03 07:18:00,110.0107203742496,Highway,-1.2927563383676632,2,Comfort,2,Moderate,-1.3214784415458851,Mild,47.94119246781111,34.1504423954185,11.77495719741979,2.9
1531,2024-01-03 07:19:00,96.09817198317003,Highway,1.915383461040614,2,Comfort,2,Moderate,19.314361318145032,Mild,60.94622085300436,30.785633312419833,10.06516242460012,3.059
1657,2024-01-03 07:20:00,54.13560837574097,City,-2.520637873251835,2,Comfort,3,High,-4.116915330733793,Mild,94.70936318810558,42.694349370979914,8.291846336649998,5.149
1988,2024-01-03 07:21:00,86.24391191673551,Highway,2.132915728175745,3,Sport,3,High,37.30089458392869,Warm,22.988130785265028,25.975402194883017,10.794452081938484,2.406
1827,2024-01-03 07:22:00,70.3482598536914,City,-2.4486234475373623,1,Eco,2,Moderate,38.49137587537045,Warm,60.02116059819695,36.441774879239325,9.611221208502194,3.792
1446,2024-01-03 07:23:00,59.08404584414987,City,2.006725289350177,1,Eco,2,Moderate,8.709423173336605,Mild,88.35383682620946,21.935394813818935,7.781898869204103,2.819
1389,2024-01-03 07:24:00,23.077892734122063,Local,-0.8352695935276397,2,Comfort,3,High,6.708758836291146,Mild,67.03793986962788,49.20052865016841,6.974318613113303,7.055
1671,2024-01-03 07:25:00,55.67235161458691,City,0.6732543795432946,1,Eco,3,High,-0.3017660134189466,Mild,42.14964135721253,28.014612217781178,7.885552751102633,3.553
1860,2024-01-03 07:26:00,29.49823044270896,Local,-2.0826773061120107,3,Sport,2,Moderate,35.72135169613009,Warm,51.814490811602745,37.70160469395693,9.216987754803611,4.09
1042,2024-01-03 07:27:00,109.78105798219856,Highway,-2.6029876696489147,3,Sport,1,No Traffic,21.40887663849569,Mild,74.42125029828597,4.73746378667824,8.737838522119958,0.542
1253,2024-01-03 07:28:00,40.248817619561635,Local,-1.7043707758791895,2,Comfort,2,Moderate,22.45562153491479,Mild,91.26495154510424,23.191520758027853,7.285217340072005,3.183
1129,2024-01-03 07:29:00,114.27168174400468,Highway,-2.2328770925478265,1,Eco,3,High,35.31354081708991,Warm,23.28530989972893,3.3154399731899185,10.125684751932912,0.327
1059,2024-01-03 07:30:00,63.966634811365346,City,-1.1255646139222093,3,Sport,1,No Traffic,35.98540572354693,Warm,25.723105751230115,6.173377782120011,7.6350521151144495,0.809
1662,2024-01-03 07:31:00,75.78532544113924,City,0.0862994790661213,3,Sport,2,Moderate,32.27537513697299,Warm,46.004121888767,25.35615549408932,9.81211232577772,2.584
1466,2024-01-03 07:32:00,65.15285333871932,City,0.5325567813900571,3,Sport,3,High,29.80487024948475,Warm,38.62237475499832,17.680010885419946,8.11640317535591,2.178
1286,2024-01-03 07:33:00,15.525674036004109,Local,1.7392086442784578,3,Sport,3,High,34.47585500349927,Warm,41.194470897792485,23.04516853403469,8.441002889694419,2.73
1516,2024-01-03 07:34:00,45.09854628095292,Local,0.9374393594901518,1,Eco,3,High,34.418677300803516,Warm,37.70159989007048,24.8575949640358,8.252813502755776,3.012
1466,2024-01-03 07:35:00,11.897533473314873,Local,0.6525499507773178,3,Sport,2,Moderate,11.589018532235476,Mild,35.66600390841262,8.071535159068743,5.460010216546996,1.478
1929,2024-01-03 07:36:00,74.7544853020058,City,-0.5293078350853522,3,Sport,2,Moderate,38.80260489905429,Warm,30.44991734954334,18.35498773825256,9.456226008821616,1.941
1777,2024-01-03 07:37:00,53.62490342405267,City,-0.1571493902391676,1,Eco,1,No Traffic,26.910949592217513,Mild,94.71633054361904,43.043816155542174,7.966319815803292,5.403
1344,2024-01-03 07:38:00,93.3581965885124,Highway,-0.5128750236589132,2,Comfort,3,High,11.65942453056979,Mild,31.535157112492243,42.84488784210757,11.772918634520432,3.639
1641,2024-01-03 07:39:00,26.45645771992438,Local,2.0529961803682983,2,Comfort,3,High,14.8922282773979,Mild,36.352301981242896,24.581787640342487,7.07469438107731,3.475
1381,2024-01-03 07:40:00,19.74792701152019,Local,-1.619997284709601,3,Sport,1,No Traffic,25.920897622666207,Mild,39.70125791846286,37.482388716487456,7.300652610639578,5.134
1778,2024-01-03 07:41:00,48.759867715652135,Local,-2.9656744107482123,2,Comfort,2,Moderate,11.249450933560563,Mild,94.64118985043363,37.702280459450975,7.407876483606444,5.089
1689,2024-01-03 07:42:00,111.19024598620574,Highway,0.9079193833574356,1,Eco,3,High,32.195097040900734,Warm,80.45713068808678,2.3009273453447734,9.234773132085518,0.249
1252,2024-01-03 07:43:00,85.25061780148941,Highway,-1.7852268981670116,3,Sport,1,No Traffic,1.6628629536164343,Mild,83.17595442524117,30.583471220332957,8.527770744979485,3.586
1926,2024-01-03 07:44:00,50.27083497515024,City,2.3406908178588557,1,Eco,3,High,35.84174344199332,Warm,28.380660763079845,40.245875645881505,10.38465850093894,3.876
1055,2024-01-03 07:45:00,62.07266037051727,City,2.1542779782399366,2,Comfort,2,Moderate,8.553888032647407,Mild,86.90479000125373,29.739162983104396,8.745001517204896,3.401
1462,2024-01-03 07:46:00,10.1055613412518,Local,-2.539635768430765,2,Comfort,2,Moderate,1.872075340440892,Mild,52.65544654539344,27.12348451204481,7.130557946493536,3.804
1456,2024-01-03 07:47:00,118.14910756513358,Highway,-2.361669567515536,3,Sport,1,No Traffic,33.61109266507105,Warm,41.0258420969911,26.607664017319003,12.527398173218268,2.124
1982,2024-01-03 07:48:00,79.96887656339027,City,-0.0289704465200024,2,Comfort,1,No Traffic,5.775845752110451,Mild,66.06000668162484,25.446664250300536,9.70403260071797,2.622
1082,2024-01-03 07:49:00,34.2484882156107,Local,0.655335976616128,3,Sport,3,High,32.95280821223206,Warm,85.77463246533871,38.93757807981596,8.128904142151534,4.79
1904,2024-01-03 07:50:00,70.29700730582933,City,-1.3505499751065555,3,Sport,2,Moderate,8.331898155190425,Mild,82.29217208599275,32.15737044315213,8.640069396920692,3.722
1098,2024-01-03 07:51:00,13.137883928279276,Local,1.300786300196224,1,Eco,2,Moderate,37.02389294443705,Warm,91.19979860649056,10.853592849374769,4.861144842500119,2.233
1148,2024-01-03 07:52:00,115.90040025691005,Highway,0.5694961255132291,2,Comfort,1,No Traffic,4.858493791059006,Mild,94.25057488123552,21.72407698579034,10.031581773783389,2.166
1328,2024-01-03 07:53:00,20.97419854600391,Local,-1.051055341508672,2,Comfort,1,No Traffic,-1.865750401759941,Mild,39.049765714219966,26.47839999543212,5.902869101204039,4.486
1155,2024-01-03 07:54:00,77.7636381666257,City,-2.8477710717461067,3,Sport,3,High,37.1439023504075,Warm,53.90863153354174,21.005647778692307,10.295961363667274,2.04
1189,2024-01-03 07:55:00,29.454535504671657,Local,1.5009016877911066,3,Sport,2,Moderate,2.45315840096438,Mild,21.1702831364056,11.9553172684749,7.203056840761912,1.66
1493,2024-01-03 07:56:00,86.1073659178243,Highway,-1.7114780050495038,3,Sport,3,High,37.485964377502384,Warm,90.3457327412048,6.324561711836437,7.248454070275422,0.873
1882,2024-01-03 07:57:00,93.21856406883371,Highway,2.00684246077577,3,Sport,3,High,32.07898075532514,Warm,32.36577211798141,5.953885053114044,10.10818994885014,0.589
1262,2024-01-03 07:58:00,80.81036746937191,Highway,-0.4782584396744687,1,Eco,1,No Traffic,-1.3133574627514255,Mild,88.91798498741554,14.884766378175048,8.702480401170849,1.71
1079,2024-01-03 07:59:00,73.7399352306231,City,0.4624646557905922,2,Comfort,2,Moderate,15.031083952432098,Mild,46.350985758927706,20.192492136349095,8.599818268327521,2.348
1399,2024-01-03 08:00:00,107.0962912742414,Highway,2.2376923824540116,1,Eco,1,No Traffic,-1.6970153839197972,Mild,49.45068719849105,34.17559443937944,11.35331054307679,3.01
1763,2024-01-03 08:01:00,9.435205318770963,Local,2.18173800551972,2,Comfort,3,High,9.84039540753151,Mild,23.130580358708748,49.24735576887995,7.862357199504689,6.264
1608,2024-01-03 08:02:00,39.709771893623426,Local,-0.7708825485385606,1,Eco,3,High,10.817638520799402,Mild,46.15030318122557,44.878061227088374,9.040641759137296,4.964
1259,2024-01-03 08:03:00,29.794497555701515,Local,-1.7466666437109413,3,Sport,2,Moderate,21.98349986474081,Mild,91.06909462410113,40.70351929877719,6.803490138555928,5.983
1771,2024-01-03 08:04:00,118.5616754478506,Highway,1.6508764663715685,1,Eco,2,Moderate,38.91530055294006,Warm,22.04379208972833,40.70542990964434,13.22188611067582,3.079
1614,2024-01-03 08:05:00,46.72677356002482,Local,-0.4015187783872127,1,Eco,2,Moderate,2.639354804840158,Mild,52.50619784373803,29.84364185513704,8.533413490731157,3.497
1551,2024-01-03 08:06:00,87.91352390884785,Highway,-1.8477480386459757,3,Sport,2,Moderate,9.811793413696543,Mild,22.51197038501929,12.712707966266862,8.976049510298113,1.416
1784,2024-01-03 08:07:00,82.16701966572055,Highway,2.426552053902901,3,Sport,1,No Traffic,21.419612239653873,Mild,49.67387400872519,23.649816447477093,9.459320791147992,2.5
1100,2024-01-03 08:08:00,25.449748497285327,Local,-1.8113748345534757,2,Comfort,1,No Traffic,2.7139384893818725,Mild,33.8112512624233,7.213445245991605,6.842618813963158,1.054
1358,2024-01-03 08:09:00,28.67972162538616,Local,-2.8451569908526135,2,Comfort,1,No Traffic,26.98193480164236,Mild,40.17747146146976,28.364887028496035,8.065507897652157,3.517
1379,2024-01-03 08:10:00,33.754147626364094,Local,-2.87832015739548,1,Eco,1,No Traffic,13.164687214886676,Mild,90.20786985291352,1.247736005775708,5.975529255286865,0.209
1819,2024-01-03 08:11:00,49.335273391125504,Local,0.7338921387255857,1,Eco,3,High,37.73075330358927,Warm,54.88393764975128,9.554309601561307,6.301091557545479,1.516
1220,2024-01-03 08:12:00,28.119007878063215,Local,0.970050364305182,1,Eco,1,No Traffic,23.344192534707677,Mild,41.903839312152975,35.643506668700105,6.881673298640063,5.179
1819,2024-01-03 08:13:00,2.3581779296217364,Local,-1.1337497696580965,3,Sport,1,No Traffic,11.338632004454276,Mild,67.14707023604382,13.916928456097011,4.718730392947625,2.949
1419,2024-01-03 08:14:00,105.52716681686346,Highway,-1.0799340645176196,2,Comfort,2,Moderate,27.37629044809391,Mild,31.36855678660659,21.056115903306203,11.306982048994678,1.862
1123,2024-01-03 08:15:00,115.87317976570608,Highway,-0.9630365096403436,1,Eco,3,High,32.74395600954781,Warm,40.75132859366847,41.61984226460595,14.075057945311787,2.957
1421,2024-01-03 08:16:00,40.98844644378816,Local,1.080951280553272,2,Comfort,1,No Traffic,31.02158938132758,Warm,63.69983740823108,2.3234468123395793,5.5791112745237985,0.416
1230,2024-01-03 08:17:00,40.620825531056745,Local,-2.6511972538390287,2,Comfort,3,High,6.824397735790772,Mild,39.00184334784551,1.234428592146905,6.120023890099407,0.202
1689,2024-01-03 08:18:00,0.8510175329245184,Local,2.574698116147954,3,Sport,3,High,13.764250846698658,Mild,74.33021899206986,11.526458754990848,4.3813242261144305,2.631
1062,2024-01-03 08:19:00,81.63008259964488,Highway,-1.664873734935321,3,Sport,3,High,15.347994746372724,Mild,59.31930418076181,34.25372416955372,10.734987864804742,3.191
1484,2024-01-03 08:20:00,99.05278748983544,Highway,2.9980392314525535,1,Eco,3,High,12.4772526477569,Mild,81.75912562037527,11.88242968299259,7.601337398410511,1.563
1627,2024-01-03 08:21:00,17.59299604320038,Local,-1.970863837276878,1,Eco,2,Moderate,8.988861228511787,Mild,95.85956285779748,43.19855050798689,7.26470245397174,5.946
1702,2024-01-03 08:22:00,19.159961924058088,Local,1.6292787438742646,1,Eco,2,Moderate,28.873650967660645,Warm,29.26439114779262,17.65722511881003,6.28258924037361,2.811
1573,2024-01-03 08:23:00,94.80998999657253,Highway,-1.6595247304222498,1,Eco,3,High,-4.449909045582002,Mild,46.77320079876359,14.247208608481378,10.348689822253512,1.377
1767,2024-01-03 08:24:00,73.95488980249736,City,-2.514919190140476,1,Eco,3,High,8.209490298644688,Mild,45.56392503027253,11.722363642396008,9.348442069043518,1.254
1482,2024-01-03 08:25:00,5.3832669153260415,Local,2.249599946103893,2,Comfort,3,High,1.372776563780663,Mild,32.09463354698034,28.741120710043532,7.229118499216789,3.976
1518,2024-01-03 08:26:00,74.70563885547381,City,2.152507555145352,2,Comfort,2,Moderate,0.794619215497625,Mild,84.82425098667767,42.829932746562505,10.216477978840228,4.192
1154,2024-01-03 08:27:00,37.070126741251926,Local,-0.5785776453023921,3,Sport,2,Moderate,7.463140010386537,Mild,80.7902963231032,20.362509196442787,6.142014551592911,3.315
1091,2024-01-03 08:28:00,44.24701865650151,Local,1.214376855242561,3,Sport,3,High,29.296889100177182,Warm,58.75403766675192,12.70059794010987,6.959944495406146,1.825
1981,2024-01-03 08:29:00,92.36777019562562,Highway,0.3423955961035028,2,Comfort,3,High,38.62398410852951,Warm,63.02166222356877,21.10122494214838,9.916355420098723,2.128
1525,2024-01-03 08:30:00,97.31222312071328,Highway,2.1177366820424925,3,Sport,3,High,18.15783099434945,Mild,24.7635310401997,45.24900871423087,10.92567940419022,4.142
1454,2024-01-03 08:31:00,48.04279522077968,Local,-1.1096641840880734,3,Sport,3,High,10.253731790961304,Mild,64.44058818616365,16.793425332181872,7.258772384134493,2.314
1740,2024-01-03 08:32:00,113.65835232076256,Highway,0.1420343999939111,1,Eco,2,Moderate,32.31267098399891,Warm,83.30732192157092,32.821820810024505,10.552577303222948,3.11
1597,2024-01-03 08:33:00,48.775526154248666,Local,-0.0877657727726974,3,Sport,1,No Traffic,-1.980345862928776,Mild,65.90620588670858,16.55400265702859,6.60262862861774,2.507
1644,2024-01-03 08:34:00,92.6203242276132,Highway,-0.8765650424588474,3,Sport,1,No Traffic,-0.8074426154437306,Mild,41.224509609633515,33.77041570403322,10.500929209474457,3.216
1509,2024-01-03 08:35:00,58.06527174771109,City,2.3487303873382332,3,Sport,2,Moderate,10.541484163717,Mild,73.40386178674697,44.06243635959575,9.570977956919783,4.604
1182,2024-01-03 08:36:00,107.70387918265008,Highway,-2.004732452024787,2,Comfort,2,Moderate,15.178382476210793,Mild,48.919074397219816,29.968082766253097,13.218322914105611,2.267
1385,2024-01-03 08:37:00,108.93134923802144,Highway,-2.102948162875823,2,Comfort,1,No Traffic,30.90270411766183,Warm,63.58986274285882,47.377354730118554,11.714809278473515,4.044
1573,2024-01-03 08:38:00,10.490016944530062,Local,0.4614572119365081,1,Eco,1,No Traffic,36.63687727011053,Warm,59.00522906231398,30.115707817030156,7.443880724811878,4.046
1730,2024-01-03 08:39:00,112.37919975722708,Highway,0.944965379909652,3,Sport,1,No Traffic,18.907444074630273,Mild,50.49400007721441,48.74630708307143,13.278318887128602,3.671
1404,2024-01-03 08:40:00,99.06418098244988,Highway,-1.832284474052609,2,Comfort,3,High,17.30401013070737,Mild,77.51023843153081,36.21414924617785,11.611665283372478,3.119
1245,2024-01-03 08:41:00,94.95728571752002,Highway,-0.655695346472255,1,Eco,1,No Traffic,4.585495858556538,Mild,90.71008895887054,32.67413664699096,10.503275101641314,3.111
1741,2024-01-03 08:42:00,24.109360762262693,Local,2.679383057872462,3,Sport,1,No Traffic,15.303169466499249,Mild,20.417001478153995,41.508679716330654,9.76152127069819,4.252
1590,2024-01-03 08:43:00,96.6143050505598,Highway,-1.520295463855956,1,Eco,3,High,36.563990407332035,Warm,94.68932153842938,0.653529550824428,7.9207687137373295,0.083
1660,2024-01-03 08:44:00,102.01592816220442,Highway,1.010164212704364,1,Eco,3,High,12.680479132301716,Mild,60.921210886657995,12.936748235864874,9.668713724209676,1.338
1649,2024-01-03 08:45:00,34.698040134498115,Local,1.440896362185545,3,Sport,2,Moderate,4.480711951043309,Mild,76.05855042906121,10.882922842141951,6.152081482574666,1.769
1470,2024-01-03 08:46:00,114.27120940347884,Highway,-0.311227803209043,2,Comfort,3,High,10.17827631423144,Mild,88.44996529407017,5.633813595656802,9.535486608427068,0.591
1825,2024-01-03 08:47:00,5.98321756789971,Local,2.625155920557498,3,Sport,1,No Traffic,18.156757568582805,Mild,57.36829538514159,46.89555324546792,7.864744557977003,5.963
1887,2024-01-03 08:48:00,17.98911038965676,Local,1.4199404113127423,3,Sport,3,High,21.93632637698069,Mild,86.79792586919122,6.63700636185808,4.745518896643276,1.399
1422,2024-01-03 08:49:00,64.50973656618172,City,-0.2524525208346126,3,Sport,2,Moderate,14.459344583807614,Mild,34.20958555641618,13.215549751210371,9.549868937440554,1.384
1900,2024-01-03 08:50:00,69.09509653467717,City,0.4160112106565639,2,Comfort,1,No Traffic,29.134128079313612,Warm,32.733402758385154,16.824682722105077,7.900553149277682,2.13
1064,2024-01-03 08:51:00,77.41800999610841,City,1.1556806605506038,3,Sport,2,Moderate,21.3004021948018,Mild,72.59770950849229,31.268935405792647,8.951726593702794,3.493
1012,2024-01-03 08:52:00,2.036295517855975,Local,0.5531410825753094,2,Comfort,2,Moderate,24.927166030525928,Mild,89.61144044413898,38.396465733839065,6.66243801146949,5.763
1212,2024-01-03 08:53:00,115.24401295465564,Highway,2.2721855029564555,1,Eco,2,Moderate,33.83135160750537,Warm,91.39409420288317,30.273331999013525,9.931494671902255,3.048
1985,2024-01-03 08:54:00,5.350571128097279,Local,-0.8586680263175932,2,Comfort,3,High,33.95598566226938,Warm,71.49923667017973,37.47282398699799,6.678885157445835,5.611
1241,2024-01-03 08:55:00,17.167434326808287,Local,-1.2006855596651704,1,Eco,3,High,4.157874053594414,Mild,62.0391384167454,20.165997793929407,7.156585417781982,2.818
1492,2024-01-03 08:56:00,1.6817421031268376,Local,-1.7169666630284142,1,Eco,2,Moderate,23.05051351746924,Mild,46.511447015721295,49.78933402226912,8.520187446318538,5.844
1212,2024-01-03 08:57:00,68.02301199529137,City,-2.773302191612429,3,Sport,2,Moderate,27.248838746874704,Mild,98.40003324794652,8.587606989100383,6.4850382602196746,1.324
1692,2024-01-03 08:58:00,111.87202607051668,Highway,-2.741916213719668,2,Comfort,2,Moderate,1.5633828967383003,Mild,45.57565493330004,20.048034419687944,11.134544428216262,1.801
1337,2024-01-03 08:59:00,79.91365992965571,City,2.2203311586556964,1,Eco,2,Moderate,32.92464266765133,Warm,79.53488857852746,41.62593240920667,10.253860944698385,4.06
1996,2024-01-03 09:00:00,98.71889621765128,Highway,1.070358878435444,1,Eco,3,High,3.121143790509908,Mild,62.55854399240006,12.413333867706712,9.365185025577771,1.325
1172,2024-01-03 09:01:00,1.5937444150296098,Local,0.9631944926189168,2,Comfort,3,High,30.967574047368572,Warm,68.68098740202774,37.567066478344834,7.698156338621581,4.88
1671,2024-01-03 09:02:00,65.04183581756713,City,0.6878569136093162,2,Comfort,2,Moderate,2.2659590480552243,Mild,51.47844404709009,18.277591644171306,8.097907913671406,2.257
1163,2024-01-03 09:03:00,55.147557300662626,City,2.095314868164629,1,Eco,3,High,28.38003415649505,Warm,97.18585003777984,8.962054140920058,6.531948027067156,1.372
1464,2024-01-03 09:04:00,59.87615330649517,City,-0.1183984460062355,1,Eco,1,No Traffic,1.6666590498998692,Mild,65.7345860879417,20.22668918567626,7.0333170504578515,2.876
1994,2024-01-03 09:05:00,8.665582240222554,Local,2.222464971349802,2,Comfort,3,High,12.04731898863109,Mild,95.0230104367032,39.260946473148614,5.190292144229725,7.564
1496,2024-01-03 09:06:00,82.13224332831689,Highway,-0.8433298429065648,2,Comfort,2,Moderate,1.4582260062432368,Mild,20.60731329391313,5.686561858731715,8.897573558480435,0.639
1699,2024-01-03 09:07:00,60.386449783036134,City,2.5602450260345435,1,Eco,3,High,7.182179334698336,Mild,65.81364665528967,25.85346748209398,8.198809058024674,3.153
1394,2024-01-03 09:08:00,91.81786198335168,Highway,1.191941880487441,3,Sport,1,No Traffic,39.30316498090681,Warm,77.37495117802172,37.093685263031425,11.157854247081646,3.324
1702,2024-01-03 09:09:00,58.23487608740584,City,-1.4569371838534364,2,Comfort,1,No Traffic,-0.1545954768777342,Mild,79.60641369297744,37.603445027364685,9.647523606286748,3.898
1916,2024-01-03 09:10:00,17.92579634717185,Local,0.3845095301317505,1,Eco,3,High,13.290917188804968,Mild,92.39815054253452,19.54037703411168,4.684751586130442,4.171
1307,2024-01-03 09:11:00,77.79083448933864,City,0.1981833689295333,1,Eco,1,No Traffic,25.46137033984853,Mild,20.3521287203029,23.37527512126815,8.783381956910365,2.661
1767,2024-01-03 09:12:00,20.686363452619947,Local,-2.172607069617996,3,Sport,1,No Traffic,-0.7430643321221382,Mild,20.026412740758115,42.85262073132734,8.926353502407325,4.801
1182,2024-01-03 09:13:00,104.6873476025778,Highway,0.5474574345036847,2,Comfort,3,High,-0.0935155661209981,Mild,57.78107686361722,10.498054189160213,8.447790987569736,1.243
1628,2024-01-03 09:14:00,73.57394868830897,City,-1.1112862576982525,1,Eco,3,High,1.4468292635743571,Mild,22.34349640042965,49.63036413924302,10.337581883152708,4.801
1793,2024-01-03 09:15:00,18.86446602683451,Local,-2.685907399142385,3,Sport,3,High,24.02438701148605,Mild,97.96260429298997,21.01993484546053,5.210719833310194,4.034
1509,2024-01-03 09:16:00,115.48056689774482,Highway,2.691936946239389,2,Comfort,2,Moderate,35.92016130906429,Warm,37.76521396331135,13.845020815322856,12.06773985171687,1.147
1707,2024-01-03 09:17:00,62.20385560023848,City,0.848942214385727,3,Sport,2,Moderate,32.16952542858932,Warm,57.81317834918758,0.2297076412987417,7.0018942907259865,0.033
1545,2024-01-03 09:18:00,8.7478142245986,Local,2.261513591225082,1,Eco,1,No Traffic,39.23748577108713,Warm,24.89101040097789,6.338652895390318,5.770291363393347,1.098
1563,2024-01-03 09:19:00,75.21994852980806,City,1.0563360300795193,3,Sport,1,No Traffic,21.01620480697272,Mild,61.76387329370069,37.84980030919496,9.266106053253694,4.085
1623,2024-01-03 09:20:00,30.38386884153723,Local,-0.8580978471593221,1,Eco,3,High,38.266478707818365,Warm,50.39649001179268,32.49661890679884,7.1455780929729205,4.548
1763,2024-01-03 09:21:00,96.4432142252763,Highway,0.0761284339728685,1,Eco,1,No Traffic,8.722037434695341,Mild,23.5728023101779,12.400669447305903,9.93432934652737,1.248
1593,2024-01-03 09:22:00,98.13864882794287,Highway,1.0544805620830626,3,Sport,3,High,13.967706723072958,Mild,46.80994133569798,46.357455550028355,11.72636074919355,3.953
1743,2024-01-03 09:23:00,117.47368270255944,Highway,2.7615139512086255,3,Sport,2,Moderate,12.821861558475836,Mild,51.31488161782845,41.800831502213505,11.774723276762618,3.55
1226,2024-01-03 09:24:00,60.224343722940446,City,-1.4779832452698212,1,Eco,3,High,-2.8689133874493065,Mild,99.1937193019952,13.53676418408726,5.735129018730635,2.36
1744,2024-01-03 09:25:00,54.594825567328456,City,2.2498623517447065,3,Sport,1,No Traffic,32.33673708432513,Warm,36.63086975355004,16.571384808446854,6.692857640353409,2.476
1732,2024-01-03 09:26:00,90.41707265357768,Highway,2.5444668317656163,2,Comfort,3,High,-3.887681508843411,Mild,63.58236922960798,9.319206475264371,7.636930009148638,1.22
1435,2024-01-03 09:27:00,15.896478761031188,Local,1.0224930879537393,2,Comfort,3,High,27.844431298825526,Mild,98.9852439358903,32.16368655699664,6.6393895569971635,4.844
1924,2024-01-03 09:28:00,65.6298616551749,City,2.587599764408026,3,Sport,3,High,13.31791521948688,Mild,83.36153663521081,35.08675730864245,9.818152042332413,3.574
1421,2024-01-03 09:29:00,65.54971201570211,City,-0.6127284751357891,3,Sport,1,No Traffic,-4.71885277653909,Mild,99.46940007056712,19.854467346760412,7.560275388563164,2.626
1553,2024-01-03 09:30:00,10.736774737246469,Local,2.718097056242657,2,Comfort,3,High,8.047610628825975,Mild,97.46386517281354,36.88421926416613,5.976372094989868,6.172
1020,2024-01-03 09:31:00,50.15809026082963,City,1.216697262995849,1,Eco,3,High,10.575746316347228,Mild,59.16316336753234,49.579175910780144,9.381308108541678,5.285
1553,2024-01-03 09:32:00,102.39417582806423,Highway,-2.7479653954871286,1,Eco,1,No Traffic,38.411611197700694,Warm,75.71006798964527,30.636215545688575,11.017641310284912,2.781
1396,2024-01-03 09:33:00,102.73843463935924,Highway,2.441236990914317,2,Comfort,2,Moderate,24.74855939233552,Mild,28.835450155292087,32.49926440242416,11.731759881981723,2.77
1624,2024-01-03 09:34:00,11.90851979036172,Local,-0.0931631458008448,1,Eco,2,Moderate,19.460721617776315,Mild,55.291906003744145,18.754735039827324,4.7366321511644776,3.96
1104,2024-01-03 09:35:00,10.886505929739702,Local,-0.2380380913330029,3,Sport,1,No Traffic,0.717275389119612,Mild,84.7214833813358,0.6282591241206724,2.15665350867112,0.291
1191,2024-01-03 09:36:00,31.523457240232236,Local,0.3987996358778058,3,Sport,2,Moderate,12.59969527807676,Mild,60.42682567817147,47.700676321372235,7.999069933941257,5.963
1016,2024-01-03 09:37:00,104.97192750647922,Highway,-2.103692719372632,2,Comfort,3,High,-3.39060408798344,Mild,76.21592262537855,38.640000799406685,12.044621802624878,3.208
1119,2024-01-03 09:38:00,15.468310208819872,Local,-0.185003708595608,2,Comfort,1,No Traffic,29.275843831256545,Warm,79.66010639874216,34.80884950106299,6.661174801555491,5.226
1392,2024-01-03 09:39:00,86.39961631529356,Highway,1.9867633003064744,2,Comfort,3,High,2.324951598718653,Mild,40.27753129943151,1.5875467834969093,8.547794332655092,0.186
1424,2024-01-03 09:40:00,12.139874353572386,Local,-2.907105245174908,2,Comfort,3,High,21.749606542588047,Mild,90.05594983540524,37.97470603329978,6.6324723250963835,5.726
1128,2024-01-03 09:41:00,74.77654244973904,City,-1.3624970380537722,1,Eco,1,No Traffic,26.472619221534337,Mild,56.78579447273432,33.53720372716584,9.966897615153998,3.365
1129,2024-01-03 09:42:00,42.728075894297376,Local,-2.985272481336935,1,Eco,3,High,11.492910746814353,Mild,36.8148082897235,28.488415391596643,9.936462667102164,2.867
1571,2024-01-03 09:43:00,94.66967555590404,Highway,-0.50573214510091,1,Eco,1,No Traffic,23.46669184447488,Mild,89.2332705430755,31.21767541039389,9.747812672515998,3.203
1559,2024-01-03 09:44:00,28.042853859043632,Local,1.369893062962408,3,Sport,3,High,29.39047877410071,Warm,53.425504488500295,45.92647091430359,10.028589022574968,4.58
1028,2024-01-03 09:45:00,76.70421952679519,City,1.792630974687771,3,Sport,2,Moderate,3.2855707797694684,Mild,80.02499507037757,0.4338506930076538,7.674203444033967,0.057
1096,2024-01-03 09:46:00,28.281904149106193,Local,2.671138566762039,2,Comfort,3,High,22.038714797686815,Mild,63.842645777727434,7.932910894830646,5.821379554185194,1.363
1009,2024-01-03 09:47:00,85.63923397345846,Highway,0.651027677824719,2,Comfort,3,High,28.0247410948391,Warm,50.54974017876003,44.74838412372594,9.733866842263136,4.597
1241,2024-01-03 09:48:00,104.84136414728984,Highway,-1.4722388000826272,1,Eco,1,No Traffic,11.067164023748166,Mild,84.79011320308555,0.5097122585271595,9.008059063366158,0.057
1825,2024-01-03 09:49:00,15.216215895211205,Local,2.5448876948201935,1,Eco,2,Moderate,2.312102115244536,Mild,66.75759453156904,45.19144352966632,8.634908148668998,5.234
1955,2024-01-03 09:50:00,103.99148263146044,Highway,1.651894523282257,1,Eco,3,High,7.875220950599056,Mild,51.24496819416254,1.5786294071695444,8.919352697828353,0.177
1231,2024-01-03 09:51:00,71.22903052971576,City,0.4465708980188672,2,Comfort,3,High,36.9883600077923,Warm,28.76782962681016,38.988955528706086,10.339773960007768,3.771
1788,2024-01-03 09:52:00,15.253258904042877,Local,1.1738412943136156,1,Eco,2,Moderate,11.085157964467168,Mild,91.63562510133664,44.55706823584006,6.870317800299005,6.485
1283,2024-01-03 09:53:00,51.30502264316544,City,2.5458981300445753,2,Comfort,2,Moderate,-0.1534735508503084,Mild,22.83756682733333,30.665110201972453,9.423751513998484,3.254
1714,2024-01-03 09:54:00,19.303235218211743,Local,1.2743641708375302,2,Comfort,2,Moderate,-1.2773071557802007,Mild,89.0549878694445,32.10790853214785,7.770311332716629,4.132
1758,2024-01-03 09:55:00,84.04174666398833,Highway,-0.789752954491596,3,Sport,2,Moderate,3.1222779584729707,Mild,48.79692199065243,2.623130223290977,8.1687093423057,0.321
1801,2024-01-03 09:56:00,91.06417613015395,Highway,1.2781692137345804,3,Sport,2,Moderate,0.7380551060388276,Mild,71.14710108011246,10.623471810465194,9.053077415916167,1.173
1775,2024-01-03 09:57:00,12.695582432735875,Local,-2.758331023587673,2,Comfort,3,High,17.276964698071133,Mild,93.77597790685482,44.98364172780089,6.526293278914461,6.893
1954,2024-01-03 09:58:00,60.73678232335732,City,-0.6815066290165124,1,Eco,2,Moderate,10.6398149879024,Mild,32.13652924031187,41.20342952975339,8.49741011821849,4.849
1725,2024-01-03 09:59:00,97.75500672311006,Highway,-0.5620618089265244,2,Comfort,2,Moderate,32.86325446074689,Warm,65.35603805110482,3.071428985057565,7.650181972367486,0.401
1199,2024-01-03 10:00:00,112.33956498611958,Highway,-1.998970593474992,2,Comfort,3,High,34.648533959404794,Warm,81.15462898961536,40.6679570390314,11.373428995197829,3.576
1944,2024-01-03 10:01:00,61.6221440090124,City,-2.861487116689379,2,Comfort,1,No Traffic,16.29757245495009,Mild,80.6067066175246,21.231876916596413,6.716770240321433,3.161
1078,2024-01-03 10:02:00,114.03350683336885,Highway,-2.199712580173543,2,Comfort,3,High,34.98371970540675,Warm,62.05055316796032,28.08006111580788,10.263787519869828,2.736
1912,2024-01-03 10:03:00,64.28267645472357,City,0.9277289747823304,3,Sport,1,No Traffic,15.270773742895445,Mild,69.97915679251665,5.509432352824908,7.740167736800593,0.712
1955,2024-01-03 10:04:00,47.30285935198896,Local,1.813732898182125,3,Sport,2,Moderate,23.888295577541136,Mild,80.60215953062756,19.992337552875327,6.098177927202117,3.278
1854,2024-01-03 10:05:00,101.78437542634744,Highway,2.9292209563618448,2,Comfort,1,No Traffic,2.314067469148787,Mild,87.28221102059294,21.802034647169577,8.86406599982643,2.46
1855,2024-01-03 10:06:00,59.157925254970685,City,-0.921818981349034,3,Sport,3,High,-2.6337847180156033,Mild,80.94504775006911,33.50746842929461,7.742205397874202,4.328
1172,2024-01-03 10:07:00,56.62830126774276,City,0.5962753335666102,3,Sport,1,No Traffic,2.203832938215881,Mild,48.32039545449941,32.91101163666107,6.674405280821846,4.931
1466,2024-01-03 10:08:00,58.837498729179394,City,2.622869800890731,1,Eco,1,No Traffic,6.333035613043288,Mild,99.73811208461863,27.488836569948862,7.900065095998963,3.48
1580,2024-01-03 10:09:00,101.61420022436944,Highway,-1.9977493119710843,3,Sport,1,No Traffic,28.79418518681554,Warm,54.76021549754435,1.6691547381109693,9.256176077796392,0.18
1415,2024-01-03 10:10:00,99.83298500256626,Highway,1.3058735180564565,3,Sport,2,Moderate,2.8077359107661763,Mild,21.957176220714672,8.158903135750792,8.780312730259526,0.929
1939,2024-01-03 10:11:00,48.422399092825344,Local,1.5298723988949794,2,Comfort,3,High,0.8794612991214414,Mild,49.00935612683696,8.097431717437734,6.594905160815781,1.228
1448,2024-01-03 10:12:00,39.995983184463,Local,-2.4661467847839695,3,Sport,1,No Traffic,36.74242206082519,Warm,30.222636365907466,44.39784838393813,10.493515679935763,4.231
1086,2024-01-03 10:13:00,59.03136288469551,City,2.1674963110983905,3,Sport,2,Moderate,25.996109005477383,Mild,29.71540925827,45.09531278918781,11.87162441131521,3.799
1100,2024-01-03 10:14:00,68.73270116845308,City,1.8786302826650632,3,Sport,3,High,16.298751357772623,Mild,42.52280320855155,40.34426291688734,11.502115659962268,3.508
1007,2024-01-03 10:15:00,28.600465275359635,Local,-2.7995819605353933,2,Comfort,3,High,-0.7264223052908649,Mild,24.270039534180867,8.826480595704627,7.6391255690751665,1.155
1844,2024-01-03 10:16:00,95.27461016587088,Highway,-2.4534935107196914,2,Comfort,3,High,33.33059102071103,Warm,75.08097507276504,42.02356603259572,11.315825566037269,3.714
1199,2024-01-03 10:17:00,58.377931887890746,City,-2.705238636648886,3,Sport,3,High,-0.1283706145011001,Mild,25.919110736152405,9.460960240754304,7.203462152580542,1.313
1504,2024-01-03 10:18:00,40.08546581039515,Local,-0.9915388092038268,2,Comfort,2,Moderate,22.49709392842851,Mild,36.263164434876494,27.776071773114836,7.797638156872221,3.562
1086,2024-01-03 10:19:00,12.818519155678874,Local,0.0557339440795567,2,Comfort,3,High,25.04544216796691,Mild,27.431977159529552,36.72043011035881,6.965973306258247,5.271
1042,2024-01-03 10:20:00,28.661419248432832,Local,0.1940863677277731,1,Eco,1,No Traffic,13.006246231749426,Mild,25.053418472242484,2.672894172232864,6.4931253961218705,0.412
1384,2024-01-03 10:21:00,113.91374061071804,Highway,-1.393999441383344,3,Sport,3,High,36.00475262520588,Warm,41.420133243163335,29.936672821382377,11.80152847329188,2.537
1620,2024-01-03 10:22:00,36.61196241834319,Local,2.4695813193616445,1,Eco,3,High,-2.7184724730941268,Mild,65.7519174128296,12.63156267717311,6.799512425174094,1.858
1434,2024-01-03 10:23:00,20.263114724044236,Local,-0.7904232607685211,3,Sport,2,Moderate,31.815260760941015,Warm,97.17484451574734,24.943038067472823,4.5458940154609255,5.487
1407,2024-01-03 10:24:00,55.280734998599186,City,-2.726699064207885,3,Sport,1,No Traffic,19.92074792161899,Mild,90.0445323479685,19.25672265607043,7.228597199543894,2.664
1482,2024-01-03 10:25:00,36.85052920322984,Local,-1.1986373307516818,1,Eco,1,No Traffic,22.50416759834271,Mild,90.074714035626,34.360266737138275,7.360512272654538,4.668
1663,2024-01-03 10:26:00,4.219110032543298,Local,0.1866565352649329,1,Eco,2,Moderate,39.40715031170576,Warm,34.08536288301261,24.510597551792415,6.065027240135147,4.041
1016,2024-01-03 10:27:00,38.77742607353007,Local,-0.5506690644706076,3,Sport,2,Moderate,21.219151140302017,Mild,41.19257547982561,15.151348440904345,6.704461981068952,2.26
1644,2024-01-03 10:28:00,65.29303487273623,City,-1.356944885404445,1,Eco,1,No Traffic,30.866259350307686,Warm,26.111465343624456,45.52690134315755,10.380540491438865,4.386
1147,2024-01-03 10:29:00,66.20548464239603,City,-2.2120605014140953,1,Eco,1,No Traffic,1.908884457389684,Mild,82.2774671932148,47.956775770523166,10.956898549681284,4.377
1276,2024-01-03 10:30:00,42.78707054122664,Local,1.914987000577378,2,Comfort,3,High,31.4180316449418,Warm,25.585304118844956,40.11519166325927,9.830079806399269,4.081
1231,2024-01-03 10:31:00,53.67633075031208,City,2.9768714527451507,3,Sport,2,Moderate,29.24828082508749,Warm,64.53565366566826,29.078975699911435,8.01900099185891,3.626
1825,2024-01-03 10:32:00,115.86215018817197,Highway,-1.0227471988567076,2,Comfort,1,No Traffic,38.56495330154582,Warm,39.830045785916056,44.23158424446046,12.059867766722649,3.668
1926,2024-01-03 10:33:00,45.28181726763739,Local,-0.7102737349403765,3,Sport,1,No Traffic,37.10697857361942,Warm,39.47565072229958,30.1234971632944,7.25388708289075,4.153
1365,2024-01-03 10:34:00,30.987217591197957,Local,0.7082251480617421,2,Comfort,2,Moderate,4.629394548013247,Mild,99.25800441980842,7.526621750662565,5.772144918706597,1.304
1227,2024-01-03 10:35:00,29.216045288011216,Local,1.3106488484132477,3,Sport,2,Moderate,15.921990816894766,Mild,80.54238455828299,0.969626095953254,5.249141955863587,0.185
1650,2024-01-03 10:36:00,54.9317535244961,City,-0.6478227911784522,2,Comfort,1,No Traffic,36.0167430177784,Warm,86.955148663284,36.32313689382051,7.515309746666917,4.833
1435,2024-01-03 10:37:00,91.14241784603328,Highway,2.4295771018908914,3,Sport,2,Moderate,23.834428136844007,Mild,65.75861482752101,37.64902290445536,10.882053239522294,3.46
1398,2024-01-03 10:38:00,24.718582102616782,Local,0.3600239353735102,2,Comfort,1,No Traffic,15.866517742279155,Mild,89.68114299149994,46.29871675445666,7.764347492135589,5.963
1210,2024-01-03 10:39:00,85.11553525689217,Highway,-0.2976595415644141,1,Eco,1,No Traffic,-0.0977557279626175,Mild,71.63924313330824,41.22945206505869,10.953091547800655,3.764
1390,2024-01-03 10:40:00,2.5379788019299543,Local,0.8800365189594306,3,Sport,3,High,10.82909052563033,Mild,95.69389638370762,32.01516024358624,5.1667776370950635,6.196
1498,2024-01-03 10:41:00,50.27195735807352,City,2.7168230894950387,1,Eco,3,High,24.93579771191106,Mild,42.50708688365094,9.596141431771269,6.428857525041456,1.493
1539,2024-01-03 10:42:00,93.10380782433442,Highway,1.7673137665302328,2,Comfort,2,Moderate,29.961151687772364,Warm,67.6255636626316,29.743119082081705,10.92865961925856,2.722
1562,2024-01-03 10:43:00,40.64795469293177,Local,-2.759921216789254,3,Sport,2,Moderate,15.122511130416369,Mild,75.21050783495137,21.790789377921076,9.066741533716002,2.403
1490,2024-01-03 10:44:00,67.64845217344794,City,-1.0061405355602422,2,Comfort,1,No Traffic,-2.4869978145012666,Mild,51.43498440222453,11.682212616334782,7.482438127309715,1.561
1441,2024-01-03 10:45:00,24.597507939109295,Local,-0.1767318902926637,2,Comfort,3,High,23.49274820212887,Mild,90.37663859232426,39.976542470842816,7.641941065519444,5.231
1260,2024-01-03 10:46:00,89.03944693514067,Highway,-1.1128945667453685,1,Eco,2,Moderate,36.471387650119745,Warm,98.38425304833235,7.5628387123058705,8.45113160182583,0.895
1772,2024-01-03 10:47:00,6.273492392251154,Local,1.2011253649827394,3,Sport,1,No Traffic,17.33848370074675,Mild,59.501559309812926,31.553924766986363,6.943491957236682,4.544
1349,2024-01-03 10:48:00,102.30511738506004,Highway,1.9576148991754865,2,Comfort,3,High,36.77911155801818,Warm,51.251252384347126,30.57662048310884,11.487186944775342,2.662
1351,2024-01-03 10:49:00,23.783566370600177,Local,1.38807057111163,1,Eco,1,No Traffic,10.934532564814388,Mild,57.7550342845167,15.250333336709762,5.378066286736056,2.836
1519,2024-01-03 10:50:00,104.92776380499969,Highway,2.935999720969652,1,Eco,3,High,34.886459647138864,Warm,88.21893965855453,21.519033138383232,10.739179626966244,2.004
1319,2024-01-03 10:51:00,42.30350895606208,Local,-1.3647141126418254,1,Eco,1,No Traffic,30.38528886844827,Warm,71.6374740414534,5.916929479587937,5.635104669280907,1.05
1137,2024-01-03 10:52:00,86.72202893693839,Highway,2.2499369701465284,1,Eco,3,High,38.278369747300125,Warm,23.58178980144761,1.374092593301305,9.360760775256953,0.147
1549,2024-01-03 10:53:00,38.30703573434262,Local,1.599735991046917,2,Comfort,1,No Traffic,30.59595558446926,Warm,63.373592835657185,0.7496377577651544,5.343880620460042,0.14
1622,2024-01-03 10:54:00,108.7094005481577,Highway,-0.8269274546511234,2,Comfort,1,No Traffic,9.46658873337109,Mild,21.384009819277587,8.79869704476792,10.585311507159116,0.831
1991,2024-01-03 10:55:00,15.196455062204922,Local,1.4047472619418118,2,Comfort,2,Moderate,35.52553872846929,Warm,82.28282968027244,43.36195609689624,7.44896720434477,5.821
1367,2024-01-03 10:56:00,21.422374712711843,Local,-2.3755442614905182,3,Sport,3,High,25.137898440751258,Mild,46.2649818833971,26.178176055031894,6.038607358356716,4.335
1219,2024-01-03 10:57:00,59.16361501905627,City,1.7360008940433138,3,Sport,3,High,2.2931196583556748,Mild,57.760598569386346,5.944086041649463,7.159738314017725,0.83
1336,2024-01-03 10:58:00,9.832612684577535,Local,0.1939836155226157,1,Eco,2,Moderate,-2.931571411728793,Mild,83.89424847261056,45.28420472785941,6.946252635325308,6.519
1222,2024-01-03 10:59:00,23.51762216421143,Local,-1.246258963744481,2,Comfort,2,Moderate,11.463052186672837,Mild,23.715905382860925,28.487549493993445,7.196842372254399,3.958
1647,2024-01-03 11:00:00,113.25196586544172,Highway,0.9346638107050808,1,Eco,1,No Traffic,30.408886737925485,Warm,32.68332284732884,1.4914878771367115,10.087974387786938,0.148
1767,2024-01-03 11:01:00,117.17875933774646,Highway,0.8497199922864542,2,Comfort,3,High,22.819656795111367,Mild,51.83683011560919,38.1601728605613,13.21304187966725,2.888
1359,2024-01-03 11:02:00,45.151119519650635,Local,-1.7430826636824015,3,Sport,1,No Traffic,18.72072218782039,Mild,38.39401308364485,23.72441414448951,7.866299137899775,3.016
1920,2024-01-03 11:03:00,110.79432252167229,Highway,-2.8176155111308434,1,Eco,1,No Traffic,-4.832256443438383,Mild,47.03211406200505,26.689872026788372,12.1236561802333,2.201
1328,2024-01-03 11:04:00,65.3789610808118,City,-0.3982644785899567,2,Comfort,1,No Traffic,14.597531594443408,Mild,99.8539790313972,30.700020095452903,7.805392997335802,3.933
1961,2024-01-03 11:05:00,32.369095904852045,Local,0.4170712160665273,2,Comfort,2,Moderate,2.097552492636197,Mild,86.03315500590486,4.813074678894213,4.496304373249061,1.07
1462,2024-01-03 11:06:00,84.28784652967184,Highway,2.259631670223591,2,Comfort,3,High,15.455532870093451,Mild,90.71214519680868,47.39223529127168,10.246947280472773,4.625
1945,2024-01-03 11:07:00,79.06821678898287,City,2.5693007738855664,1,Eco,2,Moderate,39.62966448945264,Warm,94.96437068526204,12.84408380963654,6.680837104837359,1.923
1962,2024-01-03 11:08:00,118.695038293048,Highway,0.1728313089405984,3,Sport,2,Moderate,34.5792470403968,Warm,47.27487042513565,31.129427905751665,11.469649189256756,2.714
1560,2024-01-03 11:09:00,31.805674489113997,Local,1.5228209026112696,2,Comfort,3,High,8.978377184796148,Mild,43.76615662371782,42.79259202286708,8.360928713164276,5.118
1803,2024-01-03 11:10:00,80.64714031940825,Highway,-0.3641803660320182,1,Eco,3,High,21.70783268333193,Mild,38.72499940576599,16.662684998708926,8.493690057766445,1.962
1381,2024-01-03 11:11:00,6.242850603533627,Local,1.4764929394373585,2,Comfort,2,Moderate,17.594285503626296,Mild,86.40935290464981,31.41489269489769,5.961828685776296,5.269
1835,2024-01-03 11:12:00,13.63752464360633,Local,-1.7711908503649985,1,Eco,2,Moderate,0.8521152346607268,Mild,74.3641489828148,49.44496962351212,8.460886129689529,5.844
1589,2024-01-03 11:13:00,0.4702049941311914,Local,-0.7736115911788115,3,Sport,2,Moderate,39.541293211683296,Warm,38.893758598630185,42.60478090094656,7.618049361408673,5.593
1616,2024-01-03 11:14:00,119.93528172716076,Highway,0.8053679928816888,2,Comfort,3,High,14.132882047598088,Mild,50.15950633683639,38.98630571050018,12.44984587981752,3.131
1168,2024-01-03 11:15:00,96.27284365769734,Highway,-2.891052206357527,1,Eco,3,High,17.75465666823232,Mild,60.53694111462386,22.021080039010535,9.38426938251468,2.347
1216,2024-01-03 11:16:00,94.4067617680249,Highway,1.3347678620337238,2,Comfort,1,No Traffic,24.141969053992295,Mild,62.251204581900296,22.618350019232196,8.865585848234456,2.551
1377,2024-01-03 11:17:00,61.16712903458156,City,2.013213007609001,1,Eco,3,High,3.6195039908778064,Mild,91.09821828413718,24.328440685563734,6.72247715807717,3.619
1118,2024-01-03 11:18:00,36.00804994865279,Local,-0.6051500334362911,3,Sport,2,Moderate,5.000197106182135,Mild,50.445290635777305,34.55253778253593,7.370721056450106,4.688
1189,2024-01-03 11:19:00,18.15171413552111,Local,-0.3123454969370138,3,Sport,3,High,3.665129133839683,Mild,92.681922440041,7.302427619155824,3.916894003259952,1.864
1766,2024-01-03 11:20:00,34.16096866157564,Local,2.107693273299186,1,Eco,3,High,12.300949455993775,Mild,55.30940482558317,43.06529844525486,9.671382898411046,4.453
1369,2024-01-03 11:21:00,45.116546631496696,Local,1.6539278119562004,3,Sport,3,High,3.9854630405974145,Mild,79.7098139833883,1.0021443047404142,5.591899605629249,0.179
1777,2024-01-03 11:22:00,90.7572116376353,Highway,-1.27110306579975,2,Comfort,2,Moderate,36.68781855740752,Warm,94.42034559880447,8.582657671262634,7.657048767720149,1.121
1148,2024-01-03 11:23:00,64.75941466837828,City,-1.0561433606307662,3,Sport,1,No Traffic,27.144132085760837,Mild,92.6060563170613,24.142536184918313,8.25866920260207,2.923
1675,2024-01-03 11:24:00,9.298035186657923,Local,1.0732693943435798,2,Comfort,1,No Traffic,35.40260061503392,Warm,24.556229383654493,12.680635282675656,4.7329929251435034,2.679
1651,2024-01-03 11:25:00,2.163481075069469,Local,0.3791885546889673,3,Sport,2,Moderate,33.18178586395892,Warm,36.456343598125585,18.34252675431614,5.369499014441643,3.416
1858,2024-01-03 11:26:00,12.279861544087575,Local,-2.0266225734210184,3,Sport,2,Moderate,26.64183782035442,Mild,58.15243404258201,16.69589628767795,5.051384324262562,3.305
1487,2024-01-03 11:27:00,49.25984564368552,Local,-1.1404205446250015,2,Comfort,1,No Traffic,5.923578508382169,Mild,54.52434319624858,13.52134016097997,5.63749518664674,2.398
1769,2024-01-03 11:28:00,111.9831500458822,Highway,2.3998996612719248,3,Sport,2,Moderate,22.689348892890784,Mild,71.27133318697656,19.07579016600529,11.165304331422734,1.708
1373,2024-01-03 11:29:00,76.48829774510659,City,1.1290466203335807,2,Comfort,3,High,3.3834487285870303,Mild,95.57672406603298,25.31388963220837,7.825705410597817,3.235
1780,2024-01-03 11:30:00,96.2191079850618,Highway,2.915845906113117,2,Comfort,3,High,0.961422182962492,Mild,28.992376902235904,23.870304185741062,10.484234408891082,2.277
1692,2024-01-03 11:31:00,55.964951340545824,City,1.602075179884617,3,Sport,1,No Traffic,23.465885887867284,Mild,56.14869321073924,40.61492741642656,9.223084458961484,4.404
1159,2024-01-03 11:32:00,43.39992998340514,Local,2.651846592861541,3,Sport,3,High,23.108151709223947,Mild,35.39288303097115,15.476438497857751,7.210125760943558,2.146
1350,2024-01-03 11:33:00,13.008044725994727,Local,-1.7028685567771475,2,Comfort,1,No Traffic,2.0479963908769747,Mild,91.5286078718358,14.167332707736392,4.897763139133275,2.893
1911,2024-01-03 11:34:00,105.1119626623446,Highway,1.6289092489015546,1,Eco,2,Moderate,10.859246385156917,Mild,97.16641486413222,25.27199463244098,10.50011692192592,2.407
1287,2024-01-03 11:35:00,93.97920348334834,Highway,-2.8786948791132154,3,Sport,1,No Traffic,-2.0173471764426916,Mild,58.29613455122801,2.4919238781807387,9.129258067751053,0.273
1287,2024-01-03 11:36:00,20.174171711727013,Local,1.0245601302692036,3,Sport,1,No Traffic,27.207990115872356,Mild,28.32082381825126,5.679333643862539,5.750894131876491,0.988
1891,2024-01-03 11:37:00,61.47126766515126,City,-0.1843063312785515,1,Eco,3,High,39.437304312889474,Warm,82.82357333781385,40.174090597354606,8.413244195035924,4.775
1225,2024-01-03 11:38:00,58.48497695054939,City,-0.9194395684795884,1,Eco,1,No Traffic,28.29577699412654,Warm,75.77130803939193,24.736102147177952,7.414833597277294,3.336
1522,2024-01-03 11:39:00,75.01098632238343,City,2.1744261137585346,3,Sport,1,No Traffic,32.98684763089486,Warm,48.37366612882484,3.4201155619453023,6.309307976495355,0.542
1521,2024-01-03 11:40:00,113.54242727895137,Highway,2.125606155945184,3,Sport,1,No Traffic,16.435445902812372,Mild,90.99259791751707,22.07510790588893,9.836535323008674,2.244
1782,2024-01-03 11:41:00,69.57257301149755,City,-2.8661897706081385,3,Sport,2,Moderate,-0.6987163474962355,Mild,98.06655118261658,19.973392013602588,7.443496474720487,2.683
1272,2024-01-03 11:42:00,64.82607201343423,City,0.657030734696586,1,Eco,3,High,27.697293512738632,Mild,64.62830793041563,12.382110642618288,9.22674230797155,1.342
1935,2024-01-03 11:43:00,6.038751952159673,Local,-0.7930066540742615,3,Sport,3,High,6.5434090058866605,Mild,65.25823290754339,18.66795194253901,4.9186932466098146,3.795
1401,2024-01-03 11:44:00,7.548897122162872,Local,-0.5060339909973051,1,Eco,1,No Traffic,12.473227896588831,Mild,43.80108040910223,9.498934614282565,3.855103313372144,2.464
1182,2024-01-03 11:45:00,22.481614959214667,Local,1.9922444353126556,1,Eco,1,No Traffic,26.63946624828295,Mild,66.76048287866513,22.508072306890817,5.840545597852547,3.854
1968,2024-01-03 11:46:00,3.8964926030097935,Local,-1.1409613708339303,2,Comfort,2,Moderate,35.715303678801206,Warm,55.171385641987726,20.485552763823694,4.887325011302765,4.192
1664,2024-01-03 11:47:00,89.20234746840148,Highway,2.6582928638257206,1,Eco,3,High,16.881207204966238,Mild,44.17528215424415,30.41426748102232,11.20696986524105,2.714
1487,2024-01-03 11:48:00,86.79963647927558,Highway,-1.9221970417671552,2,Comfort,3,High,38.27225078930477,Warm,25.374815721912107,47.11100046338065,11.790440154245143,3.996
1826,2024-01-03 11:49:00,16.326748131797153,Local,0.9763345402090664,1,Eco,1,No Traffic,18.395658773230185,Mild,40.21662877672999,9.354579233309355,5.987728228313665,1.562
1845,2024-01-03 11:50:00,100.32946809543373,Highway,1.0326304020825887,1,Eco,2,Moderate,0.5129701808413287,Mild,35.828371974213155,20.930302493930068,11.239712930159506,1.862
1123,2024-01-03 11:51:00,18.57432418153344,Local,-1.4868290314324908,2,Comfort,2,Moderate,18.32951856214288,Mild,63.36335876431591,28.154804533316927,5.933342339943998,4.745
1984,2024-01-03 11:52:00,36.141070439683055,Local,-1.051496346196788,2,Comfort,1,No Traffic,33.728246767208525,Warm,68.13360174108752,27.394863068632723,7.599449478469549,3.605
1625,2024-01-03 11:53:00,29.877227899363803,Local,2.0087909554796424,2,Comfort,1,No Traffic,19.212030990594396,Mild,68.68573794448132,33.10089746068212,7.252311090769276,4.564
1789,2024-01-03 11:54:00,44.676851828765734,Local,1.5708315297297144,2,Comfort,1,No Traffic,28.648990653808777,Warm,51.054480083654326,13.469725923009308,6.55671511623086,2.054
1413,2024-01-03 11:55:00,30.559651906795423,Local,-1.0254247181114426,2,Comfort,1,No Traffic,19.658092533604393,Mild,53.69837869483968,31.76408456425257,5.986484761812808,5.306
1979,2024-01-03 11:56:00,58.674111172614246,City,0.2037392816096033,2,Comfort,1,No Traffic,19.572455216780515,Mild,86.7390743712512,10.138390147677542,5.758374111631579,1.761
1724,2024-01-03 11:57:00,48.88894576256225,Local,-2.629918222481427,2,Comfort,2,Moderate,7.814240558376937,Mild,58.098625081372994,6.360231737956044,7.553989478315814,0.842
1171,2024-01-03 11:58:00,118.3883388935192,Highway,-1.7475247056082246,1,Eco,2,Moderate,4.056721805008598,Mild,99.0218665709698,41.599085511262615,11.099036320222506,3.748
1287,2024-01-03 11:59:00,6.71116201538708,Local,-0.0850766468376056,1,Eco,1,No Traffic,7.551345813009423,Mild,55.16937840070919,23.739621388442735,6.238372540097466,3.805
1434,2024-01-03 12:00:00,17.061765166482196,Local,-2.4841575883247304,2,Comfort,1,No Traffic,14.837705091571593,Mild,71.96647556942712,19.92413857025289,6.9730783072396685,2.857
1685,2024-01-03 12:01:00,6.339107269032298,Local,2.059994129351625,3,Sport,3,High,31.431554981801423,Warm,24.029039919471664,46.43288053188217,7.932240147203319,5.854
1112,2024-01-03 12:02:00,75.10094339788509,City,1.3080372606458877,2,Comfort,2,Moderate,32.304599828673716,Warm,72.26719395350486,35.51689368615813,9.47239358868603,3.75
1887,2024-01-03 12:03:00,6.54111328964635,Local,2.661802023890969,3,Sport,2,Moderate,2.3520017232723127,Mild,88.11411155320049,33.88872574391947,5.290204221791519,6.406
1916,2024-01-03 12:04:00,100.3727684851348,Highway,1.1608014357841627,1,Eco,1,No Traffic,19.87847113694388,Mild,95.3966270826637,9.793560382347383,8.706081745570788,1.125
1994,2024-01-03 12:05:00,61.432635681831336,City,2.6424082335731134,1,Eco,2,Moderate,13.72124753335426,Mild,99.78564893118164,10.54198461895103,7.122869364533861,1.48
1121,2024-01-03 12:06:00,63.24091494978405,City,0.3270753341457899,3,Sport,2,Moderate,20.69210765371735,Mild,42.57429165193865,24.20675765815663,9.237809936017296,2.62
1543,2024-01-03 12:07:00,67.39134092546331,City,0.6013116663718163,1,Eco,2,Moderate,24.143052415766196,Mild,66.02960518605735,32.64995805573808,10.068201847522184,3.243
1221,2024-01-03 12:08:00,20.497644756745288,Local,2.8618263277575657,2,Comfort,3,High,7.582539672348517,Mild,56.05743884257179,19.824098789043585,6.384734683576825,3.105
1630,2024-01-03 12:09:00,23.722836373738502,Local,0.852774881185562,3,Sport,2,Moderate,36.36590718737162,Warm,65.10539844601368,3.3028448631143297,5.122016912890608,0.645
1038,2024-01-03 12:10:00,38.25807874476056,Local,-2.81528058683552,3,Sport,1,No Traffic,37.09516697509079,Warm,32.59623657518773,34.18314368954191,8.406925773195905,4.066
1496,2024-01-03 12:11:00,71.21956989862217,City,1.3428166597831392,1,Eco,2,Moderate,-0.2589015852824454,Mild,88.49196580767531,38.7101877518679,8.807811847029981,4.395
1779,2024-01-03 12:12:00,25.214133112825746,Local,2.4328121528244937,3,Sport,2,Moderate,26.635831650229857,Mild,92.765515467567,47.22069358071457,8.15212316657824,5.792
1232,2024-01-03 12:13:00,13.959807255991349,Local,1.7734814987659595,3,Sport,3,High,-3.5045572237273213,Mild,55.972933049033806,20.497509458244675,6.7593735360464136,3.032
1942,2024-01-03 12:14:00,116.41402637021186,Highway,0.5029996357525359,3,Sport,2,Moderate,-2.9046290941722033,Mild,42.43438892588615,12.976597967468136,11.185162908248254,1.16
1529,2024-01-03 12:15:00,2.6378177771547495,Local,1.0278210785610984,1,Eco,3,High,38.10099613373598,Warm,31.266674212240986,46.297819472643866,8.686454650144436,5.33
1148,2024-01-03 12:16:00,96.3236886403226,Highway,2.94115073551003,3,Sport,3,High,26.2683910691642,Mild,74.70118598222436,35.78542819470324,10.206299501720714,3.506
1396,2024-01-03 12:17:00,94.56421794900264,Highway,-2.45602746894397,3,Sport,3,High,9.604373343162246,Mild,44.97854716965882,3.292916499088419,9.90719566786036,0.332
1660,2024-01-03 12:18:00,35.66569366141152,Local,1.0034689717994372,2,Comfort,2,Moderate,25.14449504856508,Mild,92.7630855930711,29.043364295845397,6.592068449350117,4.406
1637,2024-01-03 12:19:00,16.27519392087761,Local,-1.299613832576437,2,Comfort,1,No Traffic,33.06257727941566,Warm,73.6809979875896,1.523480304873927,5.047902231985146,0.302
1903,2024-01-03 12:20:00,17.47543760465081,Local,0.8405423795170206,3,Sport,1,No Traffic,34.190656438508675,Warm,71.65482601393926,11.40354908224172,5.263081809050043,2.167
1301,2024-01-03 12:21:00,83.6917940684631,Highway,0.6457414553036327,1,Eco,2,Moderate,-4.076609943912559,Mild,64.75216927185926,3.640549170606743,7.330893759386813,0.497
1359,2024-01-03 12:22:00,77.13679093034084,City,-2.079259007351028,3,Sport,3,High,31.820260333461896,Warm,23.66210715429805,10.324079711017278,9.347838622776544,1.104
1237,2024-01-03 12:23:00,93.9294809101664,Highway,-1.759520125558565,1,Eco,1,No Traffic,33.39412217769697,Warm,94.55379485484696,24.547142882623767,10.53666277229635,2.33
1646,2024-01-03 12:24:00,112.49774068789256,Highway,0.729777468259281,2,Comfort,2,Moderate,21.80065922043368,Mild,70.2349994639568,15.01343759387134,9.607755084918152,1.563
1662,2024-01-03 12:25:00,83.03128359199104,Highway,-2.2306203161773555,2,Comfort,1,No Traffic,16.595672959751006,Mild,99.52495867064884,4.491830267142879,6.252420767981662,0.718
1235,2024-01-03 12:26:00,18.702184386173215,Local,-1.408914749218063,3,Sport,2,Moderate,-0.0050487261068052,Mild,62.988512381830965,24.154809299554056,7.1645725856359785,3.371
1735,2024-01-03 12:27:00,29.21311401184928,Local,2.0114732864280143,1,Eco,3,High,5.782622785100461,Mild,76.80887135249705,35.4535677944804,7.522760582374384,4.713
1202,2024-01-03 12:28:00,101.06324770477374,Highway,-1.0374509639901683,1,Eco,1,No Traffic,17.07183038494408,Mild,24.496764629297772,2.750951773028165,9.369097333748844,0.294
1255,2024-01-03 12:29:00,25.11672910010503,Local,-0.0716390623820224,1,Eco,2,Moderate,33.92858700280796,Warm,70.53889414587287,44.131882633858304,8.145139597202721,5.418
1597,2024-01-03 12:30:00,8.702678034537769,Local,2.6468420108750417,3,Sport,2,Moderate,31.141046055969532,Warm,81.17196892722859,32.68818472961897,6.529670208590832,5.006
1661,2024-01-03 12:31:00,84.39360648507005,Highway,-1.6371054669783225,1,Eco,1,No Traffic,17.316831141343137,Mild,82.28114358820459,26.02012963122927,9.53918082849565,2.728
1234,2024-01-03 12:32:00,48.30316265881704,Local,-0.6622438958519377,2,Comfort,2,Moderate,30.35321602737156,Warm,81.60893217842283,19.876211163780837,7.107148224495037,2.797
1344,2024-01-03 12:33:00,110.40480630550844,Highway,0.6387466532612738,1,Eco,1,No Traffic,29.458001875740337,Warm,38.10261018349341,19.725057360517223,11.333292988410298,1.74
1533,2024-01-03 12:34:00,78.03060853123938,City,1.5320335770238334,1,Eco,2,Moderate,21.05569081149733,Mild,98.03187820841808,16.844383155310588,9.398036844000083,1.792
1859,2024-01-03 12:35:00,10.85027733499929,Local,2.409920320276231,3,Sport,1,No Traffic,4.914645404438504,Mild,99.6145696499951,5.874894806088877,5.0878991851840905,1.155
1796,2024-01-03 12:36:00,113.74278807043927,Highway,2.4928379254410906,3,Sport,3,High,10.660169594193228,Mild,26.0476700129281,4.0541701823620935,10.243764503113349,0.396
1780,2024-01-03 12:37:00,31.026871636829508,Local,1.6598404462357372,3,Sport,1,No Traffic,2.3829047586588175,Mild,94.91571382494058,15.510631228755056,5.909753603183948,2.625
1465,2024-01-03 12:38:00,40.465498848754294,Local,-1.6300149804401374,3,Sport,2,Moderate,-4.678227210975833,Mild,43.155935544349546,33.386495813980204,8.28952050617977,4.028
1769,2024-01-03 12:39:00,48.27124964202505,Local,-2.851144019744605,3,Sport,3,High,-1.3763555896353563,Mild,75.14272654007718,14.490878444019671,6.606695556745846,2.193
1540,2024-01-03 12:40:00,6.14691556851759,Local,-0.6973564178662572,1,Eco,3,High,29.18315354769061,Warm,47.04887365889057,40.63202113639495,6.506407621397307,6.245
1212,2024-01-03 12:41:00,59.58185066767258,City,-2.15070689407306,1,Eco,1,No Traffic,-3.493123215462602,Mild,97.42034586984973,19.07650319454387,8.537953729665482,2.234
1462,2024-01-03 12:42:00,14.79821892903507,Local,1.262325884629789,3,Sport,1,No Traffic,12.993368746635625,Mild,28.12030866428284,31.59655988157529,8.270115120870988,3.821
1435,2024-01-03 12:43:00,48.11643920260221,Local,0.9667835209543004,3,Sport,1,No Traffic,39.36011492523787,Warm,59.81974535651008,21.652480758285115,7.520354271362245,2.879
1282,2024-01-03 12:44:00,42.08517455905012,Local,-2.736170150271271,1,Eco,3,High,30.785764801459905,Warm,54.243823355365976,24.94154193721306,6.260149547885971,3.984
1561,2024-01-03 12:45:00,92.7408100111804,Highway,2.019562674785707,3,Sport,3,High,28.777792226762383,Warm,46.081876182238794,12.58301243685118,9.635699004799315,1.306
1606,2024-01-03 12:46:00,96.38046139592774,Highway,-1.5075404022529064,2,Comfort,1,No Traffic,7.361894558791912,Mild,71.64271927041189,25.74206700945457,9.666894706298956,2.663
1462,2024-01-03 12:47:00,18.40954588669056,Local,-0.4066375470537466,1,Eco,2,Moderate,23.877859702488625,Mild,30.4844594737334,5.6215882101418035,5.611582889498015,1.002
1406,2024-01-03 12:48:00,43.986142485507145,Local,1.007602412734455,2,Comfort,3,High,17.442033145797232,Mild,77.33299345069575,19.3997022958648,7.425418510852231,2.613
1087,2024-01-03 12:49:00,44.80237932381981,Local,-0.4234872788864798,1,Eco,1,No Traffic,23.072098059325743,Mild,98.44736990438298,22.470218092832702,5.715853471584477,3.931
1043,2024-01-03 12:50:00,18.16925327233021,Local,-0.3522731832003396,1,Eco,2,Moderate,14.611725354707367,Mild,84.36469715749041,35.22939768103347,6.703109014880508,5.256
1460,2024-01-03 12:51:00,95.81442060614286,Highway,-2.6062320279855578,1,Eco,1,No Traffic,18.89333681364129,Mild,88.80134023276364,20.071036775947647,8.90997553738428,2.253
1277,2024-01-03 12:52:00,84.86739940025079,Highway,-0.5913387044399769,1,Eco,3,High,39.47783120579567,Warm,48.7709394543202,33.305256685617316,9.283433050244808,3.588
1682,2024-01-03 12:53:00,22.84581435564417,Local,1.589087359319901,1,Eco,3,High,9.819078475358411,Mild,45.9909285184975,8.81334494703796,6.489298861805833,1.358
1420,2024-01-03 12:54:00,44.00662903125588,Local,2.491058023119587,1,Eco,1,No Traffic,4.740374806794835,Mild,61.36386837521066,1.358779697045578,6.514353226905074,0.209
1700,2024-01-03 12:55:00,12.696602982781704,Local,-0.5190171776197694,1,Eco,2,Moderate,15.182249927382532,Mild,23.658129180981817,25.346778801984986,6.970740161181457,3.636
1352,2024-01-03 12:56:00,75.38479165116527,City,-0.4584850387255268,3,Sport,3,High,18.594422977407383,Mild,95.6286507565226,23.746152051825124,8.63283115453184,2.751
1695,2024-01-03 12:57:00,14.56463094583436,Local,1.2157626379419124,3,Sport,1,No Traffic,-1.1467023690323366,Mild,31.502813841295374,33.520649500882065,7.5814440016822,4.421
1514,2024-01-03 12:58:00,118.31210023499014,Highway,2.65663200663166,3,Sport,1,No Traffic,31.268740998035653,Warm,92.2410431334474,15.745908600832076,9.905420867860515,1.59
1702,2024-01-03 12:59:00,93.68184896254348,Highway,-1.3976343585638389,2,Comfort,2,Moderate,13.992375446270168,Mild,26.686577760028456,1.5902814250387878,8.610887699859818,0.185
1629,2024-01-03 13:00:00,46.828625950079406,Local,-0.3591347607723789,1,Eco,2,Moderate,13.593407522396468,Mild,85.80999421428481,36.206123281892694,7.298253909549211,4.961
1018,2024-01-03 13:01:00,69.42767187352253,City,1.775839461313807,3,Sport,3,High,24.64779301074684,Mild,32.15700207025721,47.11635857464583,11.726200493805203,4.018
1022,2024-01-03 13:02:00,109.36101794596904,Highway,0.6581614162442309,3,Sport,2,Moderate,29.795995000688457,Warm,23.050529127317816,19.773751004992135,11.248528240470266,1.758
1412,2024-01-03 13:03:00,66.49191364749913,City,-2.3364819362162716,3,Sport,2,Moderate,39.36731214001616,Warm,77.5591560207527,30.595276250242616,9.135064100712857,3.349
1029,2024-01-03 13:04:00,20.939818367754626,Local,0.7663964133735943,1,Eco,3,High,2.8083864322864827,Mild,42.421224013954266,27.279891902575432,6.912740957017207,3.946
1806,2024-01-03 13:05:00,45.44440266973912,Local,-1.8795222924160384,1,Eco,1,No Traffic,10.55000575541092,Mild,77.15969222274796,28.343472781205033,9.023157490669934,3.141
1107,2024-01-03 13:06:00,101.17738380356944,Highway,0.0612956044704251,2,Comfort,3,High,2.5715770931431265,Mild,64.40682003782558,43.38207305100227,11.719638380361673,3.702
1366,2024-01-03 13:07:00,77.30556191875415,City,0.174619605962631,2,Comfort,3,High,34.63847627022665,Warm,28.70459121840525,36.8432049379194,9.163384812947898,4.021
1280,2024-01-03 13:08:00,78.08692612005603,City,2.257220173349909,1,Eco,2,Moderate,19.68219573979824,Mild,94.57040586409308,38.51234196417121,9.523595791250388,4.044
1127,2024-01-03 13:09:00,104.0185782826187,Highway,-0.2250343559253709,2,Comfort,2,Moderate,33.359804306737765,Warm,56.18513398107821,4.592871516682835,9.105170438732438,0.504
1228,2024-01-03 13:10:00,107.27676689550056,Highway,-1.3233454665846347,3,Sport,1,No Traffic,39.33513809713072,Warm,78.75578222389504,7.420702694718236,10.078816221565216,0.736
1110,2024-01-03 13:11:00,110.37510861353236,Highway,-1.6142019107038106,2,Comfort,2,Moderate,19.759300637551416,Mild,60.08164576125001,33.198900421301175,11.956329903917284,2.777
1135,2024-01-03 13:12:00,11.381903190378733,Local,2.245511260106017,3,Sport,1,No Traffic,0.3168318635822622,Mild,68.34891799689638,27.06884348356411,5.531492927754398,4.894
1361,2024-01-03 13:13:00,65.29512023557211,City,-1.9739348734906297,2,Comfort,1,No Traffic,11.257047440350462,Mild,44.22188738853539,38.73648818763874,8.992628937667313,4.308
1185,2024-01-03 13:14:00,88.86114254619824,Highway,-0.4447886347011378,3,Sport,1,No Traffic,-3.371481622910128,Mild,36.02882432027602,4.744358658014454,10.012132346082868,0.474
1655,2024-01-03 13:15:00,90.83122141524166,Highway,-1.876961310438318,2,Comfort,3,High,33.218542612131145,Warm,63.405616272645425,28.367707346210196,10.752657307878236,2.638
1583,2024-01-03 13:16:00,72.80594423640046,City,1.6398242406862522,2,Comfort,2,Moderate,-4.195087627689487,Mild,55.21751783768016,24.35486292077453,8.939861378047988,2.724
1128,2024-01-03 13:17:00,20.014480222040905,Local,-0.1537641601522859,1,Eco,2,Moderate,21.648324555847353,Mild,51.20905707471465,42.74887514024924,8.373488146468086,5.105
1875,2024-01-03 13:18:00,95.69046647299972,Highway,-0.8931378566591279,1,Eco,1,No Traffic,-0.2240021341688978,Mild,73.80537560756984,9.438733744699682,9.974560887786469,0.946
1260,2024-01-03 13:19:00,86.41336002179348,Highway,-0.8334021562411991,3,Sport,2,Moderate,-4.659897137262698,Mild,75.24053056089087,17.500785651099342,8.212172465433664,2.131
1514,2024-01-03 13:20:00,10.336292585884356,Local,2.113285240337877,1,Eco,1,No Traffic,6.5267699017632115,Mild,23.67360448730104,7.608525895869805,6.117687194827596,1.244
1448,2024-01-03 13:21:00,55.65717896092515,City,0.3226437257666283,3,Sport,2,Moderate,19.833348686690304,Mild,47.09955953949377,22.641451724381877,7.78770644418695,2.907
1899,2024-01-03 13:22:00,20.87728794261643,Local,1.3072071067875817,1,Eco,3,High,-1.6210439507950394,Mild,52.941164018110186,44.08215004972102,8.315746668087714,5.301
1103,2024-01-03 13:23:00,40.497245485556626,Local,2.382231097504107,1,Eco,2,Moderate,22.66995473410876,Mild,27.75137289313345,33.549640538619855,8.299177375342712,4.043
1482,2024-01-03 13:24:00,2.169731064682252,Local,2.410450056243852,3,Sport,1,No Traffic,25.23964995118325,Mild,38.87206933586307,37.24050925244096,7.569483870034111,4.92
1223,2024-01-03 13:25:00,48.039584209290986,Local,-1.028945673972821,2,Comfort,3,High,38.63641450510534,Warm,24.131343777820533,4.75751021994316,7.140458392967246,0.666
1831,2024-01-03 13:26:00,65.98523053874526,City,2.7147075788783113,3,Sport,2,Moderate,35.479168617465525,Warm,99.69936788936164,22.656094138066152,7.314756619462831,3.097
1873,2024-01-03 13:27:00,74.34991113925042,City,-2.8507447079123676,3,Sport,3,High,20.505599616047583,Mild,78.92457623758756,41.94965078264611,10.272059448503608,4.084
1865,2024-01-03 13:28:00,79.6188414154452,City,-0.7389866339030062,3,Sport,1,No Traffic,30.701416391949714,Warm,26.996012520220297,41.8902324700518,11.462367954555138,3.655
1490,2024-01-03 13:29:00,100.3549575722952,Highway,2.374793145053049,1,Eco,1,No Traffic,11.36384867411464,Mild,21.619950383207367,49.40220768618821,14.00891870211452,3.526
1472,2024-01-03 13:30:00,25.855548873087603,Local,-1.3521787210981024,1,Eco,2,Moderate,21.357049722860047,Mild,77.54302401218241,26.349437371787236,5.654152610622367,4.66
1009,2024-01-03 13:31:00,14.457818692616154,Local,-1.3615112980720898,1,Eco,1,No Traffic,13.150937647142603,Mild,55.13537325461336,0.2033643163518388,4.7464885225416635,0.043
1404,2024-01-03 13:32:00,102.18446062775108,Highway,-1.1842662895086675,3,Sport,2,Moderate,10.166879277042591,Mild,82.94373672516608,44.96311874590776,12.002426795694811,3.746
1895,2024-01-03 13:33:00,18.793537787117987,Local,0.6738803090815333,2,Comfort,1,No Traffic,27.743776864372457,Mild,93.8780830254707,47.814216090697855,8.093877933761668,5.907
1301,2024-01-03 13:34:00,116.97120976034344,Highway,-0.3700033463138772,2,Comfort,1,No Traffic,8.350174492903564,Mild,67.94403112130979,46.39453555858243,13.471639569780066,3.444
1230,2024-01-03 13:35:00,101.10458752783644,Highway,1.3604090181200554,3,Sport,1,No Traffic,12.124852150228474,Mild,34.968673833380244,38.61837172514337,12.589834962773214,3.067
1730,2024-01-03 13:36:00,60.1051927067519,City,2.3694638553879948,3,Sport,2,Moderate,11.522720698635077,Mild,82.5755228837162,10.674556050108489,7.388196140261592,1.445
1922,2024-01-03 13:37:00,117.77057099064302,Highway,1.045196249657164,2,Comfort,2,Moderate,34.16815422338039,Warm,96.46493945394997,7.038948043650243,8.724402893657288,0.807
1065,2024-01-03 13:38:00,11.685207492960505,Local,-1.773199678814547,1,Eco,2,Moderate,2.66820114779505,Mild,66.41850296479647,35.07421157349238,6.958607275015512,5.04
1936,2024-01-03 13:39:00,36.3678913410122,Local,2.5960914141630127,3,Sport,2,Moderate,12.166410638454092,Mild,74.55979578245868,7.10710812934964,6.696874046417462,1.061
1111,2024-01-03 13:40:00,76.58692980487338,City,-1.413042759915129,2,Comfort,1,No Traffic,34.954140627796995,Warm,46.99797560293384,47.67045168014496,11.372073391859924,4.192
1012,2024-01-03 13:41:00,42.00082421678145,Local,-2.1006342280310513,2,Comfort,3,High,-4.311300835463748,Mild,50.5222155728249,22.346805762090845,7.053330506081946,3.168
1392,2024-01-03 13:42:00,111.40470623769502,Highway,-2.4601963268342346,2,Comfort,2,Moderate,37.65401478976511,Warm,78.77235982824511,1.637671493366522,9.11654334415423,0.18
1499,2024-01-03 13:43:00,7.875130581338108,Local,0.3803024439969933,1,Eco,1,No Traffic,35.45051889079676,Warm,94.22168787254552,7.614620666345874,3.802250003437555,2.003
1931,2024-01-03 13:44:00,65.92941984731574,City,-2.3174252251160894,2,Comfort,1,No Traffic,13.803166588410182,Mild,70.31907097794817,14.595010856304606,8.029982297376897,1.818
1597,2024-01-03 13:45:00,70.90395208741374,City,-2.1673446953242155,2,Comfort,2,Moderate,24.386137620975827,Mild,83.18783267882779,35.21735962666256,8.712761626995714,4.042
1233,2024-01-03 13:46:00,78.32737485326689,City,-1.1998171164270202,2,Comfort,2,Moderate,39.5979997279902,Warm,33.73080139322984,36.89088700745382,8.881577004323244,4.154
1601,2024-01-03 13:47:00,30.67994679981773,Local,-1.310081941893217,3,Sport,1,No Traffic,19.972676967779957,Mild,36.95672722063789,10.729957637377098,6.157184903324104,1.743
1313,2024-01-03 13:48:00,43.74797130238373,Local,0.6254370619928538,3,Sport,2,Moderate,-0.6395588849476237,Mild,62.562774946671205,32.46292102315072,8.933189000059977,3.634
1565,2024-01-03 13:49:00,101.24166355979732,Highway,1.900471676836089,3,Sport,2,Moderate,33.41384560886852,Warm,34.124335379427244,1.6881856825166162,10.323416813549468,0.164
1011,2024-01-03 13:50:00,23.39313227641918,Local,1.5680979372173542,2,Comfort,3,High,1.0368226550743662,Mild,70.79960561767389,5.232360965033558,4.583729228613503,1.142
1208,2024-01-03 13:51:00,99.22414166080344,Highway,-1.4250932717011395,2,Comfort,3,High,6.577224502268335,Mild,43.33225483157592,26.797032679567312,11.842422429908934,2.263
1973,2024-01-03 13:52:00,67.5186507483291,City,-1.5281370120841204,1,Eco,2,Moderate,34.308190887665646,Warm,83.32260949335137,35.22079963031976,8.798168215651083,4.003
1013,2024-01-03 13:53:00,91.46250134328986,Highway,2.794749180641806,2,Comfort,3,High,6.5213145326846345,Mild,84.64882772914747,45.72692613771016,11.957316698240328,3.824
1632,2024-01-03 13:54:00,85.63288395161659,Highway,-2.9505825504482392,1,Eco,3,High,28.5288668793737,Warm,57.10299646042824,21.94384856671945,10.80138325142704,2.032
1417,2024-01-03 13:55:00,24.90137944618548,Local,2.278323198361295,2,Comfort,2,Moderate,15.14531554414883,Mild,34.46485080301082,6.085657736349789,5.505138959549276,1.105
1436,2024-01-03 13:56:00,68.25752837206474,City,-1.8016288852655704,1,Eco,1,No Traffic,29.188702553454306,Warm,71.7419968865546,46.455933880138325,11.544001759185305,4.024
1376,2024-01-03 13:57:00,104.12677833661108,Highway,2.6837059385386066,3,Sport,1,No Traffic,5.455851026763442,Mild,99.42296146108691,21.928140496199735,9.315878338179598,2.354
1019,2024-01-03 13:58:00,51.85394841623152,City,-0.9461562910348816,2,Comfort,1,No Traffic,13.880448623150578,Mild,69.80727183540186,24.92390772221317,8.585459866146678,2.903
1586,2024-01-03 13:59:00,115.990892426798,Highway,-0.3578893566404861,1,Eco,1,No Traffic,9.317260236620651,Mild,22.861975257120623,42.73603226971819,13.271164754934905,3.22
1911,2024-01-03 14:00:00,54.26581201220617,City,1.242723683666286,3,Sport,3,High,6.206981889191566,Mild,21.38351806136661,29.33040671093588,9.756491592388391,3.006
1754,2024-01-03 14:01:00,17.134276400146163,Local,0.5260143088395619,3,Sport,3,High,9.14934395828542,Mild,45.628957639384495,15.142367713439311,4.865939728887553,3.112
1734,2024-01-03 14:02:00,46.73216160932079,Local,-1.092364021759063,2,Comfort,2,Moderate,9.534648950431231,Mild,35.66270454883239,27.084943842950334,8.680226925325432,3.12
1069,2024-01-03 14:03:00,114.20428876686448,Highway,0.3229854952069413,1,Eco,2,Moderate,37.99201871453473,Warm,85.04409657146465,31.280568778477388,11.116045875998,2.814
1823,2024-01-03 14:04:00,38.36650192078251,Local,1.3842413061773176,1,Eco,1,No Traffic,18.995364967634632,Mild,87.58445336288004,44.5010144913477,8.742953839495918,5.09
1210,2024-01-03 14:05:00,104.17177918404754,Highway,-2.7459903245850477,1,Eco,1,No Traffic,15.792348474738962,Mild,40.689501704838094,11.818240127062747,10.674930559848846,1.107
1100,2024-01-03 14:06:00,105.75008180182678,Highway,-2.9328041684657755,3,Sport,2,Moderate,17.649335645658354,Mild,46.05158215599141,28.013013627599612,11.135571038123718,2.516
1697,2024-01-03 14:07:00,42.02238291983533,Local,-0.2515983655626521,1,Eco,2,Moderate,39.825893923303845,Warm,38.89975741720917,46.03290202558411,9.442330700097278,4.875
1131,2024-01-03 14:08:00,9.990918966075856,Local,-2.208980293178915,3,Sport,1,No Traffic,24.41150972010641,Mild,92.67060378970112,2.369092247501723,2.638466648698043,0.898
1622,2024-01-03 14:09:00,86.94694909905819,Highway,0.9860657487882863,1,Eco,3,High,26.656898865870456,Mild,60.21194676978258,9.808933860517042,9.45941928209858,1.037
1380,2024-01-03 14:10:00,37.38147588167833,Local,-1.715685262635395,3,Sport,3,High,9.112982329314606,Mild,72.49096352656159,17.38111422764495,7.248142156829612,2.398
1131,2024-01-03 14:11:00,93.95083371090868,Highway,-0.402893359225974,2,Comfort,3,High,16.219196948554128,Mild,53.238566935968265,33.955573138486066,8.803798697945654,3.857
1019,2024-01-03 14:12:00,53.11858179125197,City,-1.8139743787543865,3,Sport,3,High,3.28294252746106,Mild,70.4811354803625,42.10817888052935,10.077455250014856,4.178
1905,2024-01-03 14:13:00,58.23200908111459,City,0.2909015144947471,1,Eco,3,High,25.833525506079976,Mild,50.86843013773888,10.038625357050718,7.13695175333288,1.407
1535,2024-01-03 14:14:00,93.34912880982442,Highway,-2.303679243692587,3,Sport,2,Moderate,10.502253658894896,Mild,47.17427501833804,12.410553453819492,9.6579209348518,1.285
1226,2024-01-03 14:15:00,45.88359972739535,Local,-2.8613588832751184,1,Eco,2,Moderate,28.672976459284087,Warm,70.75840585387841,41.18194326763257,8.856182504305554,4.65
1153,2024-01-03 14:16:00,53.17528143874974,City,-2.6932101713598167,2,Comfort,1,No Traffic,4.5922589560722145,Mild,67.28496624391914,7.502340978072437,5.36012350879784,1.4
1804,2024-01-03 14:17:00,45.142856252354655,Local,2.7255506490918595,3,Sport,2,Moderate,13.15763626906768,Mild,43.48223633343597,13.1327294346604,6.879000918144531,1.909
1741,2024-01-03 14:18:00,44.080861833273595,Local,-2.1462826883343853,2,Comfort,2,Moderate,16.2032952982634,Mild,31.947876025557875,36.66140993696686,9.927951966934453,3.693
1468,2024-01-03 14:19:00,63.11358922817513,City,1.2508695188210108,3,Sport,2,Moderate,2.4936409196590423,Mild,49.48613550705101,8.391323868481207,7.0038123803802135,1.198
1821,2024-01-03 14:20:00,97.05593334013808,Highway,-2.5924427746630423,3,Sport,2,Moderate,-1.8684007501437847,Mild,53.21581113135274,41.41887288177585,12.869105208153105,3.218
1999,2024-01-03 14:21:00,43.412197430707906,Local,-2.351037886588907,2,Comfort,1,No Traffic,9.268046379331247,Mild,70.29474667396839,24.57677822218643,7.216986061570179,3.405
1870,2024-01-03 14:22:00,62.9105664645284,City,0.0532575084560082,2,Comfort,2,Moderate,19.520146458678145,Mild,93.1623010909491,22.433846571975128,6.682207250498036,3.357
1404,2024-01-03 14:23:00,80.4872790531121,Highway,-0.210774419073938,3,Sport,2,Moderate,24.370552685548297,Mild,22.89478380263401,6.849234555961992,9.13153239733752,0.75
1201,2024-01-03 14:24:00,32.332733556438605,Local,2.7094818566392176,3,Sport,1,No Traffic,14.13721044528836,Mild,39.49288100334759,34.014948466220574,8.61018745772781,3.951
1037,2024-01-03 14:25:00,33.302736588287104,Local,2.6690127181244243,3,Sport,2,Moderate,17.512492589727046,Mild,35.497275382364826,44.21165180523016,9.128622712475105,4.843
1941,2024-01-03 14:26:00,112.00957524281458,Highway,1.6776518552547903,2,Comfort,1,No Traffic,19.44368384843476,Mild,60.18355269550269,34.63618342594467,11.967868328238806,2.894
1771,2024-01-03 14:27:00,86.82414879973064,Highway,0.6126109807640985,1,Eco,3,High,18.03598694718596,Mild,54.376064563452786,15.912541682057912,9.743912502649623,1.633
1187,2024-01-03 14:28:00,69.26240114679706,City,-0.2702380956419339,2,Comfort,3,High,-0.935215001436852,Mild,78.32300990561507,34.9700534438266,8.708257089453518,4.016
1056,2024-01-03 14:29:00,77.72640653047344,City,-0.8629287940294734,3,Sport,2,Moderate,13.225046472158226,Mild,39.39327300358911,25.54612871408415,9.586603471427782,2.665
1940,2024-01-03 14:30:00,3.515933172410204,Local,2.6825252818533327,3,Sport,2,Moderate,4.194914049722087,Mild,67.55986925998069,42.70114887358397,8.698450149076608,4.909
1019,2024-01-03 14:31:00,74.17235586740362,City,0.6174528685481135,2,Comfort,2,Moderate,19.01811884303894,Mild,90.70858108799676,23.03639025322216,7.614924458754616,3.025
1272,2024-01-03 14:32:00,61.14106478690423,City,0.4744351661159669,3,Sport,2,Moderate,29.113431352656576,Warm,92.85421919346436,11.941402329336231,7.257945205872001,1.645
1118,2024-01-03 14:33:00,65.48996157353228,City,-1.6085932693865108,3,Sport,3,High,21.076883468749447,Mild,96.70276837800247,5.152685447899118,6.36389730989442,0.81
1582,2024-01-03 14:34:00,43.13085921969805,Local,-2.719813092689322,3,Sport,3,High,4.981983316008364,Mild,81.86089216639908,14.125231415207002,7.0321249645418495,2.009
1515,2024-01-03 14:35:00,9.776867725553029,Local,2.671131478557266,3,Sport,2,Moderate,4.349059851888322,Mild,92.4790325007132,28.220640303151296,6.151545289407453,4.588
1220,2024-01-03 14:36:00,23.20070803344626,Local,-1.1175884469320765,3,Sport,1,No Traffic,-3.3350841312929855,Mild,38.762469758821936,8.585122276550944,6.687725819342618,1.284
1525,2024-01-03 14:37:00,114.0893655855206,Highway,-0.3444658600532477,1,Eco,1,No Traffic,14.187139696889076,Mild,35.806475548038165,2.084080583184888,10.028856723099258,0.208
1514,2024-01-03 14:38:00,49.04394747251207,Local,-2.312160338485759,2,Comfort,3,High,14.478769127309402,Mild,20.51904670244212,22.497268303314257,8.212519614674516,2.739
1727,2024-01-03 14:39:00,56.0019786997037,City,2.021545979455752,2,Comfort,1,No Traffic,5.639635540121054,Mild,76.54754859432786,17.43686271823834,6.745557533879413,2.585
1740,2024-01-03 14:40:00,6.325174782412679,Local,-2.834209002864416,2,Comfort,2,Moderate,29.391631045701715,Warm,94.99737502509956,21.077492189164698,5.758717005539896,3.66
1335,2024-01-03 14:41:00,4.507947545277671,Local,2.0039445725945786,1,Eco,2,Moderate,12.391901347155027,Mild,34.95482760333411,22.761257189678993,7.139030540359775,3.188
1697,2024-01-03 14:42:00,86.06177364561093,Highway,-2.158289923272199,1,Eco,2,Moderate,25.123062913392957,Mild,70.95548603415031,38.32691648952696,9.571660649319645,4.004
1054,2024-01-03 14:43:00,64.57135969453336,City,2.319384675786912,2,Comfort,2,Moderate,23.80316495007004,Mild,79.7167807377422,48.05025007898722,9.08216423715834,5.291
1499,2024-01-03 14:44:00,61.044718105952,City,1.3786358240169443,2,Comfort,2,Moderate,22.213320537791866,Mild,94.20913881184453,13.187993421895516,5.976978077909287,2.206
1899,2024-01-03 14:45:00,29.17494365072024,Local,-2.0119784249561694,2,Comfort,1,No Traffic,35.8629772217788,Warm,71.74881792137774,47.12570408808721,8.000053968850068,5.891
1887,2024-01-03 14:46:00,89.37008779559066,Highway,0.3949079571568088,3,Sport,1,No Traffic,-4.284944789507639,Mild,97.6234986199002,11.495943449899116,9.119183699544738,1.261
1765,2024-01-03 14:47:00,20.188389493019024,Local,-1.1240621138686833,1,Eco,3,High,-1.938321012045035,Mild,47.57385128100382,37.77176081918811,9.090936974603675,4.155
1535,2024-01-03 14:48:00,22.792169239322405,Local,-1.9306014065304993,1,Eco,3,High,27.49632926574943,Mild,47.99428270171261,34.09916782037279,7.512143086495058,4.539
1161,2024-01-03 14:49:00,55.28546056179306,City,2.15509319646665,3,Sport,1,No Traffic,10.90866635406147,Mild,63.441000801147645,2.705888602249184,6.518990812386756,0.415
1669,2024-01-03 14:50:00,34.353583453432904,Local,-0.5788634009566236,1,Eco,1,No Traffic,39.3935077895144,Warm,50.68015048927257,36.27359797132113,8.539910341296629,4.248
1593,2024-01-03 14:51:00,29.695557747977563,Local,-0.608737713807705,2,Comfort,3,High,4.7385725139652966,Mild,20.11405826300261,45.06602231441462,8.738683117575139,5.157
1914,2024-01-03 14:52:00,77.4285173463998,City,-1.98067995116028,1,Eco,2,Moderate,3.2538567141289185,Mild,78.54176200695899,46.51809260757995,10.57771610504656,4.398
1158,2024-01-03 14:53:00,78.11660942622534,City,-0.7016059434853279,3,Sport,3,High,21.469982106735305,Mild,80.13736331827867,34.291150879318664,10.16328244014756,3.374
1187,2024-01-03 14:54:00,98.9420483759915,Highway,2.2297010779731012,2,Comfort,3,High,7.574137549990198,Mild,79.75796837494164,39.35074302155412,10.951586211916055,3.593
1059,2024-01-03 14:55:00,50.1250280367571,City,-0.8212277370621845,1,Eco,1,No Traffic,10.322184328105957,Mild,47.60165332883733,3.669938315930518,5.659368315670641,0.648
1914,2024-01-03 14:56:00,8.770210923138029,Local,2.7096213749987283,2,Comfort,3,High,36.44609457922795,Warm,61.78315786489375,8.146507042302412,3.657916589628636,2.227
1816,2024-01-03 14:57:00,32.83996619057492,Local,2.6778533952503247,1,Eco,3,High,-3.8190799108523072,Mild,48.79788145413356,13.197735156007598,6.56030227488559,2.012
1318,2024-01-03 14:58:00,117.60065558361804,Highway,-2.130608044155924,2,Comfort,1,No Traffic,18.9066738962747,Mild,21.28291200245166,26.613784804400172,11.343127755808238,2.346
1877,2024-01-03 14:59:00,71.55102902792424,City,-1.9361324788641308,3,Sport,2,Moderate,10.070474260879074,Mild,64.9959153017135,19.373612800198316,9.864380141587176,1.964
1210,2024-01-03 15:00:00,85.16845017612243,Highway,2.1760444219913353,3,Sport,2,Moderate,10.569638917898011,Mild,29.90085328672088,32.891038287508415,10.660933176723091,3.085
1405,2024-01-03 15:01:00,0.8829395550497443,Local,-0.6434344864516848,1,Eco,2,Moderate,6.151396444974225,Mild,26.403305927315248,22.339870470605412,3.945846185337835,5.662
1663,2024-01-03 15:02:00,62.1846878619025,City,-2.973756106301944,1,Eco,1,No Traffic,1.0682539050174509,Mild,80.43992549574298,38.773609793497634,9.577521702933936,4.048
1108,2024-01-03 15:03:00,4.503438903816375,Local,-1.356769081767774,2,Comfort,3,High,-3.448325222372342,Mild,20.76049619344845,35.708045291977456,6.807350735721685,5.246
1075,2024-01-03 15:04:00,68.30762545097376,City,0.58577395917336,3,Sport,2,Moderate,39.44629778079793,Warm,96.72067548869808,37.389341741023706,8.89994347965684,4.201
1541,2024-01-03 15:05:00,110.49250195632904,Highway,1.795595795759808,2,Comfort,3,High,24.71647113010394,Mild,61.22042912900615,41.4595553021901,12.62626507948682,3.284
1313,2024-01-03 15:06:00,116.21029566004894,Highway,-2.199668297440443,3,Sport,1,No Traffic,29.97423879971631,Warm,98.64131445649188,41.72769850257016,10.311973432731804,4.047
1997,2024-01-03 15:07:00,64.8663210466709,City,-2.336751813499588,2,Comfort,2,Moderate,-2.0748965315027172,Mild,24.63980579781667,38.99966378712091,11.340375863532774,3.439
1116,2024-01-03 15:08:00,54.98457663026591,City,2.53255592143399,2,Comfort,2,Moderate,-4.332316392285032,Mild,66.68236390927305,3.389736453246188,6.196309608900414,0.547
1926,2024-01-03 15:09:00,113.40205130981929,Highway,1.5068902069354957,2,Comfort,3,High,22.012990929374997,Mild,47.9461628780729,31.197847238659687,12.155581814958545,2.567
1867,2024-01-03 15:10:00,80.83317983960342,Highway,0.5386776046684707,1,Eco,2,Moderate,27.57241251550833,Mild,87.47859942514286,1.0874926558898228,6.473638420678787,0.168
1703,2024-01-03 15:11:00,7.787913544609135,Local,1.615120739975568,3,Sport,1,No Traffic,12.768981980141426,Mild,48.897818818742905,37.21357607777675,7.77920920167516,4.784
1018,2024-01-03 15:12:00,55.887069320099705,City,-0.4268738321601693,1,Eco,3,High,12.44897989077674,Mild,40.83900632458793,3.1467812223012865,6.104442489484981,0.515
1431,2024-01-03 15:13:00,28.82940221571647,Local,1.5507344838547592,1,Eco,3,High,12.301578459740092,Mild,88.60425016799306,49.16242825533669,7.636898660666528,6.437
1684,2024-01-03 15:14:00,56.376518573841786,City,-0.7691820523527855,2,Comfort,2,Moderate,1.8740131582459425,Mild,49.97224733226088,30.74250264736171,8.776103011111346,3.503
1739,2024-01-03 15:15:00,54.65586864076341,City,-1.535432565044386,3,Sport,2,Moderate,28.926108004033097,Warm,21.346665588844917,9.18170500513971,7.725213734998928,1.189
1349,2024-01-03 15:16:00,69.85737633776904,City,1.374080527757812,1,Eco,2,Moderate,4.683672955317487,Mild,51.2231280671467,23.46714752728367,9.229749521794432,2.543
1182,2024-01-03 15:17:00,42.81245884191015,Local,-0.4819662470563903,2,Comfort,2,Moderate,9.5984723189331,Mild,72.36178152087535,41.35118108839925,7.985314887673652,5.178
1112,2024-01-03 15:18:00,19.71245393471137,Local,2.888262625957169,3,Sport,3,High,25.20668819045126,Mild,40.348763104510546,9.081898366088572,6.591242319911565,1.378
1182,2024-01-03 15:19:00,60.44633215079475,City,-0.9030889061513944,3,Sport,3,High,-4.99528801408354,Mild,54.55900739401258,26.88509597508041,10.50897251397804,2.558
1480,2024-01-03 15:20:00,99.62434612149144,Highway,2.530364523186396,1,Eco,2,Moderate,29.481573368199072,Warm,24.53721106257804,0.2786803020375253,8.977612248995197,0.031
1145,2024-01-03 15:21:00,79.68146736811228,City,2.5977752914024768,2,Comfort,3,High,35.459263672004106,Warm,67.04742332111658,39.442469818862975,10.479700155815063,3.764
1830,2024-01-03 15:22:00,40.6041439110259,Local,-1.5488823176115232,1,Eco,1,No Traffic,-2.6772181131529433,Mild,80.5035939088315,9.810919297501355,4.514953284515063,2.173
1627,2024-01-03 15:23:00,112.26276273106286,Highway,1.7893270895280802,3,Sport,3,High,21.62307129071281,Mild,53.065004912088824,19.420191764311156,10.81533760559893,1.796
1112,2024-01-03 15:24:00,109.46490854990186,Highway,-0.4015529691326094,1,Eco,1,No Traffic,13.380653641645315,Mild,53.618610624116805,26.559160658622716,9.737941196149889,2.727
1762,2024-01-03 15:25:00,25.121807926091854,Local,2.505148363382088,2,Comfort,1,No Traffic,-1.4691473872937486,Mild,27.062599886793315,7.328591100682617,6.6958484816215345,1.094
1475,2024-01-03 15:26:00,4.730110214443557,Local,-0.2992543641885672,3,Sport,1,No Traffic,25.70039442941324,Mild,36.1552691609586,46.340875256667346,8.921576677281776,5.194
1762,2024-01-03 15:27:00,88.95704500209146,Highway,1.465822304024197,2,Comfort,2,Moderate,22.554338020030137,Mild,32.37402425023301,23.49342632461631,10.842114314689564,2.167
1302,2024-01-03 15:28:00,99.3132313618984,Highway,-0.1981955450172128,2,Comfort,3,High,23.919714724738817,Mild,58.53502149292304,11.665999768363378,8.77452499716623,1.33
1970,2024-01-03 15:29:00,116.14374791416265,Highway,-1.633195465722863,3,Sport,1,No Traffic,31.60729142666699,Warm,62.34044327606001,36.783624268925024,12.42738834296278,2.96
1824,2024-01-03 15:30:00,106.78036729059728,Highway,-1.8038992263318825,2,Comfort,2,Moderate,7.911353902442272,Mild,95.9152105027408,44.72125002349558,11.32678444135785,3.948
1117,2024-01-03 15:31:00,72.06417218476977,City,-0.4474128344619266,2,Comfort,3,High,25.468063214547183,Mild,25.85852034217871,45.64227865552764,10.687421892566542,4.271
1812,2024-01-03 15:32:00,63.6062807054857,City,1.532967942085289,2,Comfort,3,High,28.44929625624748,Warm,67.98943785240377,21.61358359011742,9.334426090884824,2.315
1160,2024-01-03 15:33:00,3.340926151510355,Local,0.6304289110846009,3,Sport,2,Moderate,2.596673406997253,Mild,62.119882186259304,18.03711756371461,5.210509485516648,3.462
1400,2024-01-03 15:34:00,29.59877362137334,Local,1.1317757394032597,2,Comfort,3,High,38.06800937780987,Warm,61.29864783486633,46.4699451381702,8.11901267712785,5.724
1197,2024-01-03 15:35:00,55.15377020795117,City,-1.3060418956083453,1,Eco,2,Moderate,10.299147010965978,Mild,89.85274299062611,2.736624189759601,4.709482288422115,0.581
1259,2024-01-03 15:36:00,75.42046801002815,City,-0.1113879242543669,1,Eco,2,Moderate,27.116870191675503,Mild,36.44307765563891,37.55195132534232,9.892864502027026,3.796
1659,2024-01-03 15:37:00,66.87021999820928,City,-2.7336284101840382,2,Comfort,2,Moderate,28.93090568286471,Warm,23.26186194730972,8.957690429670555,9.426640422732929,0.95
1751,2024-01-03 15:38:00,89.11631876180286,Highway,1.9051944957487237,1,Eco,3,High,17.681391368786905,Mild,73.7817206107354,23.32851444590407,9.952724731320837,2.344
1046,2024-01-03 15:39:00,33.5720317064449,Local,2.939352973439248,1,Eco,2,Moderate,0.7922787758882492,Mild,47.61259713087841,47.68924335147702,9.186679842657885,5.191
1986,2024-01-03 15:40:00,67.79431291829678,City,-0.5587256242519745,3,Sport,2,Moderate,7.40483195879095,Mild,21.407193297001967,29.099291482530884,9.119324055167706,3.191
1398,2024-01-03 15:41:00,10.577069206895056,Local,-2.93421808121074,2,Comfort,3,High,5.541112854792678,Mild,40.109920583233105,26.219693487801734,5.679751261783985,4.616
1709,2024-01-03 15:42:00,49.639862829984835,Local,-1.981244162694316,3,Sport,1,No Traffic,18.33890484629147,Mild,44.74614193734495,3.1838578537652515,6.765842104281559,0.471
1558,2024-01-03 15:43:00,90.01929995455212,Highway,0.9151612665025128,2,Comfort,2,Moderate,6.757099194865315,Mild,69.34707014273937,13.939293300279727,8.092973664770994,1.722
1077,2024-01-03 15:44:00,83.20810241148529,Highway,0.6724759092231549,1,Eco,2,Moderate,19.604671463100907,Mild,33.80686352394177,0.2522500358740449,9.414573544968686,0.027
1123,2024-01-03 15:45:00,118.87712846066148,Highway,1.7271883175132636,3,Sport,1,No Traffic,7.969303947416487,Mild,53.04434783627184,43.762786164434594,13.663065062015912,3.203
1074,2024-01-03 15:46:00,33.34693511853072,Local,-1.476695934233591,3,Sport,3,High,-4.955938984539498,Mild,58.5980355534266,32.27824841267529,6.798097427177644,4.748
1870,2024-01-03 15:47:00,59.7827159008775,City,1.581791493282804,1,Eco,3,High,11.346553020217517,Mild,56.73899130912727,5.9895804965316195,6.334322209506368,0.946
1136,2024-01-03 15:48:00,39.54364965287961,Local,1.1279041291420189,1,Eco,3,High,22.30828839351187,Mild,97.91526133334254,18.237287180773627,5.329272190973263,3.422
1601,2024-01-03 15:49:00,52.87237368710097,City,-1.0631130137169402,2,Comfort,2,Moderate,29.816354944179075,Warm,23.64033902322369,40.5896255256809,9.393200229906538,4.321
1399,2024-01-03 15:50:00,102.83401558432658,Highway,0.272928888341772,2,Comfort,1,No Traffic,-3.723599255901129,Mild,96.07745491619195,7.1011295920591015,8.901384212774719,0.798
1836,2024-01-03 15:51:00,82.10508902261839,Highway,-2.1163571490100397,1,Eco,3,High,6.62408503044667,Mild,66.55497711952266,11.590238684129442,8.313665765769922,1.394
1504,2024-01-03 15:52:00,105.8929429617098,Highway,-0.2846129793865044,1,Eco,1,No Traffic,39.34579540214504,Warm,83.65821719758706,27.116185503753563,11.165679031574758,2.429
1499,2024-01-03 15:53:00,24.421332999826376,Local,2.287184037333846,3,Sport,3,High,6.78169248387475,Mild,54.43140944128603,7.332837649501396,5.1443786825514,1.425
1572,2024-01-03 15:54:00,104.80333414097257,Highway,-0.4728517210476552,3,Sport,2,Moderate,29.97389454422957,Warm,56.30703050055843,19.19704631550239,10.397608927768976,1.846
1137,2024-01-03 15:55:00,7.171472901406131,Local,2.0374002388525323,2,Comfort,3,High,17.921812828339498,Mild,90.34611992126588,49.10817362508302,6.1074492094695545,8.041
1049,2024-01-03 15:56:00,106.6319136524583,Highway,0.5415201915581664,3,Sport,1,No Traffic,0.4978292824909127,Mild,91.67475970335217,27.2381813434194,9.576554721562967,2.844
1770,2024-01-03 15:57:00,39.48885353528735,Local,-1.8487397213858592,1,Eco,1,No Traffic,23.9530058047774,Mild,39.09511051450381,35.10623628425179,9.496167254421447,3.697
1972,2024-01-03 15:58:00,37.75051600968798,Local,0.4866374681873786,1,Eco,1,No Traffic,38.48533835144665,Warm,35.939350286769454,33.19772430774081,9.461018424335164,3.509
1618,2024-01-03 15:59:00,61.45062920383967,City,0.0358999749423807,1,Eco,2,Moderate,34.90730647370493,Warm,59.69881390959608,10.664629644163348,7.061334829680125,1.51
1624,2024-01-03 16:00:00,112.8828225267878,Highway,-0.608151988821696,1,Eco,3,High,26.063175452741792,Mild,92.02216217021532,42.321058006917006,11.25821870869996,3.759
1861,2024-01-03 16:01:00,5.733763761768644,Local,-2.282217362903578,2,Comfort,2,Moderate,18.04667201246678,Mild,45.7884074724941,6.190302741328755,4.0570101512689565,1.526
1253,2024-01-03 16:02:00,42.267717008489434,Local,-0.4997480169166213,1,Eco,2,Moderate,9.369985249729666,Mild,72.1611692271305,46.08759724489304,7.971002501494556,5.782
1629,2024-01-03 16:03:00,102.7886386420003,Highway,-2.563425742562237,1,Eco,1,No Traffic,11.063498195489776,Mild,76.65213501924809,10.881986725051702,10.02705466864033,1.085
1709,2024-01-03 16:04:00,47.52653729225601,Local,-2.4073856916074927,1,Eco,1,No Traffic,10.579303339918953,Mild,82.29397319153247,47.741739895473394,7.824994042370722,6.101
1848,2024-01-03 16:05:00,23.89882771164804,Local,-0.5045008024037037,1,Eco,2,Moderate,36.49368913459265,Warm,65.11395663367706,39.91837681101923,8.495861669985134,4.699
1876,2024-01-03 16:06:00,50.975301759769415,City,-1.1677111081892178,2,Comfort,2,Moderate,4.509060656279669,Mild,52.19641426231757,8.63206377355925,7.15820945594864,1.206
1562,2024-01-03 16:07:00,46.26630017900032,Local,2.553265955173341,2,Comfort,3,High,12.01134287577841,Mild,97.36127910391784,8.104094259810596,6.552529921614684,1.237
1756,2024-01-03 16:08:00,109.8499441760044,Highway,-0.7457651677183765,3,Sport,1,No Traffic,14.438345603069852,Mild,68.90646026422822,4.318019012420799,10.800919275511491,0.4
1914,2024-01-03 16:09:00,91.43212508917163,Highway,1.5471487324326008,2,Comfort,1,No Traffic,13.400544791887192,Mild,78.28521693066166,12.443033928883557,8.899049408054484,1.398
1425,2024-01-03 16:10:00,60.61386668928076,City,0.1814851581974563,2,Comfort,1,No Traffic,-4.811078847176619,Mild,47.59862765567027,32.989427120802304,8.770511596804596,3.761
1546,2024-01-03 16:11:00,118.60446800658852,Highway,1.224514011854013,2,Comfort,3,High,7.193810961201585,Mild,73.5959344802464,26.063092721825058,10.22662132201036,2.549
1301,2024-01-03 16:12:00,55.8333037531108,City,-1.439304101907605,3,Sport,3,High,17.435584865002838,Mild,40.62381297313007,30.706204415913067,9.399027516990795,3.267
1921,2024-01-03 16:13:00,6.988539698433027,Local,2.6514298370299745,1,Eco,1,No Traffic,29.222199181465776,Warm,39.607753402290896,1.6539161457056353,4.198824989736842,0.394
1580,2024-01-03 16:14:00,31.472918617798182,Local,0.1805309814865436,3,Sport,1,No Traffic,20.626329342126425,Mild,77.1777761447541,4.0905719340009234,5.143101121539546,0.795
1348,2024-01-03 16:15:00,52.328457626317515,City,1.987944427711498,1,Eco,2,Moderate,12.318790206307806,Mild,61.711578901034805,34.629504903303754,7.947661646154504,4.357
1831,2024-01-03 16:16:00,18.828314897534412,Local,-0.8097258391433191,2,Comfort,2,Moderate,24.93133946044159,Mild,74.66212883379117,42.41062633476538,7.520938093923994,5.639
1932,2024-01-03 16:17:00,113.70781515888515,Highway,-2.398731905696853,1,Eco,3,High,24.965194354370947,Mild,41.55507925984733,18.035146667170437,11.35778389390038,1.588
1979,2024-01-03 16:18:00,92.02186773813276,Highway,1.0422698863250923,3,Sport,1,No Traffic,6.156610723696264,Mild,67.89786728453844,8.407472158015635,8.346911888677909,1.007
1048,2024-01-03 16:19:00,32.194464051332716,Local,-2.953442109975453,1,Eco,2,Moderate,-0.3301633772306909,Mild,55.51469197624901,15.48694028483853,6.602897534438472,2.345
1916,2024-01-03 16:20:00,70.8965440221499,City,-0.1482421406069503,1,Eco,2,Moderate,31.14325787558984,Warm,67.75682294764223,20.66029526017497,9.3461686835913,2.211
1073,2024-01-03 16:21:00,86.57389885314865,Highway,-1.8431885840012443,2,Comfort,1,No Traffic,18.84020707001616,Mild,43.27037857953755,31.54378280409795,10.861191268318333,2.904
1703,2024-01-03 16:22:00,112.95347146881576,Highway,0.764253026612173,1,Eco,1,No Traffic,2.943614287623541,Mild,77.2360770919299,20.532723886817916,9.86841506281393,2.081
1260,2024-01-03 16:23:00,105.79624190104929,Highway,2.876519238827113,1,Eco,2,Moderate,6.7931979600462356,Mild,84.47434929275724,44.86235211607038,11.787852617951538,3.806
1355,2024-01-03 16:24:00,61.82306713658564,City,-0.213582562076124,2,Comfort,1,No Traffic,29.48910216628167,Warm,40.793317908617894,20.120498496976445,7.155551195299479,2.812
1581,2024-01-03 16:25:00,92.9583143751621,Highway,1.904989539154,3,Sport,1,No Traffic,24.397257307317503,Mild,44.04964478845137,9.150538596298404,9.602889240068066,0.953
1601,2024-01-03 16:26:00,67.4573704593102,City,0.0467051217067262,2,Comfort,3,High,37.53249538162488,Warm,72.89234157752745,12.492395874233887,7.862287961194744,1.589
1259,2024-01-03 16:27:00,66.32446680546481,City,-0.0249598133758555,1,Eco,2,Moderate,15.922633668164078,Mild,75.64681394428354,23.3117964745964,9.067281494244718,2.571
1637,2024-01-03 16:28:00,13.769035000583028,Local,2.5825409590726665,2,Comfort,2,Moderate,-2.6516016557427857,Mild,76.327974751796,39.14488747757304,7.634063722088004,5.128
1742,2024-01-03 16:29:00,15.136518961938249,Local,2.339795212480089,2,Comfort,3,High,26.519029034018452,Mild,74.61588038206695,43.48340263711156,7.439192811779043,5.845
1294,2024-01-03 16:30:00,63.54403380269489,City,1.7148027911278465,1,Eco,3,High,6.470983973594107,Mild,51.4246173562031,9.346006898234824,7.735754530766302,1.208
1930,2024-01-03 16:31:00,32.26338539748079,Local,-1.2224654800992951,3,Sport,2,Moderate,9.573454905591088,Mild,51.588293952294265,0.273248195152027,4.860731775505449,0.056
1640,2024-01-03 16:32:00,2.524428295256236,Local,0.2700504943436432,2,Comfort,2,Moderate,3.849171419504559,Mild,40.38540989155051,43.483499703851976,7.076096804831964,6.145
1791,2024-01-03 16:33:00,86.74070446802547,Highway,-1.65661660016589,3,Sport,1,No Traffic,8.902092979773483,Mild,32.546695991709036,11.487003707058475,8.257849560861015,1.391
1312,2024-01-03 16:34:00,3.898391602819795,Local,-0.3364998117207616,2,Comfort,1,No Traffic,32.326621402606804,Warm,75.40619035175246,41.10097071617013,7.1489525846115525,5.749
1611,2024-01-03 16:35:00,71.43322093248655,City,-0.094721605441256,1,Eco,2,Moderate,20.952098725489098,Mild,27.455102877785027,27.582320681196627,9.411590585096167,2.931
1837,2024-01-03 16:36:00,64.70325529527773,City,1.989840241015985,1,Eco,1,No Traffic,-0.0880815527432385,Mild,95.02338294294252,20.265365595115195,8.302374769879664,2.441
1808,2024-01-03 16:37:00,116.25776286933652,Highway,2.3761701919499583,2,Comfort,1,No Traffic,21.39716530262042,Mild,86.1349042937161,7.423178718948394,11.1794372437656,0.664
1181,2024-01-03 16:38:00,58.105576721717,City,-0.512279625621133,2,Comfort,1,No Traffic,23.51035099992087,Mild,88.60045919658049,33.634650795137546,6.674560449008944,5.039
1685,2024-01-03 16:39:00,7.632172365335683,Local,-2.8937733295605765,2,Comfort,3,High,34.81706610817912,Warm,92.53350516921522,40.92605266068767,6.019459743332588,6.799
1827,2024-01-03 16:40:00,66.2025561367754,City,2.1706430387361273,1,Eco,2,Moderate,33.684044961893036,Warm,52.688397657859205,23.108596360129606,8.825545718669208,2.618
1363,2024-01-03 16:41:00,100.93154047393216,Highway,-1.954327928991836,2,Comfort,2,Moderate,-2.1706197692095537,Mild,87.73605786803208,22.373131859935363,10.778105088173833,2.076
1187,2024-01-03 16:42:00,119.6219141137728,Highway,0.7312917833423613,1,Eco,2,Moderate,34.00141427393785,Warm,32.64490402333195,37.788427042743216,12.75260029155965,2.963
1568,2024-01-03 16:43:00,51.6411808426887,City,-2.850174597395213,2,Comfort,1,No Traffic,-2.7101869695783005,Mild,21.731343568658858,25.05591878945885,8.262148879828914,3.033
1542,2024-01-03 16:44:00,38.4358490996091,Local,-0.6029611484366146,1,Eco,1,No Traffic,1.935489289568915,Mild,82.791311573108,39.30206797898199,6.617669196234585,5.939
1595,2024-01-03 16:45:00,108.79839563423988,Highway,2.9157618126920983,2,Comfort,3,High,0.019750093416631,Mild,25.983731839755144,2.8004093412086446,10.894022905194658,0.257
1663,2024-01-03 16:46:00,22.949055489134565,Local,-2.3958383933771814,3,Sport,3,High,3.176375828002019,Mild,99.08197338607371,42.89576779915924,7.667806158429633,5.594
1984,2024-01-03 16:47:00,73.85146980395119,City,-0.4578410880021462,3,Sport,2,Moderate,31.146789740606053,Warm,73.98371436812448,13.177325152176318,5.826189819546791,2.262
1547,2024-01-03 16:48:00,48.685730901713725,Local,-1.157100298860287,1,Eco,3,High,25.87537050940478,Mild,80.27597681936844,8.542811711465442,5.712519886371799,1.495
1724,2024-01-03 16:49:00,4.929883794666634,Local,2.430528740329586,2,Comfort,3,High,25.91330967977454,Mild,39.664308502229275,1.7114460227473125,5.792953531925367,0.295
1925,2024-01-03 16:50:00,41.67461691668373,Local,2.2160406474441308,3,Sport,1,No Traffic,36.49574284055363,Warm,73.90923151357505,41.72024764225927,8.20860221138668,5.083
1407,2024-01-03 16:51:00,31.82742270032095,Local,-1.573807438162627,2,Comfort,2,Moderate,12.633296459798594,Mild,23.45759498039658,3.099753014698621,6.850953380983443,0.452
1875,2024-01-03 16:52:00,82.33093847321842,Highway,-2.512873277697413,2,Comfort,2,Moderate,-4.852065059950392,Mild,87.02605759388807,47.72607774928777,10.114342913047986,4.719
1617,2024-01-03 16:53:00,113.85485972303016,Highway,0.7628303643667049,2,Comfort,3,High,23.78958034310389,Mild,33.569927442525795,28.285616602655,12.16587017266955,2.325
1413,2024-01-03 16:54:00,32.16566248543653,Local,-0.9817877286977414,3,Sport,1,No Traffic,34.063347389154195,Warm,75.78864534670164,34.964290927865164,7.143507304823895,4.895
1341,2024-01-03 16:55:00,97.37591269820182,Highway,1.0325063436363786,1,Eco,3,High,38.93170812524702,Warm,37.95844009861827,36.29299006062849,12.19642693835302,2.976
1219,2024-01-03 16:56:00,6.643178032609143,Local,-2.807281463593113,3,Sport,3,High,11.375172864218666,Mild,25.47625355408342,14.704955989399751,5.145638325105239,2.858
1902,2024-01-03 16:57:00,64.57452120477758,City,-2.1996045889350633,1,Eco,2,Moderate,31.996848479939267,Warm,58.519494283951545,40.34227156069286,8.62761911291878,4.676
1162,2024-01-03 16:58:00,8.46600764518735,Local,1.1182333966358602,3,Sport,1,No Traffic,33.21524714523972,Warm,33.542896821823156,47.31740973365448,8.898347629627743,5.318
1950,2024-01-03 16:59:00,112.08395893567672,Highway,-1.7257760681850134,2,Comfort,3,High,1.4997028489259154,Mild,78.35551906612397,18.555570370285444,10.678968956475067,1.738
1219,2024-01-03 17:00:00,91.96215366688682,Highway,2.1455260545744093,2,Comfort,3,High,23.41743498650494,Mild,39.00526747067879,41.78393459313984,11.520335639241187,3.627
1269,2024-01-03 17:01:00,78.95398934455108,City,-2.648454673739187,2,Comfort,1,No Traffic,2.7913044613391165,Mild,47.39780449886631,38.62478678400958,11.293427585663272,3.42
1631,2024-01-03 17:02:00,98.86756579495972,Highway,-1.7071081032865525,3,Sport,3,High,15.098386816916218,Mild,65.39514010115784,29.52083401599632,10.546099236649257,2.799
1905,2024-01-03 17:03:00,77.70237546841958,City,2.9913614909104123,3,Sport,2,Moderate,34.567011364255656,Warm,42.797462206184925,18.44403730134766,9.450357373545812,1.952
1847,2024-01-03 17:04:00,116.27332766091494,Highway,-0.4015433844792442,1,Eco,3,High,30.526020047086483,Warm,50.239049296796935,20.81774616374262,11.738769253313585,1.773
1399,2024-01-03 17:05:00,85.67495374377258,Highway,1.217793981267861,3,Sport,2,Moderate,20.6652755664286,Mild,85.24974168323094,15.449665108524412,8.986413086298395,1.719
1181,2024-01-03 17:06:00,110.9590331498696,Highway,-1.904021706857918,1,Eco,2,Moderate,31.39191239544095,Warm,34.336787964882056,21.370896990283345,11.171472878644868,1.913
1990,2024-01-03 17:07:00,62.055827041276565,City,0.6592124099132262,3,Sport,2,Moderate,1.877237897980729,Mild,26.576127158554694,49.48238322424183,10.404495578493792,4.756
1617,2024-01-03 17:08:00,14.04772955782352,Local,1.3566364102165114,2,Comfort,2,Moderate,3.771371541398304,Mild,46.268622810641546,18.234397010317355,6.0069768353269515,3.036
1728,2024-01-03 17:09:00,63.381326570762056,City,-1.1131401848009368,3,Sport,2,Moderate,4.398915620062198,Mild,53.950141361110255,33.30893670217268,10.35615805796145,3.216
1204,2024-01-03 17:10:00,15.224739367571196,Local,1.9733826718552665,2,Comfort,2,Moderate,29.920609992839097,Warm,63.41274257092542,16.04836102239249,5.664876166467018,2.833
1581,2024-01-03 17:11:00,71.09921750116861,City,0.6205054708336997,3,Sport,3,High,35.093447704289275,Warm,49.79389569400056,23.38572201087829,8.823966685687015,2.65
1555,2024-01-03 17:12:00,57.899167263319555,City,-0.6652619423098187,1,Eco,1,No Traffic,20.3276344198166,Mild,83.19293601782441,4.28032252082602,6.833637903299606,0.626
1840,2024-01-03 17:13:00,74.70904773993381,City,0.3458543600589516,3,Sport,3,High,38.10872311310539,Warm,23.14555901347786,38.185388371192715,11.819320872020384,3.231
1812,2024-01-03 17:14:00,1.2056377265797913,Local,0.4605650846155456,2,Comfort,1,No Traffic,27.761361304245725,Mild,54.54140305588464,33.08511991700339,5.597265767375937,5.911
1227,2024-01-03 17:15:00,23.380858998643692,Local,-2.006788243836804,3,Sport,3,High,20.3657725228103,Mild,50.58047317251237,17.439501906685564,6.921508505575965,2.52
1695,2024-01-03 17:16:00,58.95965182945571,City,-0.5836057807982034,1,Eco,1,No Traffic,22.521573708372813,Mild,71.80627926454872,26.289749639977863,7.636331387014571,3.443
1618,2024-01-03 17:17:00,114.06042739069618,Highway,-0.9394164718830416,1,Eco,3,High,33.229036896088786,Warm,97.30210015179168,43.62386961785166,12.473281609321903,3.497
1595,2024-01-03 17:18:00,46.03308484261901,Local,-0.5945836645252438,1,Eco,2,Moderate,-0.9418681660597644,Mild,60.83003253030897,2.3171925114868994,5.019784471647418,0.462
1849,2024-01-03 17:19:00,50.92464312643616,City,1.5666635309115478,1,Eco,1,No Traffic,2.5607869149273164,Mild,98.95014775533764,46.517803187711664,8.119134243759914,5.729
1249,2024-01-03 17:20:00,85.76353068079466,Highway,-0.1047695551999643,3,Sport,3,High,6.983274269878674,Mild,44.1799515930558,23.592900163371684,10.377078236830696,2.274
1874,2024-01-03 17:21:00,72.45513087433416,City,2.6418969194355864,1,Eco,2,Moderate,35.2649135195636,Warm,22.46945060339688,42.99680473477584,11.4261062333186,3.763
1440,2024-01-03 17:22:00,35.871138011799985,Local,-1.2379415198493828,3,Sport,3,High,37.52252370042949,Warm,33.25305339811302,43.08799794233232,8.100045133234717,5.319
1532,2024-01-03 17:23:00,49.29796746809133,Local,-0.5057785302904261,3,Sport,1,No Traffic,11.027674681089785,Mild,51.60999078196539,3.0297426124317375,7.066616743982496,0.429
1195,2024-01-03 17:24:00,26.123975862867898,Local,1.721740862874249,3,Sport,3,High,36.57357517050594,Warm,45.306712735084176,39.10156913752262,8.235144820708173,4.748
1689,2024-01-03 17:25:00,115.92257509562502,Highway,0.2761475599245013,1,Eco,3,High,19.6081510435217,Mild,27.764330478670217,36.670082566049686,13.431830896916171,2.73
1928,2024-01-03 17:26:00,15.67612578688317,Local,0.2821688785466865,1,Eco,2,Moderate,16.29731848804417,Mild,54.61280861525735,2.2553579955375227,6.046954302391896,0.373
1986,2024-01-03 17:27:00,44.62041414797034,Local,-2.679959021968899,3,Sport,2,Moderate,32.474410506831994,Warm,47.04926173276502,47.0328397307894,9.157333915433467,5.136
1518,2024-01-03 17:28:00,3.100676666401343,Local,-0.6084020236892651,3,Sport,2,Moderate,19.573754659863237,Mild,29.80953763659507,31.763956979068347,6.033414436635684,5.265
1069,2024-01-03 17:29:00,26.613539032025567,Local,-1.375597605469605,3,Sport,1,No Traffic,15.451703449054634,Mild,43.689370448952715,8.45994702963793,6.209377350791711,1.362
1638,2024-01-03 17:30:00,93.65653660561858,Highway,2.996010736986692,2,Comfort,2,Moderate,-4.28164230783494,Mild,90.91488442843124,6.24254999908988,9.805126458409028,0.637
1398,2024-01-03 17:31:00,24.141027874665536,Local,-1.1498695762061384,2,Comfort,1,No Traffic,-4.419605191824131,Mild,44.163909239147216,28.14245231813639,7.603760428257217,3.701
1977,2024-01-03 17:32:00,9.607608303475873,Local,2.306979208763181,1,Eco,2,Moderate,23.24161300560076,Mild,77.11643385936412,3.03582979704353,3.724114923961376,0.815
1671,2024-01-03 17:33:00,56.93438158134279,City,1.0574024102428652,2,Comfort,2,Moderate,-1.696238111888774,Mild,68.96376637262046,8.304043767524858,7.539942319469984,1.101
1759,2024-01-03 17:34:00,1.1963081681422194,Local,-0.9545015448474574,3,Sport,2,Moderate,28.162538893131845,Warm,54.17449299266974,47.42776505820805,7.1865430716657075,6.6
1202,2024-01-03 17:35:00,10.17193853115998,Local,0.2612062702447417,3,Sport,2,Moderate,23.00536584814008,Mild,39.122050944293534,37.262568850470835,7.594163608374275,4.907
1147,2024-01-03 17:36:00,96.91510434755702,Highway,2.043215279695163,1,Eco,1,No Traffic,15.597828972046944,Mild,49.52117594767564,30.713106691578577,11.46919534790056,2.678
1471,2024-01-03 17:37:00,92.57680138315276,Highway,2.3002097881854713,1,Eco,1,No Traffic,26.9411639400259,Mild,67.36857707768343,10.52009927640932,8.381034840048,1.255
1654,2024-01-03 17:38:00,109.81665844858752,Highway,-2.037636749963129,2,Comfort,1,No Traffic,39.688210501125184,Warm,48.060257179948394,11.003938964587253,9.627307099877571,1.143
1943,2024-01-03 17:39:00,102.54185230928994,Highway,-0.9625611527509824,3,Sport,2,Moderate,6.086054813463418,Mild,37.19171468593855,22.346883296983613,9.569573556088068,2.335
1198,2024-01-03 17:40:00,81.98106758877817,Highway,-0.98866091871857,1,Eco,2,Moderate,20.067506506626724,Mild,29.31701991133057,37.72730787616144,11.448963722883978,3.295
1916,2024-01-03 17:41:00,6.279942876079541,Local,-2.747731223544332,1,Eco,2,Moderate,32.92851577932351,Warm,90.38135503276524,0.2960872436669887,2.6798588712618665,0.11
1425,2024-01-03 17:42:00,93.9418341583989,Highway,0.589426559111379,2,Comfort,1,No Traffic,-4.240629295710818,Mild,55.22503806015245,2.3093358063827263,8.70319208585627,0.265
1665,2024-01-03 17:43:00,101.46129730086726,Highway,2.1289203179531277,1,Eco,3,High,4.15787479161305,Mild,70.0166657394344,43.51856987583988,12.739931809613,3.416
1491,2024-01-03 17:44:00,95.88985749263452,Highway,-0.7105536730468933,2,Comfort,3,High,18.443139527195036,Mild,59.23282889094442,40.72187753393103,10.277729692261838,3.962
1887,2024-01-03 17:45:00,61.01748423696313,City,1.4402156699050623,3,Sport,3,High,19.85107112196252,Mild,89.80532146863708,34.76458948521486,9.61632230502184,3.615
1895,2024-01-03 17:46:00,27.9482206379378,Local,0.7662024816044397,2,Comfort,1,No Traffic,-1.1150031176439017,Mild,63.75478819585687,25.02664738327217,8.739146499907378,2.864
1141,2024-01-03 17:47:00,101.4395970826472,Highway,-0.7461075870419949,1,Eco,3,High,13.334328654988571,Mild,58.46251343592907,7.341826216031991,9.533720856462487,0.77
1312,2024-01-03 17:48:00,87.25953716881662,Highway,-2.1536412030462175,2,Comfort,1,No Traffic,18.39031410937815,Mild,93.968079233737,5.201436245638376,8.551583059035874,0.608
1164,2024-01-03 17:49:00,117.6913409266622,Highway,1.2559431166558035,2,Comfort,1,No Traffic,14.033906446465512,Mild,77.57516768362837,45.27827874190285,12.998771100207742,3.483
1313,2024-01-03 17:50:00,18.68311173071195,Local,2.1273910136474425,3,Sport,2,Moderate,26.5268315111707,Mild,28.923992587748582,19.18783979311253,6.632744260758891,2.893
1020,2024-01-03 17:51:00,27.07974996624661,Local,1.115126954408951,2,Comfort,2,Moderate,29.711374988996532,Warm,34.21635689574512,34.81655860101955,7.436524967582077,4.682
1081,2024-01-03 17:52:00,25.415777985780323,Local,-2.8927290957910916,1,Eco,1,No Traffic,15.711772866554966,Mild,82.96982903515536,22.864284306156087,7.324512350378415,3.122
1580,2024-01-03 17:53:00,95.1047721145604,Highway,-1.7026026336540525,1,Eco,3,High,14.154687752715096,Mild,86.86810569439635,36.5733531016997,10.66381447124724,3.43
1130,2024-01-03 17:54:00,22.428875574014175,Local,-2.5831200906988085,3,Sport,1,No Traffic,26.74136518537553,Mild,63.61526632722372,9.74611317984816,5.7361086690761605,1.699
1598,2024-01-03 17:55:00,7.999179578796731,Local,0.4223165974573604,3,Sport,1,No Traffic,19.98860614992051,Mild,64.35641822933114,24.279939166469862,4.084954430038281,5.944
1729,2024-01-03 17:56:00,119.82729679027544,Highway,1.538866073042474,3,Sport,3,High,34.1697750976286,Warm,70.55463702811556,18.90563101476812,10.409573969487967,1.816
1932,2024-01-03 17:57:00,2.9780653734178975,Local,-2.3365248775880434,1,Eco,2,Moderate,16.651576813660284,Mild,55.12926194261116,12.328179653860571,5.120397793022109,2.408
1983,2024-01-03 17:58:00,100.22928721906388,Highway,2.0300269235603112,2,Comfort,1,No Traffic,20.844736405247325,Mild,74.41592987871232,29.925785776311763,11.233225300078583,2.664
1304,2024-01-03 17:59:00,43.844020986078334,Local,0.3330538703728991,1,Eco,2,Moderate,0.7962341413318743,Mild,28.678500605313253,26.894967388097108,7.513108080806438,3.58
1914,2024-01-03 18:00:00,100.99385517093783,Highway,1.1398140728503492,1,Eco,2,Moderate,32.619875883022104,Warm,96.9023393893909,24.83499239312565,10.888117556578376,2.281
1370,2024-01-03 18:01:00,66.5544589453374,City,2.828411091651877,3,Sport,2,Moderate,14.003145925771118,Mild,80.01238590359374,29.596026583491124,9.091264151779356,3.255
1856,2024-01-03 18:02:00,108.1957475383632,Highway,-2.497914070513816,3,Sport,1,No Traffic,27.35784817551948,Mild,70.49393632072055,7.212285405390571,9.546975618753049,0.755
1852,2024-01-03 18:03:00,111.1431583697552,Highway,2.407344137866735,2,Comfort,3,High,14.326723708650892,Mild,45.305764560758455,18.59036187592753,10.959463084978736,1.696
1383,2024-01-03 18:04:00,1.0917817536931196,Local,-2.2433838240755444,2,Comfort,3,High,-4.954449661838348,Mild,32.87643899653833,16.301246243537893,6.376221581813432,2.557
1907,2024-01-03 18:05:00,9.049461119134593,Local,-0.6422471601799065,2,Comfort,2,Moderate,13.018461261988094,Mild,52.74743710631557,38.48185349559729,6.344393077498869,6.065
1444,2024-01-03 18:06:00,30.043047548502656,Local,2.108632177986686,2,Comfort,2,Moderate,1.6375987785354695,Mild,72.92613924592467,1.8826313396943253,4.533857082998046,0.415
1424,2024-01-03 18:07:00,80.3178499636202,Highway,2.4375254204272094,1,Eco,3,High,12.937678568575013,Mild,70.69677947384888,14.168361533296668,8.898028191255309,1.592
1160,2024-01-03 18:08:00,106.59266358138072,Highway,0.038230041270872,2,Comfort,2,Moderate,9.460477310244697,Mild,50.61129240524572,45.922886078195646,12.977284297473258,3.539
1177,2024-01-03 18:09:00,55.193034155275534,City,0.5646278296525509,1,Eco,3,High,4.114632040402061,Mild,69.06291150665038,15.087497380875954,7.695161331390744,1.961
1628,2024-01-03 18:10:00,72.83677395291186,City,1.248884007591343,1,Eco,3,High,0.5697443724823357,Mild,85.0998636454038,7.679783829785732,7.180919951982866,1.069
1707,2024-01-03 18:11:00,22.619982335467338,Local,1.996552010716285,2,Comfort,1,No Traffic,27.78525500122327,Mild,22.102781787008567,37.891535281576694,8.086297678692935,4.686
1894,2024-01-03 18:12:00,96.59602006580224,Highway,-2.270932982774003,2,Comfort,2,Moderate,28.968713603485092,Warm,56.049683834422055,2.4874251074648166,9.781754469256288,0.254
1489,2024-01-03 18:13:00,116.07937336241636,Highway,1.8604158493753664,1,Eco,2,Moderate,6.924887734772087,Mild,80.68441827734328,21.373360508673414,11.303327427094764,1.891
1326,2024-01-03 18:14:00,32.23187194975169,Local,-0.1123430969302994,3,Sport,1,No Traffic,17.283560112256847,Mild,63.691557637070176,42.78235220628869,7.366483518897463,5.808
1597,2024-01-03 18:15:00,59.37911419206556,City,-0.2962594493509858,2,Comfort,3,High,15.8831926357104,Mild,72.1180870343256,47.70933105464065,9.828902765649648,4.854
1288,2024-01-03 18:16:00,10.333933260764857,Local,-0.4566014880180105,3,Sport,2,Moderate,10.98614069756508,Mild,61.33411140842736,12.526085871976868,5.037577049823973,2.487
1592,2024-01-03 18:17:00,67.09639877555621,City,0.0552695114762555,1,Eco,1,No Traffic,7.493673180853971,Mild,99.34996357458488,14.880491465103775,7.190120932202254,2.07
1663,2024-01-03 18:18:00,60.33401302160166,City,2.670303320367621,3,Sport,3,High,3.371428420676219,Mild,24.369722919123056,28.40583013344435,8.767870457776379,3.24
1572,2024-01-03 18:19:00,17.33237809860931,Local,0.2892226367529096,1,Eco,1,No Traffic,34.28016790308892,Warm,59.28358574179018,11.404922760921544,6.1442779268918795,1.856
1572,2024-01-03 18:20:00,53.047945574169006,City,2.7190652295788356,3,Sport,1,No Traffic,32.4990619445805,Warm,27.313323929161413,7.6221289205018925,7.422444347101198,1.027
1353,2024-01-03 18:21:00,40.09255825038759,Local,-1.9182592163061565,3,Sport,1,No Traffic,13.773073460652244,Mild,32.78284496908563,21.35647740179235,8.822176616767438,2.421
1027,2024-01-03 18:22:00,62.61970503662272,City,1.3448158729957989,3,Sport,1,No Traffic,27.45405654373978,Mild,50.64306803346095,3.7051791693394382,6.814835414525759,0.544
1953,2024-01-03 18:23:00,70.2785202514559,City,1.873437231652483,1,Eco,3,High,17.42494370796484,Mild,32.44320732003899,44.72157656261006,11.668192702504708,3.833
1042,2024-01-03 18:24:00,1.019469432865141,Local,1.0747729880091716,1,Eco,1,No Traffic,-1.1577530618272251,Mild,97.09497327653207,16.776411434888146,4.750101914867077,3.532
1680,2024-01-03 18:25:00,91.32071795394664,Highway,0.6415336813592423,1,Eco,3,High,32.0075728799373,Warm,95.74318213801271,16.880577819867966,8.839692125154738,1.91
1422,2024-01-03 18:26:00,85.5617150234089,Highway,0.3888766865170936,2,Comfort,1,No Traffic,4.867219480634434,Mild,46.8887716976483,39.58951834763548,12.267528807013957,3.227
1597,2024-01-03 18:27:00,43.95436634478266,Local,2.165582895472176,1,Eco,1,No Traffic,26.806787982766448,Mild,71.17981696301436,17.14326303455719,8.975261487442111,1.91
1176,2024-01-03 18:28:00,6.352312268258191,Local,1.9298795829870008,2,Comfort,2,Moderate,18.732908421182465,Mild,62.70026564750289,38.06925216199373,7.56488666415771,5.032
1528,2024-01-03 18:29:00,90.59190477420604,Highway,-2.266267672916402,1,Eco,2,Moderate,26.074298641652504,Mild,85.24695844126148,9.143976499052688,9.847942450548846,0.929
1609,2024-01-03 18:30:00,114.62101925737588,Highway,2.091525942185269,2,Comfort,2,Moderate,16.204137507578317,Mild,70.19564878535537,26.496518037758925,12.112941382533354,2.187
1965,2024-01-03 18:31:00,28.818191522641705,Local,-0.5155882833573449,3,Sport,2,Moderate,26.6152516814644,Mild,20.02019635924497,38.448722327936345,9.156693083698174,4.199
1493,2024-01-03 18:32:00,38.822953648444546,Local,-1.477819020025135,3,Sport,1,No Traffic,-3.52343511747112,Mild,81.05395084877911,22.549965241051098,7.088578474724827,3.181
1197,2024-01-03 18:33:00,22.057546737817795,Local,2.2186114080835555,1,Eco,1,No Traffic,-3.1616177404589587,Mild,79.74784970368944,3.683481872009356,5.265502029945403,0.7
1609,2024-01-03 18:34:00,69.23233480138076,City,-0.4078512021975502,2,Comfort,3,High,35.33529843469794,Warm,60.77781644531848,36.87142725040832,11.064288102226444,3.332
1576,2024-01-03 18:35:00,18.580967357694593,Local,1.8501881410609,3,Sport,1,No Traffic,28.736230718720073,Warm,92.2335178586443,24.753419040524427,6.347129388428757,3.9
1841,2024-01-03 18:36:00,42.743273215365534,Local,-1.419578328264933,3,Sport,3,High,32.281038394730594,Warm,92.67569645523211,15.889164543245064,5.798465349770055,2.74
1852,2024-01-03 18:37:00,83.64156167211155,Highway,-2.976424071466693,2,Comfort,1,No Traffic,15.546342411459136,Mild,61.91293413635178,49.64050716921395,12.499921953084018,3.971
1516,2024-01-03 18:38:00,67.21391796112181,City,-0.0272448425823337,1,Eco,1,No Traffic,15.684108784729482,Mild,68.63905849572302,43.81600405781814,9.469880581613548,4.627
1513,2024-01-03 18:39:00,46.37550771935223,Local,-2.3986304601426944,3,Sport,3,High,19.030181599798286,Mild,99.72176575397378,1.9873452241036924,6.63291791926587,0.3
1021,2024-01-03 18:40:00,50.42995221690503,City,1.5262557331494584,1,Eco,2,Moderate,5.964792104193272,Mild,43.9056187849134,29.723336104903208,7.690023494608898,3.865
1111,2024-01-03 18:41:00,67.45330591478753,City,-1.3435491835835378,1,Eco,1,No Traffic,28.00761243198525,Warm,45.96937938491819,17.79297968611894,8.54721109583214,2.082
1056,2024-01-03 18:42:00,0.7037673464593563,Local,-0.3381261203791279,2,Comfort,2,Moderate,32.32544815302522,Warm,34.62191221307971,1.9665189332056872,4.246450986329086,0.463
1065,2024-01-03 18:43:00,9.421184214433184,Local,-2.4777986094506748,2,Comfort,3,High,35.825084169492825,Warm,91.66935513262943,0.6637216437630571,4.674775326532602,0.142
1841,2024-01-03 18:44:00,105.7509681315614,Highway,-1.280044509316484,3,Sport,1,No Traffic,18.266523176897437,Mild,79.5590711959413,29.229513346974144,10.509494094386074,2.781
1097,2024-01-03 18:45:00,9.345478690954891,Local,1.6889414595514314,2,Comfort,3,High,13.655942757730385,Mild,28.45142790961935,16.074519902070104,6.217522693010352,2.585
1143,2024-01-03 18:46:00,84.81643154526061,Highway,-2.0904725285860835,3,Sport,1,No Traffic,32.391995995523295,Warm,98.54138809583723,35.19547870292068,9.97860385298276,3.527
1879,2024-01-03 18:47:00,110.4045796930863,Highway,0.8829573667617443,3,Sport,3,High,28.86996010289686,Warm,78.4769366528893,22.775622182826535,11.448539564779168,1.989
1434,2024-01-03 18:48:00,32.48203251620773,Local,2.5045551168270066,3,Sport,3,High,34.02729488691367,Warm,88.04176876839796,38.34822820634247,6.423113074486182,5.97
1636,2024-01-03 18:49:00,44.45897244714171,Local,1.079020558546322,1,Eco,2,Moderate,24.50789758535839,Mild,23.85206313385607,40.67195521029245,9.822517808998407,4.141
1678,2024-01-03 18:50:00,68.27056870136596,City,1.8661301357533608,1,Eco,2,Moderate,34.749098656278996,Warm,60.396873515373414,32.89599681003517,9.792653318974272,3.359
1085,2024-01-03 18:51:00,105.80507635663017,Highway,-2.3461702241765052,2,Comfort,2,Moderate,-0.9931250279605432,Mild,75.88786293816314,20.95683316270747,12.441761440233025,1.684
1587,2024-01-03 18:52:00,113.02867047125042,Highway,-1.4956090439876732,2,Comfort,1,No Traffic,25.58027099584731,Mild,63.435726765747305,49.42501479222349,11.282031109247251,4.381
1343,2024-01-03 18:53:00,88.74758977335216,Highway,2.3672331134435467,3,Sport,3,High,-1.0042210180750173,Mild,73.3317972559422,15.403600498835102,9.419045476898866,1.635
1935,2024-01-03 18:54:00,10.394371302563282,Local,1.2906336817085355,3,Sport,2,Moderate,28.700843948208153,Warm,85.4299250872378,25.77750878876559,6.021781346579689,4.281
1293,2024-01-03 18:55:00,80.29849866418209,Highway,0.8373229582638668,1,Eco,1,No Traffic,23.279974155982295,Mild,49.9469650368157,26.068164710887803,9.278262185047382,2.81
1955,2024-01-03 18:56:00,49.23644662471945,Local,0.9826004167302004,1,Eco,2,Moderate,-4.280359028829056,Mild,87.89349404949678,21.474108677931152,6.253148598073257,3.434
1570,2024-01-03 18:57:00,56.48411993892739,City,-0.5147966741721395,3,Sport,1,No Traffic,21.966744373305005,Mild,33.03328838122326,6.158624423860428,7.676215387325982,0.802
1649,2024-01-03 18:58:00,5.897806841421245,Local,-2.732660210294081,3,Sport,3,High,1.582591385140323,Mild,41.67088440210998,17.761710401787827,5.7008249618343125,3.116
1610,2024-01-03 18:59:00,22.927456721562983,Local,1.7066492524243744,2,Comfort,3,High,1.4085138900581402,Mild,23.467649594186064,10.83796832048898,7.045704895487487,1.538
1703,2024-01-03 19:00:00,94.86163290403772,Highway,1.0722794172921226,3,Sport,3,High,1.770835524547801,Mild,49.15414490682009,45.00287393220245,12.493736695882372,3.602
1242,2024-01-03 19:01:00,54.47505996574317,City,-0.1631732153236518,3,Sport,1,No Traffic,16.77206210110791,Mild,50.39276358592963,32.80321664216846,9.765093845818903,3.359
1830,2024-01-03 19:02:00,36.19946899573786,Local,2.398557692209545,3,Sport,3,High,0.1984114314343772,Mild,84.42164777658007,14.461927784383452,5.787372529096488,2.499
1560,2024-01-03 19:03:00,46.08228887579498,Local,-0.9830420100894068,1,Eco,1,No Traffic,0.6545086803727491,Mild,72.25045362317248,28.33005789854969,6.716499641077034,4.218
1959,2024-01-03 19:04:00,102.52794159908164,Highway,-1.2340695346125845,1,Eco,1,No Traffic,6.527559376024442,Mild,54.93780465245333,42.675055355796346,11.58329840234648,3.684
1031,2024-01-03 19:05:00,89.87988208859483,Highway,2.2367779504766574,2,Comfort,1,No Traffic,-4.961379927750789,Mild,72.16911828989986,46.7282812816325,10.641603409706596,4.391
1390,2024-01-03 19:06:00,32.677847661729935,Local,1.781925928553913,2,Comfort,3,High,7.410539513081481,Mild,24.222668041255293,3.8442745887221887,4.901840109344311,0.784
1276,2024-01-03 19:07:00,14.100220825484795,Local,0.0898788638900685,2,Comfort,3,High,22.828349506091477,Mild,34.42172288147009,39.36673423265227,8.56918097155041,4.594
1531,2024-01-03 19:08:00,30.239786597288607,Local,-2.2155915632529,3,Sport,3,High,22.070675226791447,Mild,70.1558284193404,48.318773747050706,7.868732713650504,6.141
1153,2024-01-03 19:09:00,110.49077412656804,Highway,-1.7095711712096853,3,Sport,1,No Traffic,38.629014167409075,Warm,71.30934553802419,23.41556553163855,10.912939266469644,2.146
1382,2024-01-03 19:10:00,69.79066054197064,City,0.9373679424528398,1,Eco,3,High,0.3833535540899833,Mild,81.93077269659418,49.77714710009113,11.033189673779464,4.512
1067,2024-01-03 19:11:00,64.01762504937395,City,-0.6897525729575298,3,Sport,1,No Traffic,33.950709915951066,Warm,52.23998072428817,47.8581917439703,11.537356050201192,4.148
1877,2024-01-03 19:12:00,71.56723196309538,City,2.018839149995827,3,Sport,3,High,12.603539195346478,Mild,77.8043277292925,32.87887826973997,8.658522282548876,3.797
1883,2024-01-03 19:13:00,43.92339188958183,Local,2.699730055993225,1,Eco,1,No Traffic,12.416632958274056,Mild,74.71842660481515,42.39580884464264,8.95908475515254,4.732
1213,2024-01-03 19:14:00,96.85284243834153,Highway,1.8338215516495096,2,Comfort,2,Moderate,10.696489763095464,Mild,97.07147026958792,14.89849957762402,9.463516375175088,1.574
1654,2024-01-03 19:15:00,62.79434991602998,City,-0.7347274620266573,3,Sport,3,High,0.6131439149331319,Mild,37.210418113974335,45.88143615113666,11.34978805820476,4.042
1375,2024-01-03 19:16:00,14.009748332255466,Local,1.7321185753885446,1,Eco,3,High,16.532726669452636,Mild,64.13436510021116,29.63526659911165,5.669162541768799,5.227
1743,2024-01-03 19:17:00,15.487814979487556,Local,-0.8913499591758995,1,Eco,1,No Traffic,30.432008620615623,Warm,68.14115536883754,25.532312843715054,7.703903747830152,3.314
1212,2024-01-03 19:18:00,64.4230975803142,City,-1.9973994734061968,2,Comfort,1,No Traffic,34.39445832164641,Warm,99.89183079473766,41.79952204807943,9.296642793881242,4.496
1078,2024-01-03 19:19:00,112.3884261685007,Highway,-2.7996407708048556,1,Eco,1,No Traffic,38.32866661573133,Warm,36.09473137333214,44.48576948963279,12.159754486546264,3.658
1725,2024-01-03 19:20:00,37.00225460114385,Local,-0.6856997234338795,2,Comfort,2,Moderate,30.33816185652036,Warm,61.85744159738338,35.0923284381937,7.483537887948587,4.689
1627,2024-01-03 19:21:00,104.3449402631062,Highway,2.421355822183691,2,Comfort,3,High,23.0391267544646,Mild,47.69482461709111,1.3493105331675077,8.99213271636625,0.15
1603,2024-01-03 19:22:00,91.69147038946552,Highway,-1.566080473465941,2,Comfort,1,No Traffic,17.389020086769868,Mild,62.07143748631999,29.900586470887287,9.270220943826017,3.225
1781,2024-01-03 19:23:00,29.737493148828825,Local,-1.760921010421296,2,Comfort,2,Moderate,34.37037632206281,Warm,38.570288168248474,41.10062922958281,8.751586883885235,4.696
1922,2024-01-03 19:24:00,4.360889797949095,Local,2.8189247114462415,2,Comfort,2,Moderate,28.278112308617217,Warm,23.808990274199047,27.308940000853003,6.395612172501956,4.27
1380,2024-01-03 19:25:00,12.221671817085928,Local,-2.849975322896447,1,Eco,1,No Traffic,2.256617918718137,Mild,65.80523631181511,46.74944630948974,7.060002603003506,6.622
1679,2024-01-03 19:26:00,87.41927206169282,Highway,1.7146929023625257,3,Sport,3,High,25.714772175829292,Mild,46.86834526886657,44.87613755424952,12.631833051223168,3.553
1057,2024-01-03 19:27:00,23.960368564877605,Local,-1.071780265554778,2,Comfort,1,No Traffic,14.396736906850537,Mild,34.555312139874694,26.530844965107743,7.189999799929126,3.69
1795,2024-01-03 19:28:00,44.552510460647255,Local,-2.775072258782044,2,Comfort,1,No Traffic,21.810985483981664,Mild,45.9148452862427,20.251156558230797,8.175893459933492,2.477
1025,2024-01-03 19:29:00,60.20389992077098,City,2.5068152412575015,3,Sport,1,No Traffic,35.42588877178431,Warm,23.942416115819594,2.848314892012358,8.683892399990231,0.328
1880,2024-01-03 19:30:00,87.05618021401953,Highway,-2.162146018742498,3,Sport,2,Moderate,24.365674693025685,Mild,96.03537872720828,31.666627380901907,9.621729435138716,3.291
1446,2024-01-03 19:31:00,13.587746791095046,Local,0.3106757023541724,2,Comfort,2,Moderate,37.24259283293261,Warm,66.49183319786084,13.371638790826918,4.4658671563316314,2.994
1065,2024-01-03 19:32:00,48.76396863329538,Local,-1.355674755422713,3,Sport,3,High,33.986635386883414,Warm,85.18149450776198,33.45577037905886,7.694950735764106,4.348
1920,2024-01-03 19:33:00,58.20874909712345,City,-2.608843186891854,2,Comfort,2,Moderate,0.8005563023551492,Mild,53.84945580381843,39.95818574647979,10.371640220380442,3.853
1759,2024-01-03 19:34:00,64.89924767658476,City,-2.7004650860197255,1,Eco,1,No Traffic,-4.475663879947074,Mild,92.26517340529486,20.493806186392035,7.101740311115645,2.886
1253,2024-01-03 19:35:00,98.203276967426,Highway,-2.3066598069819673,3,Sport,2,Moderate,12.29851338919966,Mild,58.66545772418027,0.8776784473244645,8.639115378706109,0.102
1898,2024-01-03 19:36:00,20.601383405186027,Local,-2.5717979166637197,3,Sport,3,High,33.939849476141916,Warm,65.91562577605356,43.276146314883306,8.081564277027722,5.355
1967,2024-01-03 19:37:00,96.93977421919467,Highway,1.5633486931195373,1,Eco,1,No Traffic,5.355669671957594,Mild,59.343518405012546,27.495454702972527,11.634844743629126,2.363
1043,2024-01-03 19:38:00,83.14541132359827,Highway,-0.0866027862994247,3,Sport,1,No Traffic,26.11299648547732,Mild,78.66226366941213,15.80809274303326,8.699826754593849,1.817
1096,2024-01-03 19:39:00,66.70449770387512,City,-0.942647451906122,1,Eco,2,Moderate,16.41979161503548,Mild,65.332486208165,31.726422656867346,8.793314061407543,3.608
1553,2024-01-03 19:40:00,83.94334444830864,Highway,-0.489786539207957,2,Comfort,2,Moderate,28.573499219308005,Warm,41.72791388643182,33.75226689936526,9.18494633761824,3.675
1226,2024-01-03 19:41:00,49.44212867419877,Local,2.5736804134357403,3,Sport,3,High,2.423959554008074,Mild,31.643162505811706,7.458588669309516,7.782351441149023,0.958
1773,2024-01-03 19:42:00,16.60771031617495,Local,2.464510876428883,3,Sport,1,No Traffic,5.759096754252472,Mild,68.48995111063822,32.355436355617876,7.0651622488902035,4.58
1678,2024-01-03 19:43:00,79.89182883184408,City,1.2940588807354612,1,Eco,3,High,5.913601127350002,Mild,59.1343969237629,14.405680335505744,7.956430063424845,1.811
1435,2024-01-03 19:44:00,62.96067680227467,City,2.3080942645301263,2,Comfort,2,Moderate,19.68096160786948,Mild,27.678055735689036,40.200877463051,10.150697436395978,3.96
1790,2024-01-03 19:45:00,76.72497606513306,City,-1.0821118344742513,2,Comfort,1,No Traffic,8.03310060122621,Mild,51.64939726346147,47.08137792971963,10.636134618729129,4.427
1600,2024-01-03 19:46:00,40.5598537234188,Local,-0.7133440439503032,1,Eco,2,Moderate,31.527506777560973,Warm,61.18211376003629,5.223101650456983,5.747900022415544,0.909
1378,2024-01-03 19:47:00,108.82398928078032,Highway,0.682273091125368,3,Sport,1,No Traffic,10.605739859687628,Mild,86.1514587060472,45.87615409372838,11.63188313041412,3.944
1177,2024-01-03 19:48:00,70.48438422906924,City,0.7417556837835848,3,Sport,3,High,24.738301695567433,Mild,26.088084466668988,45.18195415862901,9.687159432948512,4.664
1426,2024-01-03 19:49:00,10.24829811490486,Local,-0.1098009719259542,1,Eco,1,No Traffic,37.68258487435623,Warm,47.879627859680234,17.2110901236046,3.9721326152297936,4.333
1914,2024-01-03 19:50:00,53.97647888453144,City,-0.5960529093722804,1,Eco,2,Moderate,22.311567295636937,Mild,85.81248981683083,1.5388922302567407,5.052214556893996,0.305
1708,2024-01-03 19:51:00,90.76272656923612,Highway,2.9170818696521703,1,Eco,1,No Traffic,5.896908499622926,Mild,71.8739145417263,33.194946789835214,9.32858874173575,3.558
1306,2024-01-03 19:52:00,95.29614740787268,Highway,1.9267417567063465,3,Sport,3,High,32.37055029109648,Warm,43.19666574430294,17.301087751665108,9.462801030593235,1.828
1778,2024-01-03 19:53:00,59.351646331651054,City,-0.3901188126717287,1,Eco,2,Moderate,-4.435586568642473,Mild,87.62680976181139,9.66321005812066,6.541575931625292,1.477
1503,2024-01-03 19:54:00,107.36970849975611,Highway,1.3637548634374106,2,Comfort,3,High,6.5441722643969005,Mild,59.46348644501539,5.5173663466479805,9.932307896502046,0.555
1267,2024-01-03 19:55:00,32.12021246331571,Local,-1.382629840485243,1,Eco,1,No Traffic,12.43707198465028,Mild,59.86815130483684,9.881715466090291,5.27762414916553,1.872
1585,2024-01-03 19:56:00,49.27184366859199,Local,-2.3989840425760205,2,Comfort,1,No Traffic,3.819048761554136,Mild,98.12698713603076,11.949594938484044,4.967279944874058,2.406
1007,2024-01-03 19:57:00,107.8316292682764,Highway,-0.8854138466835559,2,Comfort,1,No Traffic,22.180814164255494,Mild,95.76932025891028,39.81169339201926,11.04588434857677,3.604
1919,2024-01-03 19:58:00,107.55080597658949,Highway,-0.582163199259635,1,Eco,1,No Traffic,20.11002776231133,Mild,48.68261466958751,39.212590344556034,12.427889733944614,3.155
1507,2024-01-03 19:59:00,82.28553225896171,Highway,-2.900777252635975,2,Comfort,2,Moderate,13.29234557974463,Mild,31.246330293046583,24.77126889992142,9.972138531900033,2.484
1475,2024-01-03 20:00:00,103.07766565466642,Highway,1.8887520098153765,3,Sport,1,No Traffic,8.247075099447779,Mild,46.05333858224753,27.71093223391991,11.74347701764516,2.36
1296,2024-01-03 20:01:00,10.65279203474792,Local,-0.8448395856649107,1,Eco,2,Moderate,14.52582595129099,Mild,22.438660824911043,45.899043443041485,7.619455804545529,6.024
1163,2024-01-03 20:02:00,103.79939714493317,Highway,0.4825089946808822,3,Sport,2,Moderate,8.104101552073091,Mild,21.661430936831295,45.41120570770266,13.095193749500355,3.468
1484,2024-01-03 20:03:00,38.47438878602721,Local,-2.5562208763742644,3,Sport,2,Moderate,4.9566328725258515,Mild,51.641770900113535,41.45082277422697,8.434272078007176,4.915
1596,2024-01-03 20:04:00,21.39978149138596,Local,-1.950019027496496,2,Comfort,1,No Traffic,10.80715595392059,Mild,95.28158581577873,18.77626237879415,4.707574354467934,3.989
1071,2024-01-03 20:05:00,28.72438036104556,Local,2.3381623519653596,3,Sport,1,No Traffic,22.105101187785543,Mild,89.70858729857662,18.390964648982845,5.378162737605878,3.42
1566,2024-01-03 20:06:00,50.15622096166645,City,0.6521251672968047,3,Sport,3,High,24.177588552357836,Mild,60.91542671340984,44.40534432225578,9.21255358458883,4.82
1904,2024-01-03 20:07:00,30.143040552536068,Local,2.7017043010229136,1,Eco,1,No Traffic,8.380622247863165,Mild,65.21811049366646,46.33302695143768,7.54003017328183,6.145
1558,2024-01-03 20:08:00,38.468110321979886,Local,2.992500206347902,1,Eco,1,No Traffic,37.63291163483114,Warm,20.47467973968452,39.94288688188296,9.758806029263315,4.093
1910,2024-01-03 20:09:00,16.197418328597053,Local,-0.768839308001434,3,Sport,1,No Traffic,6.788165346292175,Mild,37.24009246670124,37.88108698558401,7.700005277786295,4.92
1943,2024-01-03 20:10:00,35.541211867079824,Local,-1.2071816155003523,2,Comfort,2,Moderate,27.045944958023348,Mild,21.9819301547507,27.95238431031954,7.1843826792721,3.891
1237,2024-01-03 20:11:00,68.67405774504014,City,2.150136330954581,2,Comfort,3,High,-1.333397439590001,Mild,80.36316261563101,16.982911567274876,8.219231198018814,2.066
1103,2024-01-03 20:12:00,53.02244497092767,City,2.991668562224725,1,Eco,1,No Traffic,24.918004574427112,Mild,31.651663682119818,12.107565121618652,6.850828446668304,1.767
1209,2024-01-03 20:13:00,41.60625134830934,Local,0.777847405394744,1,Eco,3,High,15.697693689649835,Mild,89.52376819814535,7.102881269210607,5.850140232636655,1.214
1553,2024-01-03 20:14:00,89.57425546285367,Highway,1.7708443350691336,1,Eco,2,Moderate,20.60985300895279,Mild,71.46594509406306,36.43726936821842,9.748027134533665,3.738
1827,2024-01-03 20:15:00,107.22119656719816,Highway,1.690475152891647,2,Comfort,3,High,3.283269678123943,Mild,38.35349412125707,38.87124302303184,12.34845997051151,3.148
1467,2024-01-03 20:16:00,90.81470674828763,Highway,-0.867961750682718,1,Eco,3,High,14.510378586083398,Mild,32.61762536665998,17.996394703475534,9.249978916742956,1.946
1453,2024-01-03 20:17:00,39.8400842541215,Local,0.4456222815425232,3,Sport,3,High,29.482503545071907,Warm,70.20997607384425,0.4014554329208305,6.097820688249238,0.066
1267,2024-01-03 20:18:00,89.33306014050645,Highway,1.998341647585281,2,Comfort,3,High,29.51881747607122,Warm,92.06695842258588,46.935954345042184,11.489414556338527,4.085
1385,2024-01-03 20:19:00,18.237621896886147,Local,1.1286832575663333,3,Sport,3,High,5.690018255421823,Mild,77.46881751315053,21.910757175584504,5.517328088460538,3.971
1774,2024-01-03 20:20:00,15.63815857095491,Local,-2.8730171161077704,1,Eco,2,Moderate,10.866967380086306,Mild,47.88373212827021,48.732093281393624,7.583629017865197,6.426
1847,2024-01-03 20:21:00,41.47524444433907,Local,-0.9797659866147992,2,Comfort,1,No Traffic,-4.828390007355433,Mild,66.99068762149177,33.90024253971994,7.829117892430426,4.33
1386,2024-01-03 20:22:00,96.92428428528684,Highway,-2.133145820432368,1,Eco,3,High,-0.9517021547820804,Mild,44.86093562979371,6.288273469937803,9.276527945701853,0.678
1876,2024-01-03 20:23:00,29.561789669076223,Local,-1.6021667275317657,2,Comfort,2,Moderate,0.7028658691939693,Mild,99.93196534229271,16.41491517846611,4.451191437475512,3.688
1258,2024-01-03 20:24:00,7.59040906784155,Local,2.432936864947954,1,Eco,2,Moderate,8.214309665315502,Mild,79.9071350769481,32.886805517823674,6.717864949100955,4.895
1282,2024-01-03 20:25:00,15.80514422476261,Local,-2.7786402665353913,2,Comfort,1,No Traffic,29.155696903411012,Warm,69.1505311805403,32.497715303595456,7.843752941068342,4.143
1625,2024-01-03 20:26:00,103.04939622354962,Highway,-1.6811957282284575,2,Comfort,2,Moderate,17.96125594701941,Mild,53.86073142126634,11.67607274297476,10.304682831780031,1.133
1874,2024-01-03 20:27:00,76.05399416967451,City,-1.1425838865706113,2,Comfort,1,No Traffic,30.667366144851226,Warm,69.45218322076458,8.925157373106165,7.2662181407141775,1.228
1039,2024-01-03 20:28:00,30.3841396043972,Local,0.701304431798369,3,Sport,3,High,28.970756841866944,Warm,47.32928499738678,13.911860891900949,5.465346986383811,2.545
1485,2024-01-03 20:29:00,66.63549903938176,City,0.204610140515193,1,Eco,2,Moderate,21.421219427845397,Mild,22.30918715664246,39.36590991656968,10.023325469431004,3.927
1928,2024-01-03 20:30:00,63.309554691042045,City,-1.6903831028796834,1,Eco,2,Moderate,17.49370905382353,Mild,51.60708178853063,12.169303075498936,8.174340013763555,1.489
1219,2024-01-03 20:31:00,78.65231741287936,City,-2.0145535966610733,2,Comfort,2,Moderate,36.9094387697176,Warm,94.43846556638935,35.11885815666338,9.429895577235897,3.724
1128,2024-01-03 20:32:00,27.98250653059396,Local,-1.5792117924232871,3,Sport,3,High,20.61716001764868,Mild,70.10408758190927,43.512980544463495,6.70877526862845,6.486
1519,2024-01-03 20:33:00,103.72835846332772,Highway,0.0151777602099336,2,Comfort,1,No Traffic,16.72707930770693,Mild,26.716456245672127,19.641954958593505,9.989916188214131,1.966
1612,2024-01-03 20:34:00,37.12422744960154,Local,-1.3729332857327794,1,Eco,1,No Traffic,34.11043642929262,Warm,90.79948907160208,0.4490025522553452,5.475265058086649,0.082
1927,2024-01-03 20:35:00,83.29579847714842,Highway,2.685615009646333,1,Eco,2,Moderate,-1.7852578361462397,Mild,41.509987947321186,7.183691055323446,9.843131987880987,0.73
1891,2024-01-03 20:36:00,1.9349575646657868,Local,-0.2168086714269144,2,Comfort,2,Moderate,24.521184378305687,Mild,39.501559446618195,15.663653674800134,6.209513084390158,2.523
1687,2024-01-03 20:37:00,44.71885558729767,Local,-2.6472239007321776,2,Comfort,3,High,0.0862262571882706,Mild,43.767277502425664,9.578715900007564,7.717611614415574,1.241
1618,2024-01-03 20:38:00,42.205178155057,Local,1.3755984350197998,2,Comfort,3,High,31.891973254874703,Warm,66.1761788900766,14.546728631600294,5.787443568092991,2.513
1612,2024-01-03 20:39:00,65.21813142996174,City,-1.0269282707460623,1,Eco,1,No Traffic,30.66997832723375,Warm,63.57504747471813,27.247694914881393,8.189803572734384,3.327
1259,2024-01-03 20:40:00,8.72835141326358,Local,0.9209335923494852,2,Comfort,2,Moderate,17.662001541396094,Mild,59.313100369830536,1.1519468660975627,4.143957715853989,0.278
1989,2024-01-03 20:41:00,94.815764847133,Highway,-1.322433776860608,2,Comfort,2,Moderate,24.74698675386968,Mild,77.40294908101016,3.3076464260158267,8.485012691457403,0.39
1965,2024-01-03 20:42:00,26.133696212108223,Local,0.4244624503999192,1,Eco,2,Moderate,29.767976108687417,Warm,45.32301850679672,42.80139282626104,8.248028291677159,5.189
1365,2024-01-03 20:43:00,81.24453778584123,Highway,1.6329150288447885,2,Comfort,2,Moderate,16.748674150736505,Mild,82.5651617257945,26.16375489609187,9.899419129887033,2.643
1757,2024-01-03 20:44:00,96.3854547892912,Highway,2.5680524506473237,3,Sport,3,High,35.768106120519725,Warm,34.02573427028793,46.78300236020292,12.823498340020652,3.648
1786,2024-01-03 20:45:00,67.42523474898158,City,-1.4332371334015377,1,Eco,3,High,14.666350416638316,Mild,82.60966312616074,0.2634529069595673,5.016280715871942,0.053
1543,2024-01-03 20:46:00,88.90598480663826,Highway,-0.990858294006113,2,Comfort,1,No Traffic,35.14101318277126,Warm,73.10480842002264,0.1075443960063698,7.0387282516203475,0.015
1648,2024-01-03 20:47:00,79.42323746580067,City,-0.2144014782843619,2,Comfort,2,Moderate,21.223482198178463,Mild,74.65666476380692,37.00587056920868,9.217519670063188,4.015
1523,2024-01-03 20:48:00,42.66357565824091,Local,2.563049026415933,1,Eco,3,High,14.180946877279323,Mild,58.5242717701808,23.865010752189143,5.9350696219362185,4.021
1906,2024-01-03 20:49:00,97.06302468402784,Highway,2.4083211408639427,1,Eco,2,Moderate,-4.815610955932887,Mild,73.36012261446918,45.6985374849612,11.45051532859913,3.991
1813,2024-01-03 20:50:00,35.364164386263354,Local,-2.4607303193961716,3,Sport,1,No Traffic,8.300016425041372,Mild,26.38376372475659,39.350539565646734,9.860896960049113,3.991
1886,2024-01-03 20:51:00,68.54555013018206,City,-2.208421045477135,2,Comfort,2,Moderate,34.05646715537463,Warm,88.12408936394938,25.247736891917192,9.07965843120225,2.781
1015,2024-01-03 20:52:00,89.44772869698474,Highway,-0.0269449360161706,2,Comfort,3,High,14.292075507866286,Mild,24.44377867901168,23.97834769339945,10.85194375567546,2.21
1128,2024-01-03 20:53:00,45.47470917750091,Local,-2.360284363167459,2,Comfort,3,High,13.966083722831671,Mild,31.8993207897198,40.57790327465127,8.830937455163953,4.595
1574,2024-01-03 20:54:00,36.332112914091006,Local,-0.926514759907815,1,Eco,1,No Traffic,17.023480648019692,Mild,66.1431766797789,40.20494797886308,8.070249714460488,4.982
1108,2024-01-03 20:55:00,55.12152122073873,City,-2.109687730695134,1,Eco,1,No Traffic,7.883681418516005,Mild,79.15291643653532,13.919546005089884,5.918003365929487,2.352
1886,2024-01-03 20:56:00,98.15561932189844,Highway,0.816242130791315,1,Eco,2,Moderate,17.119807139086156,Mild,26.100125147700275,33.764379305427276,12.053025649992936,2.801
1532,2024-01-03 20:57:00,111.59061157747978,Highway,2.696972590434971,2,Comfort,2,Moderate,11.909340239803456,Mild,93.66118512978558,32.195792456923925,10.29472806750274,3.127
1669,2024-01-03 20:58:00,65.41000954318682,City,2.980402621766289,2,Comfort,3,High,35.9249138694631,Warm,97.88861190405588,42.81861647243337,10.013120065960043,4.276
1268,2024-01-03 20:59:00,79.37594463883822,City,-0.7485532050185109,1,Eco,3,High,20.378504703844936,Mild,68.47601384061689,43.44212058283446,10.959106763451786,3.964
1161,2024-01-03 21:00:00,108.3928346686697,Highway,0.5940758226876737,3,Sport,3,High,32.53679361140911,Warm,58.49947643014693,13.487204025363928,10.024996626063643,1.345
1259,2024-01-03 21:01:00,11.825622169553087,Local,2.1376059211444876,2,Comfort,1,No Traffic,25.909334300935328,Mild,79.31159778237998,43.99914845934053,6.365727736729313,6.912
1923,2024-01-03 21:02:00,27.849429343939804,Local,-2.295227563221696,3,Sport,1,No Traffic,4.567134282524405,Mild,46.26858818617643,46.236098965066574,9.443480194637944,4.896
1101,2024-01-03 21:03:00,85.0680007501899,Highway,1.1373864663117903,1,Eco,1,No Traffic,34.04495243654002,Warm,59.46115472840851,5.570869610480306,8.565730531440419,0.65
1505,2024-01-03 21:04:00,98.84933542947596,Highway,-0.5469380296495903,2,Comfort,2,Moderate,-1.0728141175164274,Mild,93.29208214515212,28.72993360332206,10.421238508699926,2.757
1734,2024-01-03 21:05:00,102.84348339966937,Highway,-1.7631230383190155,3,Sport,1,No Traffic,15.188703725780016,Mild,96.45243401932268,21.879537675156875,9.69255096674218,2.257
1570,2024-01-03 21:06:00,49.81286122259191,Local,-0.5834782875153479,2,Comfort,2,Moderate,5.761994148942012,Mild,94.1655292840948,20.15903669144592,6.950751311247742,2.9
1246,2024-01-03 21:07:00,10.72078827502402,Local,-2.544238278210499,3,Sport,2,Moderate,19.189994018449205,Mild,40.995845357107214,35.27098677580081,6.601628310854913,5.343
1639,2024-01-03 21:08:00,52.53377727595439,City,1.1724428915358347,2,Comfort,2,Moderate,8.502231075015846,Mild,38.59752321734107,6.56546117390447,6.745963252303499,0.973
1794,2024-01-03 21:09:00,27.688150824846453,Local,-1.4835439875092815,3,Sport,1,No Traffic,27.527181665108067,Mild,43.81316047434514,41.01529587105911,7.854641232514823,5.222
1836,2024-01-03 21:10:00,34.943574599594896,Local,-1.131566129730732,3,Sport,3,High,37.16134155192119,Warm,55.304888991076815,1.4273114372917717,6.569889249746645,0.217
1536,2024-01-03 21:11:00,92.6721068205007,Highway,-2.273512210551224,1,Eco,1,No Traffic,26.909049019685657,Mild,45.13339302335709,28.957213016351226,10.59799194253958,2.732
1130,2024-01-03 21:12:00,9.063250323106423,Local,2.18795468333935,1,Eco,1,No Traffic,10.988966504911248,Mild,49.937023659124634,11.345463973147275,5.765632919893221,1.968
1352,2024-01-03 21:13:00,99.30974609768424,Highway,-0.0393343243035682,3,Sport,1,No Traffic,22.00314827460792,Mild,69.65095616966076,33.40669906782515,11.056932203450094,3.021
1195,2024-01-03 21:14:00,51.32029029890029,City,0.4328812667184016,2,Comfort,2,Moderate,34.983674130915446,Warm,81.00205416751807,26.319051500822894,7.355989175238848,3.578
1792,2024-01-03 21:15:00,71.52767173207141,City,0.4165960985691277,3,Sport,3,High,7.151277540410751,Mild,78.84465586143335,49.98763632477504,11.456970621066803,4.363
1915,2024-01-03 21:16:00,10.75826774828148,Local,-0.5370413127519496,2,Comfort,1,No Traffic,0.3192143682221822,Mild,85.15388536633216,43.12989481601392,6.345045686438377,6.797
1929,2024-01-03 21:17:00,40.48308940287355,Local,-1.8448205073711632,2,Comfort,1,No Traffic,0.8843794874946367,Mild,22.574752257232173,16.897973822573704,7.098763151934247,2.38
1665,2024-01-03 21:18:00,10.764110281781496,Local,1.4707964909903994,2,Comfort,2,Moderate,17.26838546545065,Mild,23.818703174300488,26.47127321197494,6.452255504219133,4.103
1381,2024-01-03 21:19:00,115.38524674573314,Highway,-2.237662407853954,2,Comfort,1,No Traffic,27.94613175084293,Mild,83.15063685509034,15.958821338570148,10.295826286620366,1.55
1644,2024-01-03 21:20:00,96.87139791915006,Highway,-2.376757258327137,1,Eco,1,No Traffic,24.576598393888293,Mild,62.646305785970554,36.46679523354335,11.46000216332269,3.182
1226,2024-01-03 21:21:00,55.15593052277523,City,1.26087022557902,3,Sport,2,Moderate,15.42502752181068,Mild,66.25125390096963,21.17841551662183,7.886333852266954,2.685
1700,2024-01-03 21:22:00,26.832305798840533,Local,-1.746977877288097,2,Comfort,1,No Traffic,27.818411808161343,Mild,24.206948817150167,5.860344375345719,6.7506127132371425,0.868
1475,2024-01-03 21:23:00,112.01461262998228,Highway,-1.159363491883006,1,Eco,3,High,23.528648026345767,Mild,40.42510409370167,33.0741134040168,12.07782874862101,2.738
1476,2024-01-03 21:24:00,41.35159148723661,Local,-0.1486351979895586,2,Comfort,2,Moderate,23.270384002038146,Mild,71.06834439083822,0.6521458893137955,6.03756558967112,0.108
1264,2024-01-03 21:25:00,19.31813180248497,Local,-0.3038920996227228,2,Comfort,3,High,4.1069378782392185,Mild,88.73455120885409,14.934774841362469,5.281274688294763,2.828
1371,2024-01-03 21:26:00,67.57972661447458,City,1.2514747503899954,1,Eco,1,No Traffic,9.066254486182684,Mild,93.3586717745122,45.366439115234016,9.05398580433255,5.011
1485,2024-01-03 21:27:00,113.25289444137792,Highway,0.740590760660166,1,Eco,2,Moderate,10.49909463801446,Mild,60.03355966680654,4.79929812843354,9.63272442869845,0.498
1433,2024-01-03 21:28:00,0.459634860038709,Local,0.8663769736911942,2,Comfort,2,Moderate,31.36858412277529,Warm,63.63793861905581,25.270844449064192,5.751351245018569,4.394
1645,2024-01-03 21:29:00,28.57498119047985,Local,1.284325983932744,3,Sport,1,No Traffic,29.879972093441253,Warm,86.64397048551928,39.774915409988765,7.4986823663429485,5.304
1210,2024-01-03 21:30:00,112.61371684924892,Highway,-1.244323635459208,1,Eco,3,High,6.3702740836706955,Mild,63.00996805978837,45.23465585238986,12.659310868414718,3.573
1571,2024-01-03 21:31:00,20.530316022859445,Local,-1.066000129197158,3,Sport,1,No Traffic,-2.518147656050908,Mild,61.34868204298539,28.035930972183625,5.7833525769178955,4.848
1939,2024-01-03 21:32:00,13.589214196778382,Local,-0.3720135126266752,2,Comfort,2,Moderate,29.5502714142905,Warm,92.4067230208763,7.743751885106863,3.41630551212024,2.267
1376,2024-01-03 21:33:00,68.42246589597653,City,-1.1552269617988435,2,Comfort,2,Moderate,13.443978045744329,Mild,83.19461768447042,47.048785199646424,10.581733079296535,4.446
1394,2024-01-03 21:34:00,103.4212587953796,Highway,2.90962721382518,2,Comfort,2,Moderate,4.891142604562788,Mild,92.72580210890357,37.488016406266006,10.206799842898526,3.673
1449,2024-01-03 21:35:00,57.253178123271134,City,1.8843115585285783,2,Comfort,1,No Traffic,0.2657591756992952,Mild,37.4597643824923,19.843950843666107,8.397271969200306,2.363
1942,2024-01-03 21:36:00,119.34771080214296,Highway,-2.0120718704638225,2,Comfort,1,No Traffic,-4.423340723517457,Mild,61.95003893242854,13.921338989479626,10.781218074652026,1.291
1363,2024-01-03 21:37:00,81.50060394455915,Highway,-2.966435064708783,2,Comfort,1,No Traffic,14.247833566624877,Mild,87.39777028746863,2.4810528214969496,6.648267557773721,0.373
1875,2024-01-03 21:38:00,8.88898886525373,Local,-2.743300390516393,3,Sport,3,High,10.289371647407146,Mild,28.891826197368715,9.652415165723928,6.660379101272316,1.449
1456,2024-01-03 21:39:00,119.13985580183704,Highway,-1.5356192937424484,1,Eco,3,High,26.341156781827728,Mild,83.57297234351694,38.90608546328445,11.846685741324809,3.284
1724,2024-01-03 21:40:00,48.94730841362285,Local,-2.3142522849788607,2,Comfort,3,High,38.94994444843337,Warm,34.63787067318955,5.520518849466969,6.051406704630825,0.912
1727,2024-01-03 21:41:00,34.4883040614579,Local,0.2000286893554328,1,Eco,2,Moderate,4.305217882726929,Mild,84.6495003988257,6.5576854815205055,4.719617886007837,1.389
1225,2024-01-03 21:42:00,66.94550202934627,City,2.1479713363641517,3,Sport,3,High,5.936626316827184,Mild,68.96007500454945,9.877041826903817,8.380434452547123,1.179
1981,2024-01-03 21:43:00,36.51691101850372,Local,1.420501325479364,2,Comfort,2,Moderate,10.17861595889784,Mild,35.45887931878937,19.82755231963723,7.749969649967697,2.558
1130,2024-01-03 21:44:00,10.37490085441828,Local,-1.7063456215068575,2,Comfort,3,High,15.967193569748735,Mild,57.86833434662409,9.534650165950351,3.97895628843643,2.396
1587,2024-01-03 21:45:00,0.1714011695012063,Local,-0.604204463845285,1,Eco,3,High,26.396441290324095,Mild,74.55241331686173,45.224744844049646,5.6485810362421205,8.006
1475,2024-01-03 21:46:00,53.950002350431475,City,0.0473652571876659,1,Eco,2,Moderate,10.841418482737298,Mild,70.7082320706834,12.957001908491112,7.379233494015983,1.756
1797,2024-01-03 21:47:00,100.42361066719108,Highway,1.861235097020013,1,Eco,1,No Traffic,-0.3109755663149416,Mild,54.179775698536346,45.982431861958474,12.205377837165754,3.767
1985,2024-01-03 21:48:00,68.67782227560919,City,2.034729618636989,2,Comfort,3,High,27.86537367614833,Mild,91.94932231367416,49.24865674046092,10.423623380905363,4.725
1276,2024-01-03 21:49:00,119.9048758732129,Highway,2.458309871446656,1,Eco,2,Moderate,30.758875510803392,Warm,61.54107315902755,37.76468748542087,12.9926820079994,2.907
1155,2024-01-03 21:50:00,34.421597477663994,Local,0.0554715030172507,1,Eco,1,No Traffic,6.144189501456138,Mild,60.46938388229507,0.4711092721907307,5.859713160719545,0.08
1759,2024-01-03 21:51:00,33.65460777120664,Local,1.1656484786151775,3,Sport,1,No Traffic,1.154030968403795,Mild,24.98004719531634,12.077003866570536,7.023606905667267,1.719
1217,2024-01-03 21:52:00,19.169935228073307,Local,-2.329197772596377,2,Comfort,1,No Traffic,18.751047315958765,Mild,93.76963118381096,13.439937345919075,3.701664233853142,3.631
1189,2024-01-03 21:53:00,19.68763059184022,Local,0.3917337597238925,2,Comfort,2,Moderate,4.374143539210593,Mild,34.16932549426984,27.183453960636086,6.686212953695759,4.066
1416,2024-01-03 21:54:00,34.222391521205736,Local,-1.5078491431731893,2,Comfort,3,High,11.837354500688283,Mild,62.267575474924335,8.003845778924857,5.255584883958849,1.523
1980,2024-01-03 21:55:00,95.14080543282326,Highway,-0.4096986898403334,1,Eco,3,High,29.981254905798274,Warm,84.28540811202481,3.9530361394104423,7.748441889865893,0.51
1674,2024-01-03 21:56:00,108.69081487637376,Highway,0.8043030498403163,3,Sport,3,High,4.8823169433064955,Mild,37.23626215645147,8.900251331339225,9.303494762354402,0.957
1691,2024-01-03 21:57:00,117.01046036492176,Highway,-1.4580843728773134,1,Eco,1,No Traffic,31.281666750342,Warm,62.189863197667286,16.434863122273125,9.011793361489069,1.824
1545,2024-01-03 21:58:00,27.874758491574315,Local,-2.6868896532194335,2,Comfort,3,High,25.33089945173397,Mild,39.25479273786727,2.5555775058841,5.657007798618479,0.452
1040,2024-01-03 21:59:00,105.755705473691,Highway,-2.938596861547455,1,Eco,2,Moderate,4.8876638682055376,Mild,80.77559982399293,9.8486752428355,10.106458897261412,0.974
1306,2024-01-03 22:00:00,39.390610713280445,Local,-2.8670427867328705,2,Comfort,3,High,18.68820704707375,Mild,65.14729342985206,8.459246302817178,5.68450195188151,1.488
1942,2024-01-03 22:01:00,13.54086534202613,Local,-2.949901574917382,1,Eco,3,High,22.63318431278202,Mild,88.47806883161148,38.64073040116116,5.660477585608981,6.826
1337,2024-01-03 22:02:00,104.40299106241989,Highway,-2.337869660652747,1,Eco,3,High,4.012421701613956,Mild,91.56464023019063,8.561742692914919,9.676039234237509,0.885
1313,2024-01-03 22:03:00,76.33267615723423,City,-1.5630677125792207,2,Comfort,3,High,1.5227201115632605,Mild,71.89867859563185,39.5978223030302,11.04644845067015,3.585
1074,2024-01-03 22:04:00,19.767707529727407,Local,-1.672670914906205,1,Eco,2,Moderate,18.902557049181908,Mild,78.03129969271555,25.458289387278526,5.083170888927843,5.008
1952,2024-01-03 22:05:00,51.5797509015603,City,2.92077956507938,2,Comfort,3,High,26.22285247610474,Mild,63.9376079909491,37.91692355825481,8.546105275781779,4.437
1278,2024-01-03 22:06:00,34.47092338524812,Local,-1.1639633687463409,1,Eco,1,No Traffic,15.928097803219671,Mild,50.754298645390634,22.572809594274048,6.689426826355699,3.374
1175,2024-01-03 22:07:00,88.41534824522364,Highway,-2.235475299843605,1,Eco,3,High,-1.8482338160635847,Mild,71.84943384166677,45.062653213489824,11.210327219252886,4.02
1895,2024-01-03 22:08:00,54.40994767491217,City,0.2733752650065479,1,Eco,1,No Traffic,36.63457180135591,Warm,92.66308987898633,13.898282251686044,5.465961162210254,2.543
1661,2024-01-03 22:09:00,118.7135934127662,Highway,2.14774473238505,2,Comfort,1,No Traffic,26.273445063452975,Mild,53.334430434515035,38.36366189339587,11.588814799446643,3.31
1272,2024-01-03 22:10:00,6.5693978711514145,Local,1.068362260726051,1,Eco,1,No Traffic,22.95383286041027,Mild,45.152802109903625,8.254658654684276,4.924810374238547,1.676
1836,2024-01-03 22:11:00,42.6018319363496,Local,-1.223507465187298,1,Eco,2,Moderate,23.963215536880476,Mild,51.074955084205925,44.14395763481253,8.753723661396423,5.043
1619,2024-01-03 22:12:00,57.82802005319729,City,0.3696969587487295,3,Sport,1,No Traffic,12.937252040863122,Mild,54.831810416927965,1.5192007837424797,5.56596746659422,0.273
1650,2024-01-03 22:13:00,60.37602656979837,City,1.2891358452024546,3,Sport,1,No Traffic,39.29802246877458,Warm,25.884882318217297,22.92606253037967,10.25342781106557,2.236
1861,2024-01-03 22:14:00,37.912298686276415,Local,1.3686269542064542,2,Comfort,3,High,0.9705645273330372,Mild,59.87534723479955,21.120788126597123,6.022478986521638,3.507
1782,2024-01-03 22:15:00,87.50882989170816,Highway,0.9992307317861328,2,Comfort,2,Moderate,28.2613619867452,Warm,59.54513984400477,31.227155186730815,9.773294361326563,3.195
1858,2024-01-03 22:16:00,104.96964881867696,Highway,2.224862548653708,2,Comfort,2,Moderate,13.939418212019447,Mild,67.07550621124184,22.102574641588955,9.072816445633078,2.436
1930,2024-01-03 22:17:00,112.64631623734356,Highway,2.2206327500646257,2,Comfort,2,Moderate,34.64932214236568,Warm,49.02560243770652,29.490035732516994,11.340269894166086,2.6
1288,2024-01-03 22:18:00,96.61120521594314,Highway,0.4736193564420197,1,Eco,1,No Traffic,27.27675733976715,Mild,69.04860767644718,43.098977349216774,12.01504318483918,3.587
1723,2024-01-03 22:19:00,102.06962367679192,Highway,-0.4208617853327263,1,Eco,1,No Traffic,20.30135005118615,Mild,90.25730482193624,7.187223389968777,8.008687577215923,0.897
1892,2024-01-03 22:20:00,66.06543607439946,City,0.8494217733905991,2,Comfort,1,No Traffic,37.19621354746811,Warm,96.43767923961316,12.282951240135006,7.617783931810674,1.612
1271,2024-01-03 22:21:00,99.10658717121775,Highway,1.9092720082227783,2,Comfort,3,High,36.05995124228816,Warm,66.68897729128398,40.16071394300165,11.53642828349108,3.481
1929,2024-01-03 22:22:00,36.420469097754264,Local,-2.966087370952891,3,Sport,1,No Traffic,-2.6449701821489464,Mild,23.407276317625048,11.4803923607289,6.216686042033607,1.847
1065,2024-01-03 22:23:00,47.817451453105726,Local,2.951982054089106,2,Comfort,2,Moderate,3.666462103272675,Mild,97.53887978136872,45.292134398619545,7.951938358772851,5.696
1482,2024-01-03 22:24:00,38.02956165822532,Local,-1.9026373660248048,3,Sport,3,High,25.422096320706036,Mild,76.4689648717005,27.086486226874374,7.296542457997966,3.712
1935,2024-01-03 22:25:00,56.08648025375105,City,-0.1785060860401426,2,Comfort,3,High,36.4827741927738,Warm,46.87709188429217,4.185030051296292,6.913008828932035,0.605
1247,2024-01-03 22:26:00,34.269553948636364,Local,2.2321784090572,2,Comfort,2,Moderate,14.36485011408142,Mild,31.772616077097872,1.1309473455814836,5.491825012065524,0.206
1155,2024-01-03 22:27:00,115.3933730705336,Highway,-1.6497576057348038,1,Eco,1,No Traffic,-3.276263958781639,Mild,31.473488978901997,38.16893874292338,14.346044718098495,2.661
1046,2024-01-03 22:28:00,37.54135536068018,Local,-0.1392286565977007,2,Comfort,3,High,23.94837669910168,Mild,33.41955249116822,42.83190651886996,8.4845919085205,5.048
1934,2024-01-03 22:29:00,11.76534457331278,Local,-2.2045069189129247,3,Sport,2,Moderate,3.76091487585146,Mild,23.645801729105624,12.06924347349688,6.497908379114662,1.857
1453,2024-01-03 22:30:00,63.218059926049605,City,-0.6295420476708444,1,Eco,1,No Traffic,19.854477999250776,Mild,92.17233509223291,12.114917217269795,6.261674785122369,1.935
1200,2024-01-03 22:31:00,6.851889413421164,Local,-1.9371872712419849,3,Sport,3,High,12.310746638104895,Mild,63.26145862618691,47.70969500145229,7.823264000703546,6.098
1659,2024-01-03 22:32:00,13.265179957029662,Local,-0.818233507373058,2,Comfort,3,High,20.1112167595914,Mild,75.99675301710698,32.84373811969814,6.478728377779984,5.069
1123,2024-01-03 22:33:00,26.326726703549554,Local,-0.7592146992436679,1,Eco,3,High,36.95963437585299,Warm,86.2486807414646,8.46394420634456,6.7384359166759,1.256
1000,2024-01-03 22:34:00,55.722029985857006,City,2.9590247375899965,3,Sport,3,High,16.86102656993374,Mild,83.32328050665602,22.484488372900632,8.936881366250837,2.516
1967,2024-01-03 22:35:00,51.99011187708335,City,2.968878175822633,2,Comfort,3,High,-3.446202930254457,Mild,90.60844989830731,45.53076217109302,10.104556326193466,4.506
1758,2024-01-03 22:36:00,95.96302344033494,Highway,-2.3112823280363255,3,Sport,1,No Traffic,21.14130938257497,Mild,97.38036980199615,31.0965923473523,9.379933846662514,3.315
1854,2024-01-03 22:37:00,88.73695846609361,Highway,1.3558126759700837,2,Comfort,2,Moderate,9.658548857889308,Mild,55.125649179355165,20.4327330279694,8.931303132539528,2.288
1639,2024-01-03 22:38:00,51.15819527888416,City,-2.6895271219853933,3,Sport,3,High,30.01606979781123,Warm,96.02683733347124,7.63657165133258,5.68054575183601,1.344
1190,2024-01-03 22:39:00,40.04450490907559,Local,-2.818847907976868,2,Comfort,2,Moderate,16.146781163260396,Mild,77.8631958674253,36.327492032343834,7.96167176458056,4.563
1578,2024-01-03 22:40:00,37.97625408737983,Local,-2.367996634530214,3,Sport,2,Moderate,28.361683202423897,Warm,25.65345522464628,13.890508167975806,8.27734884193174,1.678
1515,2024-01-03 22:41:00,92.87941047528108,Highway,2.792913942047604,1,Eco,2,Moderate,35.89694479067412,Warm,74.54264969698764,28.338944284501764,9.8748079006585,2.87
1441,2024-01-03 22:42:00,6.248688746552369,Local,2.6451812873681844,2,Comfort,1,No Traffic,11.302329607260294,Mild,74.93733276838789,30.04699598985504,4.445767662102631,6.759
1920,2024-01-03 22:43:00,1.538597941272699,Local,-1.8364330783159173,2,Comfort,2,Moderate,39.52200605758616,Warm,92.46884510340216,27.816929147945,6.8812651200232535,4.042
1814,2024-01-03 22:44:00,95.46532703119776,Highway,-2.029965986677731,3,Sport,2,Moderate,1.741578967290332,Mild,49.83457059760737,12.399990299681706,10.220465700777108,1.213
1805,2024-01-03 22:45:00,57.25756511868592,City,-1.556789480904318,2,Comfort,2,Moderate,23.97692568519349,Mild,66.79292002174543,35.44290225154482,9.591223015069165,3.695
1142,2024-01-03 22:46:00,15.705736626429116,Local,0.0932819644508526,1,Eco,3,High,-3.4354578590939826,Mild,20.9750040809394,28.34589528305591,6.420055376108271,4.415
1190,2024-01-03 22:47:00,28.267912151340152,Local,0.4182277922124591,3,Sport,3,High,4.587549963301116,Mild,46.56601937450688,20.24377820752274,7.657926687043452,2.644
1532,2024-01-03 22:48:00,111.9004743716859,Highway,-1.670439417363316,3,Sport,2,Moderate,23.52003661554588,Mild,24.979498092702475,2.701329543269988,9.345324208856775,0.289
1226,2024-01-03 22:49:00,103.14035707498776,Highway,1.5397367285396708,3,Sport,1,No Traffic,-2.9213717197506495,Mild,61.74983782119176,16.630063412829358,9.884004951202268,1.683
1312,2024-01-03 22:50:00,85.1742060268767,Highway,-1.1426809835840954,1,Eco,3,High,-0.4195811620238601,Mild,85.39581204055625,17.687130643337056,8.44264987488284,2.095
1628,2024-01-03 22:51:00,57.867027640479186,City,2.532787953176462,1,Eco,3,High,8.095476771184629,Mild,36.51541537032551,39.579051925180046,10.429267570888866,3.795
1948,2024-01-03 22:52:00,62.43883514296628,City,0.9403362387403832,2,Comfort,2,Moderate,20.903671119201288,Mild,62.19528364462228,25.72100866381591,7.749116427399779,3.319
1301,2024-01-03 22:53:00,117.02934423407504,Highway,-0.3818928341783296,3,Sport,2,Moderate,-4.28078500739829,Mild,36.32069092086137,46.612731348770595,14.1686765851864,3.29
1653,2024-01-03 22:54:00,115.89245326611446,Highway,1.7394720102170729,1,Eco,1,No Traffic,16.705941591001547,Mild,29.655077427699233,37.56142057879643,12.6673468449984,2.965
1995,2024-01-03 22:55:00,25.832285494300113,Local,1.9074877562799888,2,Comfort,3,High,23.158468693529713,Mild,60.8797433547474,26.94643197079848,6.438296442655244,4.185
1459,2024-01-03 22:56:00,97.33254795663818,Highway,-1.257110366346338,1,Eco,2,Moderate,13.113525497454829,Mild,26.33188967597821,8.527401696818183,10.47111079156699,0.814
1400,2024-01-03 22:57:00,23.669119940042016,Local,-0.961712736983494,1,Eco,3,High,-1.956208663449157,Mild,66.98837049103915,11.129556761696046,3.422569070364428,3.252
1550,2024-01-03 22:58:00,25.624497346074165,Local,2.61573092237162,1,Eco,2,Moderate,22.489358583838953,Mild,22.5069968541381,8.08796043615302,6.162450634893677,1.312
1392,2024-01-03 22:59:00,81.13116409974921,Highway,-2.0115537698203685,2,Comfort,2,Moderate,22.262592861151035,Mild,28.53719774947004,22.198251617264113,10.135060634057549,2.19
1866,2024-01-03 23:00:00,48.60013183050581,Local,-2.747097498222395,1,Eco,1,No Traffic,17.771905976552635,Mild,63.999798838988625,36.15399173150449,8.76479442937643,4.125
1763,2024-01-03 23:01:00,111.78532885278244,Highway,-0.2756680643427049,1,Eco,3,High,26.191546401799297,Mild,67.31259303191311,37.99030877864569,13.05532935859629,2.91
1844,2024-01-03 23:02:00,10.68116818752106,Local,1.807259401461773,1,Eco,3,High,4.351077991897794,Mild,22.318954407500648,4.897946375522823,5.247990722235766,0.933
1206,2024-01-03 23:03:00,61.38307689713916,City,1.6300086378644745,3,Sport,2,Moderate,25.534333405775097,Mild,65.87014304012467,24.84595070920533,8.597480741185954,2.89
1209,2024-01-03 23:04:00,110.22258365317457,Highway,2.5171837734769955,1,Eco,1,No Traffic,2.265463284261367,Mild,87.08020202589096,24.123886362907903,10.18471511165215,2.369
1114,2024-01-03 23:05:00,108.49363925754062,Highway,0.1992039862142416,3,Sport,1,No Traffic,12.671213396565411,Mild,77.78529418351631,22.000443950576933,9.992332924325632,2.202
1736,2024-01-03 23:06:00,18.783505609888948,Local,-2.3996119706008,1,Eco,1,No Traffic,-1.9595009174630855,Mild,30.49480831366389,15.130678278033749,6.424027668184676,2.355
1645,2024-01-03 23:07:00,43.99652401157478,Local,0.5321338460160963,3,Sport,3,High,31.8607299436093,Warm,67.39797180508918,23.842822289345584,7.577641988025945,3.146
1250,2024-01-03 23:08:00,74.29456800560355,City,1.6703736861192695,1,Eco,2,Moderate,19.220503945672338,Mild,73.78020000593708,25.87867575165612,9.132693157020457,2.834
1218,2024-01-03 23:09:00,19.12738617256826,Local,-2.4400312783810416,3,Sport,2,Moderate,38.697214106365976,Warm,22.978496140183346,30.02483870708283,9.035761998069592,3.323
1406,2024-01-03 23:10:00,116.16266064548864,Highway,-1.9640555934144617,3,Sport,1,No Traffic,37.40469704846865,Warm,88.42781349468981,18.930521847231667,10.626502590163716,1.781
1442,2024-01-03 23:11:00,109.76991944731924,Highway,-2.9262560330659744,3,Sport,1,No Traffic,39.93525113043333,Warm,92.50139178318642,47.26052170721862,11.733363262956704,4.028
1602,2024-01-03 23:12:00,20.034021484136304,Local,0.5619154766808623,1,Eco,1,No Traffic,-0.4430223372992126,Mild,88.03618186898069,17.00804916681106,4.57070867615223,3.721
1353,2024-01-03 23:13:00,14.538655351318251,Local,2.3204063516754267,2,Comfort,3,High,22.29611703414979,Mild,85.97051743912905,44.763040914481245,6.759756239674953,6.622
1887,2024-01-03 23:14:00,10.249017936991835,Local,1.0239798960125972,3,Sport,2,Moderate,13.340884523537223,Mild,79.59721587687146,40.0825505895733,6.426990251244687,6.237
1557,2024-01-03 23:15:00,109.13323968439572,Highway,2.8922405255458923,3,Sport,1,No Traffic,18.96990643316308,Mild,70.67456250255681,23.317008278148943,11.967825898741047,1.948
1549,2024-01-03 23:16:00,23.234857175455296,Local,-2.621798085001431,3,Sport,1,No Traffic,8.89453147014932,Mild,74.29016039906016,24.86598774550285,5.681173479141263,4.377
1141,2024-01-03 23:17:00,49.95419142532257,Local,2.4180065109089774,3,Sport,2,Moderate,-2.8369022873706555,Mild,84.51162346679864,43.50609329438287,8.83286013254146,4.925
1611,2024-01-03 23:18:00,53.86216387824036,City,1.8844097243200848,3,Sport,3,High,26.84876213231476,Mild,72.99987666890436,24.686977858219237,9.163918794883166,2.694
1500,2024-01-03 23:19:00,71.88132530562811,City,-1.1145508770029704,2,Comfort,3,High,38.46176832249266,Warm,46.21815653456568,34.001040732437346,10.997526374479827,3.092
1839,2024-01-03 23:20:00,8.608241249690995,Local,2.8411593110235103,1,Eco,3,High,18.957182173798223,Mild,50.07688817290831,40.48421411917416,8.349971434373657,4.848
1701,2024-01-03 23:21:00,27.211034088061915,Local,-1.2723735109715095,2,Comfort,2,Moderate,9.831097770785286,Mild,91.76459746978335,45.40327269115699,7.919698207138528,5.733
1546,2024-01-03 23:22:00,111.77884643027112,Highway,2.335828342969311,1,Eco,3,High,37.222521192938785,Warm,21.369766863772952,10.986391738481794,10.66667137136963,1.03
1658,2024-01-03 23:23:00,109.00921287222836,Highway,2.2844914624451365,2,Comfort,1,No Traffic,11.40999382636852,Mild,75.90564649954257,48.77075195410202,13.241708454966734,3.683
1541,2024-01-03 23:24:00,93.75487768868308,Highway,1.5459456996178351,1,Eco,3,High,36.153813673317224,Warm,96.38220419401723,48.2701451347188,11.069662535387964,4.361
1845,2024-01-03 23:25:00,2.328149474185852,Local,0.3808228428771114,3,Sport,2,Moderate,33.50608846712818,Warm,76.4982535966379,14.938012931873644,4.411600345530176,3.386
1506,2024-01-03 23:26:00,39.24081221953225,Local,-2.2799835022986716,1,Eco,3,High,18.79199525869337,Mild,99.51295905854256,30.725033120819035,5.9820744469433755,5.136
1595,2024-01-03 23:27:00,75.35504824114894,City,0.1918304069789895,1,Eco,2,Moderate,25.459270000080576,Mild,75.00359244226647,2.44120575267945,7.037495541768162,0.347
1880,2024-01-03 23:28:00,33.022825412817085,Local,-0.8592224660703929,3,Sport,2,Moderate,26.514284962702476,Mild,22.74904233734889,8.474584271330428,6.772834924111282,1.251
1280,2024-01-03 23:29:00,109.15040340645328,Highway,1.7533021989321105,3,Sport,3,High,23.84912672622659,Mild,86.16079053175389,29.23247714029813,10.69252354526672,2.734
1423,2024-01-03 23:30:00,76.06673541989302,City,1.5487752389810696,1,Eco,1,No Traffic,2.233747973738139,Mild,42.770392955145525,32.54030140683615,9.953750807678617,3.269
1855,2024-01-03 23:31:00,8.628806077973472,Local,2.463675044235631,1,Eco,2,Moderate,26.17492952680692,Mild,55.68457805315528,26.776688716458395,6.147568727360435,4.356
1269,2024-01-03 23:32:00,109.08067066028435,Highway,-2.911019025409753,3,Sport,3,High,-4.85518621497423,Mild,44.96735327256657,35.26563566924136,12.505100607154088,2.82
1153,2024-01-03 23:33:00,114.9319989811467,Highway,1.8546193009382763,2,Comfort,2,Moderate,26.95165682706683,Mild,41.48432849677435,39.66524917890156,11.84803661048597,3.348
1613,2024-01-03 23:34:00,9.32549020700706,Local,2.630772318748013,3,Sport,3,High,19.967626058134034,Mild,54.51245629358283,8.506045505640476,4.831818143636804,1.76
1726,2024-01-03 23:35:00,63.88322818335779,City,1.7358026946489007,1,Eco,1,No Traffic,6.68921899642773,Mild,50.3001158752539,33.01490055299807,9.625059587536246,3.43
1661,2024-01-03 23:36:00,36.40371386570045,Local,-2.2188332407777995,1,Eco,2,Moderate,31.169395513473177,Warm,70.66708654740715,28.173652013774458,8.028775527014124,3.509
1943,2024-01-03 23:37:00,47.14068917776829,Local,-2.512325370954674,1,Eco,1,No Traffic,13.23755224944344,Mild,85.05209607900085,5.967553521688458,6.767169147039551,0.882
1082,2024-01-03 23:38:00,21.558146154641022,Local,-2.874928561153795,3,Sport,1,No Traffic,16.85997330772596,Mild,43.76709225497926,11.507364039929488,6.0719187022110965,1.895
1621,2024-01-03 23:39:00,69.3686522414895,City,0.7724713549684261,3,Sport,1,No Traffic,-3.75464503097894,Mild,37.09769222576139,21.041484018215087,9.747100389729908,2.159
1946,2024-01-03 23:40:00,114.95752238986688,Highway,0.778035911159324,2,Comfort,1,No Traffic,13.059385859493672,Mild,73.35162166962738,43.201545946127865,12.540015773839094,3.445
1898,2024-01-03 23:41:00,60.36871203259309,City,2.921482285309274,1,Eco,1,No Traffic,2.5313256617421898,Mild,73.62560526646253,10.929586467812452,7.203622955398276,1.517
1425,2024-01-03 23:42:00,9.94974976733774,Local,-0.6117409553754256,1,Eco,3,High,7.426449032563463,Mild,92.09049914289376,9.227892240860204,3.306609265653908,2.791
1274,2024-01-03 23:43:00,74.40016001728901,City,-1.0085622906150196,3,Sport,1,No Traffic,6.34627744090327,Mild,21.27565491626487,36.07549121903997,9.769636984645455,3.693
1712,2024-01-03 23:44:00,40.82675933415084,Local,0.7465495631063548,1,Eco,3,High,-2.9290642819657817,Mild,88.24325296932079,48.79206784738351,9.83496955969653,4.961
1283,2024-01-03 23:45:00,102.71102275095572,Highway,1.9536520350455635,2,Comfort,1,No Traffic,15.722254536142806,Mild,61.68017383586856,22.421705007920963,10.34075604791482,2.168
1979,2024-01-03 23:46:00,52.16137779797643,City,2.6206436971380107,3,Sport,1,No Traffic,18.516658590844997,Mild,69.70416713376791,17.571866959224465,7.513167528438676,2.339
1172,2024-01-03 23:47:00,23.140753073069472,Local,1.818744997074232,1,Eco,2,Moderate,20.697818290659253,Mild,27.309715244913185,12.771635407046816,5.103155073782941,2.503
1326,2024-01-03 23:48:00,22.932674722937392,Local,-0.4399561163051713,3,Sport,3,High,15.799889672155969,Mild,54.60919462976365,2.582069096599063,5.574058613612937,0.463
1717,2024-01-03 23:49:00,92.25170168653923,Highway,0.8094854118723847,3,Sport,1,No Traffic,34.12871023076831,Warm,38.1841925790819,9.002864664434949,9.220273776406064,0.976
1062,2024-01-03 23:50:00,31.870511796883186,Local,2.1377959602967014,2,Comfort,1,No Traffic,-3.304411470111079,Mild,40.33800240660072,4.761411804301534,6.437089583715317,0.74
1072,2024-01-03 23:51:00,92.06800729910675,Highway,-0.0563418701295632,3,Sport,1,No Traffic,22.62138726069671,Mild,60.32760917408219,24.755667579020077,9.008824568707125,2.748
1762,2024-01-03 23:52:00,24.706477291991927,Local,-1.6998801377676438,1,Eco,3,High,33.97592558381274,Warm,84.99647603224899,48.91205659500852,6.236969272931932,7.842
1635,2024-01-03 23:53:00,38.60236424415713,Local,-1.9816593615127625,2,Comfort,3,High,-3.153189158943779,Mild,79.5024744115885,39.39138096612151,8.74002585137551,4.507
1374,2024-01-03 23:54:00,55.85843669276392,City,-2.9990535325316596,3,Sport,3,High,17.33381497409077,Mild,67.2799967268763,30.124335171627617,7.936754429069882,3.796
1632,2024-01-03 23:55:00,113.18350196321408,Highway,1.3094279698877056,1,Eco,2,Moderate,21.50622367968542,Mild,63.15345542027736,24.383249660291103,10.151183208146998,2.402
1507,2024-01-03 23:56:00,111.80777097045896,Highway,-2.333416746924057,3,Sport,2,Moderate,3.590758730950508,Mild,54.1844834587592,30.897381352492225,11.504895724293933,2.686
1786,2024-01-03 23:57:00,24.824625050674538,Local,-1.5369654018243577,3,Sport,1,No Traffic,6.362504897435469,Mild,97.81679788491093,18.86372948952401,5.5576379959188325,3.394
1942,2024-01-03 23:58:00,42.986284949168734,Local,-1.2127420108632398,2,Comfort,3,High,30.351700189450845,Warm,64.81540433873866,9.001426152881244,5.783849137082846,1.556
1397,2024-01-03 23:59:00,17.92792661445268,Local,0.3622791608206102,2,Comfort,3,High,20.53290017692841,Mild,40.31731186497777,29.529705314588956,8.5284486400717,3.462
1119,2024-01-04 00:00:00,61.19820951761965,City,-0.6122563362253848,2,Comfort,2,Moderate,9.210041375892834,Mild,38.40726336320317,26.452354121182925,8.830214019196845,2.996
1933,2024-01-04 00:01:00,55.26990608335999,City,1.048043952138971,2,Comfort,1,No Traffic,29.41398500247716,Warm,68.90824246201134,47.23238072215044,9.321203641084562,5.067
1436,2024-01-04 00:02:00,108.0912194940879,Highway,-2.666168044027784,1,Eco,3,High,28.602200839191056,Warm,61.8262021848743,32.52665906849642,11.202156078252036,2.904
1828,2024-01-04 00:03:00,111.60064533492871,Highway,-2.2563648344133633,3,Sport,3,High,10.543080338877507,Mild,20.615824236377023,38.694182392328,12.6535289796778,3.058
1675,2024-01-04 00:04:00,46.028086920875054,Local,-0.0047309788003997,2,Comfort,1,No Traffic,16.989143370217334,Mild,86.40522977566235,4.725815622685032,6.470150616395457,0.73
1935,2024-01-04 00:05:00,59.00855316227873,City,-0.9782112729190212,1,Eco,2,Moderate,24.903352009191867,Mild,76.32978833859477,38.07075632986558,8.953970271191976,4.252
1464,2024-01-04 00:06:00,107.54834989753596,Highway,-1.2251198234918417,2,Comfort,2,Moderate,10.446214804690715,Mild,72.94634317424828,49.1441569730598,11.799230196187446,4.165
1285,2024-01-04 00:07:00,96.80493692940738,Highway,-2.597831525774864,3,Sport,3,High,23.305423495052967,Mild,25.50245261581271,32.90902850600498,11.139288253244406,2.954
1264,2024-01-04 00:08:00,0.4387573613579132,Local,2.3743150484880085,2,Comfort,1,No Traffic,6.2983178829297835,Mild,48.96446801379931,37.12997681539603,8.234378465199361,4.509
1319,2024-01-04 00:09:00,38.4071477020299,Local,1.1509115167503046,3,Sport,1,No Traffic,8.140937236971654,Mild,94.8305808586229,48.978110191590275,8.623030780523614,5.68
1672,2024-01-04 00:10:00,50.61290903233511,City,-2.270291059082104,3,Sport,1,No Traffic,8.980268951849975,Mild,89.0071393073091,19.624608680745983,6.971892289779297,2.815
1375,2024-01-04 00:11:00,27.565954041987805,Local,-2.6097242535771565,1,Eco,3,High,37.12246466869812,Warm,42.84343502956268,41.22650782278922,8.743151707095352,4.715
1819,2024-01-04 00:12:00,23.94859390751265,Local,2.849235200587458,2,Comfort,2,Moderate,32.51524639484423,Warm,32.5647107279311,20.04465715868738,6.198491997544954,3.234
1088,2024-01-04 00:13:00,4.53414079148156,Local,1.0870353026370294,2,Comfort,2,Moderate,20.43246890151256,Mild,55.92703657348616,21.35333897166851,4.831655309258062,4.419
1653,2024-01-04 00:14:00,77.20436700837126,City,-0.4952635734375512,3,Sport,2,Moderate,20.374249423519263,Mild,48.46643029341287,32.946270058038266,10.289036016778857,3.202
1202,2024-01-04 00:15:00,31.50123485797988,Local,1.2103862445347089,2,Comfort,2,Moderate,-2.4734065075185936,Mild,74.57811013647928,12.895315993619915,6.482868001971136,1.989
1820,2024-01-04 00:16:00,6.281661411757571,Local,1.5379907188809545,3,Sport,2,Moderate,24.227862847173014,Mild,97.31478480674556,49.63981279435317,7.427307846935213,6.683
1738,2024-01-04 00:17:00,27.717517263367636,Local,1.679773214332676,1,Eco,3,High,9.765393579771183,Mild,49.04011599860492,16.528655184845675,5.767546775323144,2.866
1954,2024-01-04 00:18:00,96.22967434033518,Highway,-0.1327361660816541,2,Comfort,3,High,22.553471295853583,Mild,24.97793381217936,6.23021307834585,8.466389782501032,0.736
1333,2024-01-04 00:19:00,102.1787017975856,Highway,-0.4207034512509118,3,Sport,2,Moderate,32.810518649705635,Warm,91.8091206673908,16.195447444745675,9.049259433989857,1.79
1221,2024-01-04 00:20:00,57.96794942319632,City,-2.933831494386598,2,Comfort,2,Moderate,-2.952576236300683,Mild,23.035978419189664,42.8127148914226,11.605226614700522,3.689
1040,2024-01-04 00:21:00,49.92848044904234,Local,2.559342690851028,2,Comfort,3,High,22.31785765349189,Mild,96.22127177226665,15.765009081496911,7.6166231692903885,2.07
1707,2024-01-04 00:22:00,117.3424432202138,Highway,0.6198472703336586,1,Eco,2,Moderate,20.389027655504332,Mild,73.16635424072318,30.606645184165014,11.841747804261038,2.585
1067,2024-01-04 00:23:00,24.06775915056839,Local,-1.7810763768601914,3,Sport,2,Moderate,4.30449498532451,Mild,95.33513667535593,46.772478520116834,6.853035572479647,6.825
1987,2024-01-04 00:24:00,25.843113942553018,Local,2.51762051652862,1,Eco,2,Moderate,24.089482703410553,Mild,35.97277493191826,13.072306216691588,7.370715391553206,1.774
1775,2024-01-04 00:25:00,35.02406124436797,Local,2.4895914106217782,1,Eco,1,No Traffic,19.967585527538095,Mild,23.25598362030461,6.655129870981806,7.740780119998128,0.86
1513,2024-01-04 00:26:00,20.730878193730476,Local,2.935104986196576,1,Eco,2,Moderate,29.529405581004312,Warm,59.056798262119344,4.932727668169633,4.880520656274913,1.011
1872,2024-01-04 00:27:00,45.52387178450239,Local,2.244339378833873,3,Sport,1,No Traffic,-0.0221644332792747,Mild,56.049873165610016,22.074373201137693,8.55357810748639,2.581
1636,2024-01-04 00:28:00,109.30010723877044,Highway,2.9867063269203884,3,Sport,2,Moderate,14.962330916680926,Mild,46.519381860390624,5.303906460884746,8.88539295791482,0.597
1621,2024-01-04 00:29:00,73.84174087542891,City,-1.5318828712603645,2,Comfort,2,Moderate,39.90698201956778,Warm,96.6125179510958,22.745039532766583,8.795787697080799,2.586
1597,2024-01-04 00:30:00,49.43358583347164,Local,2.0534975111954044,3,Sport,3,High,26.01763816920117,Mild,85.80669857291457,43.14957526361596,9.74631989857224,4.427
1936,2024-01-04 00:31:00,112.12929534854578,Highway,1.9381698527745872,1,Eco,3,High,25.793420018641985,Mild,72.92656171004747,38.89644301912773,12.56355338616913,3.096
1631,2024-01-04 00:32:00,5.815707897098679,Local,-1.6143578446755975,3,Sport,3,High,9.304199515855435,Mild,33.028663331026216,29.126872586696187,6.512414302135946,4.473
1126,2024-01-04 00:33:00,25.233141348223363,Local,-2.4093747059940553,2,Comfort,1,No Traffic,-0.775035310046766,Mild,78.74587265748198,42.53608305530364,6.408665228122358,6.637
1254,2024-01-04 00:34:00,67.90663261221108,City,2.8765230820655976,1,Eco,1,No Traffic,37.72724688562093,Warm,78.16099637597792,5.103475391802219,6.032376648232915,0.846
1694,2024-01-04 00:35:00,73.8663147831815,City,-1.223852690876338,2,Comfort,2,Moderate,-0.2537868664132787,Mild,54.005453889280595,30.50994302873421,9.942177031641618,3.069
1015,2024-01-04 00:36:00,4.746900787513577,Local,2.225350742806836,3,Sport,1,No Traffic,39.67178397719491,Warm,93.98287277712107,5.870504409205218,4.53170307300214,1.295
1476,2024-01-04 00:37:00,48.36465094885586,Local,-2.9752370719523764,2,Comfort,3,High,0.660143758987104,Mild,33.358230578320835,24.158756622303873,8.448688248142371,2.859
1061,2024-01-04 00:38:00,77.89847577970473,City,-2.8738511566823868,2,Comfort,1,No Traffic,2.6908306836667517,Mild,41.38700499293314,23.22677263091153,8.868026895879918,2.619
1880,2024-01-04 00:39:00,83.76846556840819,Highway,-0.2047721478217896,3,Sport,2,Moderate,8.876512977251444,Mild,25.057947140050693,13.331252710068576,9.22902450860152,1.444
1431,2024-01-04 00:40:00,76.57678830195232,City,-1.5677118963896186,2,Comfort,1,No Traffic,18.05688370702922,Mild,83.636076654207,41.509746412129346,10.021532140687524,4.142
1669,2024-01-04 00:41:00,38.46758692331095,Local,1.1390477006157855,3,Sport,3,High,30.56807434498446,Warm,69.74075088763178,11.488560530217956,7.398552915477382,1.553
1267,2024-01-04 00:42:00,11.22241483174914,Local,0.393385953407726,1,Eco,2,Moderate,38.69537358706774,Warm,45.19522445449997,27.63952288730756,6.815292425086646,4.056
1034,2024-01-04 00:43:00,51.25349357032009,City,-2.5350852152970513,2,Comfort,1,No Traffic,11.147119643084462,Mild,33.10509308754523,24.164841117070647,9.094992134368198,2.657
1778,2024-01-04 00:44:00,15.450532484166658,Local,-2.0242302221056976,1,Eco,2,Moderate,-4.081410804867833,Mild,23.21182160229923,21.63944534199274,5.7293627144288255,3.777
1575,2024-01-04 00:45:00,113.71483902248004,Highway,-0.6717043796495146,3,Sport,2,Moderate,22.750578534811147,Mild,33.33964549007493,1.7737531940789009,8.81730578387867,0.201
1493,2024-01-04 00:46:00,57.02050392271539,City,-1.886375616267401,3,Sport,1,No Traffic,26.98554375619463,Mild,56.262771707012654,34.86701957909424,10.09337844193214,3.454
1561,2024-01-04 00:47:00,38.07110092282411,Local,1.7533340834635718,2,Comfort,2,Moderate,12.884989699104995,Mild,39.77415752084849,0.732998632053997,6.830286959230722,0.107
1468,2024-01-04 00:48:00,91.956488534268,Highway,-0.5035785866803195,2,Comfort,1,No Traffic,3.25642220393905,Mild,40.718574194557334,41.04530548702291,11.931634289207212,3.44
1766,2024-01-04 00:49:00,59.75383110987166,City,-2.4394087989450046,3,Sport,3,High,8.770701763211678,Mild,90.04610933341715,13.393089880888718,6.989811850603957,1.916
1660,2024-01-04 00:50:00,37.20408288149401,Local,-0.0939425863672509,3,Sport,3,High,24.51098691939608,Mild,61.211013876888046,6.088271034298695,6.346342570174065,0.959
1324,2024-01-04 00:51:00,97.4361290868962,Highway,-2.4549709136315148,1,Eco,1,No Traffic,17.238229139558573,Mild,78.34015785027317,20.910329699938707,9.899698119965938,2.112
1303,2024-01-04 00:52:00,104.05825812013464,Highway,-2.2263761674810967,1,Eco,1,No Traffic,28.45408128935143,Warm,22.856875922251447,28.01209143067787,11.80879260542097,2.372
1275,2024-01-04 00:53:00,80.76097995464124,Highway,-1.5623410078307682,2,Comfort,2,Moderate,4.817661003549141,Mild,49.2130684542423,15.587096663721114,8.862308910109036,1.759
1868,2024-01-04 00:54:00,5.635730688920075,Local,2.157166231484939,2,Comfort,1,No Traffic,32.889352823667224,Warm,58.33354779163535,6.1770601699813215,5.088705860083607,1.214
1962,2024-01-04 00:55:00,67.95874561998386,City,2.547675193997831,2,Comfort,2,Moderate,2.0148213188525954,Mild,34.91334841681478,1.0145309701239191,8.357348987060755,0.121
1683,2024-01-04 00:56:00,91.5953894396738,Highway,1.9575463759924148,2,Comfort,3,High,9.846194301059985,Mild,29.615323315643096,35.220280821233935,9.214244775366268,3.822
1928,2024-01-04 00:57:00,16.38036145002986,Local,-0.9955366954929166,2,Comfort,1,No Traffic,21.604343343484956,Mild,89.6243022799874,44.33314610375563,7.255057785705135,6.111
1200,2024-01-04 00:58:00,27.4404901661524,Local,-1.36532135334701,2,Comfort,3,High,28.15884362436113,Warm,95.15453016798372,5.116000628519925,4.7646573785136095,1.074
1444,2024-01-04 00:59:00,105.89941260817638,Highway,0.2949341447414353,2,Comfort,1,No Traffic,6.978166204181017,Mild,26.304535843632593,11.60862495308548,8.813999699171616,1.317
1904,2024-01-04 01:00:00,2.4146066223688845,Local,1.3311189631986735,2,Comfort,3,High,37.66538809668285,Warm,47.92149700339544,1.1094351013707588,4.045366157336353,0.274
1323,2024-01-04 01:01:00,90.32725653911712,Highway,2.960236728961049,1,Eco,1,No Traffic,26.77500774386163,Mild,96.6628502515579,44.2648051339596,10.609514500994276,4.172
1034,2024-01-04 01:02:00,56.85279510173075,City,-2.2105757287264427,3,Sport,1,No Traffic,4.79537642915105,Mild,26.652938650597193,22.29245360704496,8.981126510351496,2.482
1976,2024-01-04 01:03:00,53.612659060752826,City,-2.704248005857173,3,Sport,2,Moderate,27.65944910328566,Mild,71.49130983029809,46.26724090039273,9.6291733534525,4.805
1481,2024-01-04 01:04:00,0.8515838993864611,Local,1.166135333971626,2,Comfort,2,Moderate,26.33501626230511,Mild,97.77770967736043,23.458156583720783,4.332825215672928,5.414
1727,2024-01-04 01:05:00,98.32778771597911,Highway,1.9933547010234332,3,Sport,1,No Traffic,28.870783231520157,Warm,98.25789348650996,43.122937007342514,11.010156479965865,3.917
1479,2024-01-04 01:06:00,43.178988076387974,Local,2.078092679198539,2,Comfort,2,Moderate,36.21463261268961,Warm,57.69786647229946,47.592645769753624,9.072344822473754,5.246
1064,2024-01-04 01:07:00,64.89187575606515,City,1.0707812944629644,1,Eco,1,No Traffic,27.027273342063964,Mild,33.01992862259045,16.82406848879041,9.177368905254438,1.833
1007,2024-01-04 01:08:00,81.27608236027913,Highway,2.724094824715122,2,Comfort,1,No Traffic,10.83596317978482,Mild,36.16674519819511,32.071481653699536,10.043662427296496,3.193
1300,2024-01-04 01:09:00,84.3155491725499,Highway,0.0660285812675214,1,Eco,3,High,30.57328649860171,Warm,91.16811160995157,33.354358151836436,10.076902442817389,3.31
1342,2024-01-04 01:10:00,114.71760705912868,Highway,2.4828887900172747,1,Eco,2,Moderate,26.31377910110317,Mild,92.93464034637888,1.1682958862368364,9.692834785853009,0.121
1430,2024-01-04 01:11:00,63.760794388393094,City,2.8068728219491383,1,Eco,2,Moderate,20.841663363636,Mild,68.63037150988438,21.967635323334132,8.195257525298045,2.681
1423,2024-01-04 01:12:00,47.966346116931305,Local,2.082944742018647,2,Comfort,3,High,10.922480199860162,Mild,81.2941119575929,42.78085920960108,9.373502531594657,4.564
1331,2024-01-04 01:13:00,114.44443517900496,Highway,-1.1414486204482763,1,Eco,1,No Traffic,36.44721293837257,Warm,79.19450011763266,47.31963459734497,11.737405631655912,4.032
1437,2024-01-04 01:14:00,77.05322820306253,City,-1.8227060929782284,2,Comfort,2,Moderate,18.073963423860015,Mild,72.94572783912855,44.97112159890435,10.448096953645848,4.304
1587,2024-01-04 01:15:00,35.778042753186675,Local,0.2887203898909103,1,Eco,1,No Traffic,23.264651966675572,Mild,86.18215638975512,48.64760686056918,9.490626409612505,5.126
1173,2024-01-04 01:16:00,15.175709448428538,Local,-0.2819114977188692,1,Eco,2,Moderate,13.691338961227352,Mild,74.83252984322569,32.686788936407574,5.511773625737838,5.93
1558,2024-01-04 01:17:00,101.10654017582176,Highway,2.266550053156398,3,Sport,2,Moderate,30.136688896665376,Warm,62.720184459799945,11.716689315367756,9.197511528017571,1.274
1526,2024-01-04 01:18:00,43.461792335298185,Local,-2.399809973597078,2,Comfort,1,No Traffic,10.346777787419756,Mild,38.956509007052546,28.811570339497884,9.287481546672067,3.102
1872,2024-01-04 01:19:00,79.25636656373175,City,-1.4535596321308883,3,Sport,1,No Traffic,31.4785476179028,Warm,79.51105152948952,21.11508343518812,8.140705689834112,2.594
1658,2024-01-04 01:20:00,56.49797032390778,City,1.5107936671122513,1,Eco,2,Moderate,-0.142635709778867,Mild,57.87502942706196,13.0067635165607,6.371296571542805,2.041
1025,2024-01-04 01:21:00,23.8715735754046,Local,-2.430080130136127,3,Sport,3,High,26.90328523560649,Mild,43.583334720600746,38.66202862305079,9.004940899440632,4.293
1819,2024-01-04 01:22:00,72.20239303445581,City,-1.0754135158697988,1,Eco,3,High,16.45969671539831,Mild,84.15570205934203,31.49701662283361,7.323762321415978,4.301
1604,2024-01-04 01:23:00,7.281968274081878,Local,-0.6770676356761012,3,Sport,3,High,26.443910331485863,Mild,75.73708802824227,39.52620000021843,6.3645123418173375,6.21
1405,2024-01-04 01:24:00,49.60109518454307,Local,0.7355627793761399,3,Sport,3,High,18.91280393710006,Mild,94.987165049976,13.547584324054624,6.043948759824051,2.242
1231,2024-01-04 01:25:00,65.59379275964052,City,-2.0512041256838125,2,Comfort,3,High,1.0437847466620882,Mild,33.23533120151022,45.20383882635439,11.064182733428934,4.086
1532,2024-01-04 01:26:00,52.32563689422949,City,2.163626942098257,2,Comfort,1,No Traffic,16.46461941476914,Mild,71.93514277091946,12.01181562196667,6.656522769981537,1.805
1818,2024-01-04 01:27:00,89.8406610301189,Highway,-0.3147465872023547,3,Sport,2,Moderate,38.40515367991098,Warm,39.53915744705408,30.13592844760332,10.176950902570905,2.961
1549,2024-01-04 01:28:00,99.35099454543747,Highway,2.502130271283339,3,Sport,3,High,28.967827055655476,Warm,92.28663882413132,2.9390437036467674,9.37506084392126,0.313
1787,2024-01-04 01:29:00,92.54916888398137,Highway,-0.1927805181964101,2,Comfort,2,Moderate,8.508517690965121,Mild,27.959953140529255,27.09411699387117,10.44789476489205,2.593
1504,2024-01-04 01:30:00,4.6575537374162534,Local,-1.3497584463555998,1,Eco,1,No Traffic,37.48513665580805,Warm,72.49294451559018,5.026298149944813,4.4848223698802245,1.121
1668,2024-01-04 01:31:00,23.295452453516667,Local,-2.1490270278739505,1,Eco,2,Moderate,30.052582473509844,Warm,83.28685772224239,16.677523259492574,5.430235769243381,3.071
1178,2024-01-04 01:32:00,64.39290111165292,City,-2.9775294317322913,1,Eco,1,No Traffic,11.40012044851714,Mild,48.393427229176574,43.04839400900941,9.740904609246662,4.419
1131,2024-01-04 01:33:00,112.17864485325616,Highway,0.1929449099090137,1,Eco,2,Moderate,22.16082845992833,Mild,96.33104635070474,44.687013025513586,9.588491878035194,4.66
1822,2024-01-04 01:34:00,100.19481300625402,Highway,-2.3570598184384597,3,Sport,2,Moderate,14.20085218163753,Mild,88.05845476688299,38.38819667262086,9.737052686531417,3.942
1454,2024-01-04 01:35:00,101.1041410022162,Highway,-0.6496334182129306,1,Eco,1,No Traffic,-0.648932274861636,Mild,43.56946397479227,18.44841921602773,8.757796879725777,2.107
1347,2024-01-04 01:36:00,36.38498325116099,Local,0.5356305674225199,3,Sport,2,Moderate,31.271323286282076,Warm,20.603287417279898,28.97826846796416,8.270337316798432,3.504
1539,2024-01-04 01:37:00,51.53374764944431,City,-1.3458846185837985,3,Sport,1,No Traffic,3.598515630738474,Mild,43.73257408944487,11.276550423337968,7.087915792917764,1.591
1771,2024-01-04 01:38:00,56.48471367791249,City,-1.9486542458033085,1,Eco,2,Moderate,15.611723327157026,Mild,42.504837637659406,33.949624837698906,9.542887429462212,3.558
1405,2024-01-04 01:39:00,18.88459000198925,Local,1.6483297356560502,1,Eco,2,Moderate,26.618715439986016,Mild,91.19716860007271,17.435410618218526,6.496005679058805,2.684
1075,2024-01-04 01:40:00,3.728175629334758,Local,2.6807470336897232,1,Eco,3,High,36.94961599720899,Warm,97.3696942603798,11.127830235877624,2.980104851247889,3.734
1940,2024-01-04 01:41:00,113.62834793526204,Highway,-2.397357492828204,2,Comfort,2,Moderate,-2.177325929882179,Mild,25.63519887762083,29.290020859203484,11.950239908582642,2.451
1578,2024-01-04 01:42:00,28.885510279620807,Local,-2.066458053689953,3,Sport,3,High,12.69551005528169,Mild,57.70358628266534,5.678929349241049,4.3317379839344055,1.311
1853,2024-01-04 01:43:00,28.79386844683576,Local,2.760075943516312,1,Eco,3,High,22.65914761988599,Mild,63.86655988238366,34.36627913278093,7.498212824363625,4.583
1491,2024-01-04 01:44:00,10.005486452251144,Local,-2.773294669126522,2,Comfort,1,No Traffic,30.06891874533754,Warm,27.432932906376266,9.431570703941402,4.879204297704268,1.933
1193,2024-01-04 01:45:00,111.42093023325344,Highway,2.8657940193028333,3,Sport,1,No Traffic,36.44190292452256,Warm,50.1998167310018,27.717422513061177,11.015281541011296,2.516
1983,2024-01-04 01:46:00,69.56845379277264,City,-2.9721331014900674,3,Sport,2,Moderate,-4.97762082260946,Mild,45.36659339143605,19.68617344901343,9.443441967127958,2.085
1161,2024-01-04 01:47:00,80.04442285504247,Highway,2.242011933907988,3,Sport,1,No Traffic,23.249352221444987,Mild,62.88450834616698,28.355611067419257,10.800329632372245,2.625
1346,2024-01-04 01:48:00,109.3892264715663,Highway,-1.1560489140735029,1,Eco,3,High,-4.687838366240153,Mild,72.89527197855504,12.373497301711526,9.726000068480948,1.272
1950,2024-01-04 01:49:00,41.47442026809474,Local,2.631533149063779,1,Eco,2,Moderate,30.426487939335857,Warm,76.27880883972533,15.588427007806311,6.269820974157213,2.486
1360,2024-01-04 01:50:00,74.5808773365701,City,-1.0983282681864872,3,Sport,1,No Traffic,1.7349968656467103,Mild,30.940401889071005,7.102022605905168,7.799182566389682,0.911
1768,2024-01-04 01:51:00,4.655934567466495,Local,0.9258379292043362,3,Sport,1,No Traffic,35.25792877050366,Warm,85.0358161555697,38.87058570948505,6.3756507088359875,6.097
1583,2024-01-04 01:52:00,22.41270338773552,Local,-2.5198045814043804,2,Comfort,1,No Traffic,1.9805906085717424,Mild,74.28336238326071,3.5985900340403294,3.1230225816362585,1.152
1086,2024-01-04 01:53:00,99.7494966107931,Highway,-1.546021131277566,2,Comfort,3,High,29.394804186066104,Warm,91.12599333973756,18.884082176058,8.883795870334168,2.126
1933,2024-01-04 01:54:00,92.01220276060027,Highway,1.6420760788755049,3,Sport,1,No Traffic,8.018676751627824,Mild,55.94688475483473,22.509929802231785,10.166065907127749,2.214
1261,2024-01-04 01:55:00,42.07712297485762,Local,0.1721151220729182,2,Comfort,2,Moderate,20.07642468236143,Mild,91.51118101777531,9.840789969518644,6.766177155194349,1.454
1213,2024-01-04 01:56:00,45.2172753329055,Local,2.5678143707222683,3,Sport,2,Moderate,22.37954057970845,Mild,89.26192978848603,19.302598615113514,6.931980262523332,2.785
1664,2024-01-04 01:57:00,64.02653202642954,City,-0.4274915499518741,2,Comfort,2,Moderate,4.304229189121152,Mild,55.072746588741566,20.962602232471983,7.8512875913154625,2.67
1721,2024-01-04 01:58:00,0.0289205622161459,Local,2.218874194883538,3,Sport,3,High,8.441359758672462,Mild,50.49146522343829,11.294086510184217,6.369341720404035,1.773
1912,2024-01-04 01:59:00,28.949320324563345,Local,-0.3062673751305746,1,Eco,1,No Traffic,-0.1621497903263824,Mild,94.62496119762054,31.998861529523953,7.353135090347275,4.352
1572,2024-01-04 02:00:00,24.98781703298573,Local,2.875489672211912,3,Sport,2,Moderate,-4.761994758031306,Mild,77.213178763075,1.6396148645818218,5.817740615415088,0.282
1779,2024-01-04 02:01:00,30.057953609971616,Local,2.7590062883932607,1,Eco,1,No Traffic,5.776061733222841,Mild,94.25962771504604,9.958476725576574,5.586845637740408,1.782
1261,2024-01-04 02:02:00,96.70870110401296,Highway,-1.025179766663518,3,Sport,1,No Traffic,18.22010601275667,Mild,83.75798231166505,31.24134107593284,11.389193492612614,2.743
1729,2024-01-04 02:03:00,33.56086278557318,Local,2.3155420225008196,1,Eco,2,Moderate,27.11187667412416,Mild,68.74379514331315,31.413619303409593,7.003441966072922,4.485
1282,2024-01-04 02:04:00,22.98255864601778,Local,2.0856682452938955,2,Comfort,3,High,30.71018312913693,Warm,29.26822216030116,13.33660368600188,7.64635826815488,1.744
1647,2024-01-04 02:05:00,60.511615295163786,City,-1.735917616034623,1,Eco,2,Moderate,-1.8605317668511057,Mild,43.31845380632788,34.184157026297356,8.879857031476305,3.85
1466,2024-01-04 02:06:00,103.87740436472784,Highway,0.7457424046996182,2,Comfort,2,Moderate,7.258579894700112,Mild,97.50739256787132,23.542461873831733,9.398274651167467,2.505
1379,2024-01-04 02:07:00,28.961964460499985,Local,-2.563906106461111,3,Sport,3,High,29.6600790433749,Warm,45.55376789713635,26.40960845640706,7.778528691839261,3.395
1361,2024-01-04 02:08:00,9.424349135135843,Local,2.0202643235007702,2,Comfort,1,No Traffic,16.639099371305903,Mild,27.460389582829663,16.69725712741462,6.1211325589296495,2.728
1448,2024-01-04 02:09:00,42.76856830195976,Local,-1.9527246989790208,2,Comfort,1,No Traffic,3.198414429694827,Mild,76.60426847354557,49.21518884225695,8.408577048621183,5.853
1440,2024-01-04 02:10:00,89.71821894779734,Highway,-2.575111791685413,2,Comfort,3,High,12.649630355342104,Mild,78.72034036349474,36.895622626443064,10.982647686433182,3.359
1092,2024-01-04 02:11:00,66.08286536337535,City,-0.5986854267671329,3,Sport,2,Moderate,7.151538590498017,Mild,42.836617622972064,12.49665198591745,7.5827230069421265,1.648
1620,2024-01-04 02:12:00,98.0152043489217,Highway,0.4615328315978608,1,Eco,3,High,-2.7205922635600617,Mild,43.8137583477043,11.904507651551576,9.690251464720184,1.229
1752,2024-01-04 02:13:00,115.15105771310807,Highway,2.1295017513586263,2,Comfort,2,Moderate,29.36322155191308,Warm,57.51143884070271,38.731257325170574,12.020093646506645,3.222
1866,2024-01-04 02:14:00,95.11949721019404,Highway,2.845455153130419,3,Sport,3,High,8.126214741407141,Mild,21.74311598098044,19.46174493441817,10.72721591430051,1.814
1423,2024-01-04 02:15:00,72.4563694612504,City,-0.363044924580818,2,Comfort,1,No Traffic,37.53090975698768,Warm,83.14584082889309,4.666446566345582,6.050523932803801,0.771
1141,2024-01-04 02:16:00,59.20099056628566,City,-2.6373184620883787,1,Eco,3,High,34.96562682007084,Warm,45.367102981930046,1.876435657930192,7.259241870690974,0.258
1290,2024-01-04 02:17:00,4.808290361792,Local,1.4946934741552242,2,Comfort,3,High,27.232486610516855,Mild,88.3010481601582,20.75640523063245,6.396916373626978,3.245
1431,2024-01-04 02:18:00,118.11863745768495,Highway,0.3910395373436248,2,Comfort,2,Moderate,9.6985474251839,Mild,84.2104337280027,20.79393144372751,10.32271687090249,2.014
1748,2024-01-04 02:19:00,46.017734709005104,Local,-0.3126519309332209,2,Comfort,2,Moderate,7.596559870647258,Mild,72.91216264950265,35.37214943591874,8.556392144332648,4.134
1851,2024-01-04 02:20:00,18.267385670024016,Local,-1.144386727246862,1,Eco,2,Moderate,16.38721660712806,Mild,45.989989367943096,28.781105595209706,6.3925436207168245,4.502
1823,2024-01-04 02:21:00,80.0050626475748,Highway,0.014391167061214,1,Eco,3,High,10.957112514743836,Mild,61.3053249328936,38.528994709922074,11.034678601332736,3.492
1688,2024-01-04 02:22:00,34.11459469145512,Local,-0.9679223732578146,3,Sport,3,High,35.55212458114569,Warm,55.58634060783672,15.955836748455113,6.357469688324076,2.51
1652,2024-01-04 02:23:00,70.29339251172571,City,1.5420712064841613,2,Comfort,2,Moderate,0.5572812676555552,Mild,47.11055089989394,31.250148477266897,7.984255316571588,3.914
1700,2024-01-04 02:24:00,70.41214894135095,City,0.2633621789558464,2,Comfort,1,No Traffic,27.60104090267691,Mild,87.85090314425426,44.29656910140445,10.275662395800028,4.311
1997,2024-01-04 02:25:00,53.4875785083443,City,2.2610866449246716,2,Comfort,2,Moderate,22.4903557446636,Mild,58.68056596621322,3.5574239825483285,6.679795171312723,0.533
1048,2024-01-04 02:26:00,100.33423386540512,Highway,0.2612634878966524,2,Comfort,3,High,31.28355361013655,Warm,86.61784782377171,35.45172151233862,10.64909593229667,3.329
1301,2024-01-04 02:27:00,31.796047386653164,Local,-1.5704255199604198,1,Eco,3,High,19.4119297037593,Mild,28.417477931345942,35.82256226065336,8.44292516681419,4.243
1880,2024-01-04 02:28:00,53.8359109941281,City,2.106551293392867,1,Eco,2,Moderate,23.329330492696457,Mild,31.28198308802686,39.72211148067504,8.605052790889859,4.616
1189,2024-01-04 02:29:00,64.52305543091657,City,0.3433142695802633,2,Comfort,2,Moderate,38.3233284384914,Warm,98.18562440903814,13.525461257173044,6.43330172624303,2.102
1135,2024-01-04 02:30:00,79.63496649207596,City,-1.7589537711386325,2,Comfort,3,High,-0.8617301285377268,Mild,67.02147700848717,20.884392278282135,9.167637878324522,2.278
1554,2024-01-04 02:31:00,94.07662206067074,Highway,0.7410468597373328,2,Comfort,3,High,-0.2810453532321499,Mild,60.78157387992392,12.061446432754169,8.417083151764109,1.433
1403,2024-01-04 02:32:00,47.37687394539073,Local,-0.8536994103454347,2,Comfort,1,No Traffic,12.712345812755387,Mild,61.85248505152893,15.498236317122585,7.458553219430648,2.078
1891,2024-01-04 02:33:00,77.52563329159152,City,2.0664336737523943,3,Sport,2,Moderate,16.27297570304468,Mild,37.22150192262879,48.42857377494526,11.956181537212649,4.051
1864,2024-01-04 02:34:00,18.073314368222295,Local,-0.2802015681207432,3,Sport,2,Moderate,3.9942418928198182,Mild,77.49631596015784,22.338134980988215,5.849738220909929,3.819
1601,2024-01-04 02:35:00,111.91777206509744,Highway,1.3586481486445,2,Comfort,1,No Traffic,-1.2799491357709014,Mild,26.78244989838035,42.44276712229155,13.319829552593434,3.186
1806,2024-01-04 02:36:00,45.96705677052042,Local,-2.426782754182577,2,Comfort,3,High,-4.0020684546128145,Mild,65.86589704824186,39.764504713776134,9.843183301637346,4.04
1340,2024-01-04 02:37:00,87.54257063717262,Highway,-0.6238539221859227,2,Comfort,3,High,29.40665127006274,Warm,65.66150372687211,22.281848905846083,8.945144991005318,2.491
1756,2024-01-04 02:38:00,2.4409298258613177,Local,2.899448618834392,3,Sport,1,No Traffic,16.827582714872133,Mild,93.13507393068087,49.60973862853648,7.075525006630841,7.011
1944,2024-01-04 02:39:00,24.62245714857684,Local,1.85076173686289,1,Eco,2,Moderate,32.95315434249261,Warm,62.09462480838883,42.05494789549787,7.897911049955389,5.325
1703,2024-01-04 02:40:00,58.44990531882936,City,-2.040355185798428,3,Sport,3,High,11.23767557673569,Mild,30.96501567793436,24.186483488690257,8.762759969056233,2.76
1317,2024-01-04 02:41:00,105.39029612788158,Highway,-1.3334157031364695,3,Sport,1,No Traffic,26.65507585125887,Mild,65.82026073985301,15.554313487583242,9.890410319345689,1.573
1617,2024-01-04 02:42:00,63.270617994081256,City,-1.0211051468618335,2,Comfort,1,No Traffic,16.98342350634222,Mild,27.30621154922659,3.857198111389169,6.287841175522555,0.613
1362,2024-01-04 02:43:00,111.58445787526549,Highway,0.9021933629726742,2,Comfort,1,No Traffic,22.543149937593565,Mild,36.303506823993736,23.293515262203748,10.981915296312758,2.121
1821,2024-01-04 02:44:00,58.05562758993556,City,1.5419685569379329,1,Eco,3,High,11.658857850450191,Mild,22.48868673499329,18.064494181098677,8.119287512608297,2.225
1381,2024-01-04 02:45:00,58.853891608313994,City,1.4971596528474589,2,Comfort,3,High,-1.3473603298696664,Mild,61.063486596759866,35.59770647375237,9.208786091928506,3.866
1232,2024-01-04 02:46:00,14.369614620063826,Local,0.0592443378384168,2,Comfort,1,No Traffic,37.6318111995164,Warm,26.76260922348579,1.0819503772460215,3.9914407571326778,0.271
1776,2024-01-04 02:47:00,96.31874929826638,Highway,1.864923227028907,1,Eco,1,No Traffic,32.62404338133764,Warm,57.55155028250633,41.589238614447154,11.939473281692363,3.483
1343,2024-01-04 02:48:00,29.6358494960475,Local,-0.3775315034551498,2,Comfort,3,High,9.035129791973828,Mild,94.63560282593151,20.88974407579185,6.142457806319401,3.401
1548,2024-01-04 02:49:00,107.9534987246778,Highway,-2.256716608226629,2,Comfort,3,High,38.14163209947748,Warm,77.58091304154657,23.53965584346201,11.193819019416177,2.103
1816,2024-01-04 02:50:00,109.29890643964754,Highway,0.3866510499228797,2,Comfort,3,High,8.52199291368022,Mild,26.192933938023444,9.221229877638107,10.815986725135843,0.853
1552,2024-01-04 02:51:00,113.19721342489795,Highway,2.71380830760664,3,Sport,3,High,14.934550909759164,Mild,37.93678497670746,46.88035687855783,14.274404147031392,3.284
1528,2024-01-04 02:52:00,62.4276586923708,City,1.7579619083550675,2,Comfort,3,High,28.98110473099947,Warm,73.89299359147473,19.97952120945923,8.15340097142437,2.45
1855,2024-01-04 02:53:00,81.25125417403733,Highway,0.4722038861534541,3,Sport,1,No Traffic,8.905191174957118,Mild,91.5761488819347,42.15196740371584,10.142598656527568,4.156
1788,2024-01-04 02:54:00,93.42190560739962,Highway,0.8808339620945818,2,Comfort,3,High,9.60285903860789,Mild,22.633486941116303,11.948927520679938,10.341503193668425,1.155
1818,2024-01-04 02:55:00,15.721754238055873,Local,2.583372162213436,2,Comfort,3,High,13.453697144770016,Mild,84.99609053764752,4.92318412489315,5.46954907959295,0.9
1570,2024-01-04 02:56:00,72.11486339969967,City,-0.4299432333902371,3,Sport,1,No Traffic,16.07752118211988,Mild,64.94511042706469,31.824472396976276,9.526470424749755,3.341
1934,2024-01-04 02:57:00,4.115748156397401,Local,-1.0116351663441758,3,Sport,1,No Traffic,0.5627308816042458,Mild,63.68730602371141,49.22238284598153,7.872723790188472,6.252
1182,2024-01-04 02:58:00,59.7079300066471,City,2.8634493900026943,2,Comfort,2,Moderate,-4.212875389127319,Mild,96.62505462026864,32.382384320862876,7.628941769918009,4.245
1040,2024-01-04 02:59:00,18.58112179442729,Local,2.180658801062,1,Eco,3,High,36.36207367847744,Warm,79.81156900774184,30.47478485457888,6.222519059515172,4.897
1550,2024-01-04 03:00:00,21.950751115450164,Local,-1.0617384922883857,2,Comfort,2,Moderate,10.89348844103469,Mild,88.00950944448896,22.16731282943082,5.261192667404527,4.213
1396,2024-01-04 03:01:00,43.80570800311218,Local,-0.2173164158344631,3,Sport,2,Moderate,-0.4240129301808188,Mild,48.31964556357334,14.26168461435158,7.883441739672626,1.809
1703,2024-01-04 03:02:00,51.89246000598036,City,-0.5095312259532054,2,Comfort,1,No Traffic,29.16271309630197,Warm,64.34912326627278,21.598579553796988,9.206863828780516,2.346
1778,2024-01-04 03:03:00,74.78069094386247,City,-2.1054259279713965,2,Comfort,1,No Traffic,8.277730194905086,Mild,69.23245419422166,7.532951566152641,8.432662617913767,0.893
1493,2024-01-04 03:04:00,8.93141021262188,Local,2.7469159428795544,3,Sport,2,Moderate,3.1748833390651168,Mild,45.72671522899721,13.169147591293978,6.266178023660521,2.102
1658,2024-01-04 03:05:00,60.44301134849336,City,-0.5741254126814472,1,Eco,2,Moderate,38.317496478729986,Warm,65.61984999579195,24.420532471929548,8.222219682389724,2.97
1906,2024-01-04 03:06:00,21.915015630372135,Local,2.251974495827448,1,Eco,2,Moderate,36.42443011543493,Warm,38.932430358377104,7.325298428325045,4.9646122034318605,1.476
1332,2024-01-04 03:07:00,68.87702100380903,City,-1.8638626339160096,3,Sport,2,Moderate,-0.2414363928354408,Mild,31.470053685459163,39.59743778973796,10.850511003074535,3.649
1126,2024-01-04 03:08:00,76.48855347134202,City,0.2872248638233188,3,Sport,3,High,35.46783444196996,Warm,49.917620742186614,0.6769098730941298,7.036166511138458,0.096
1557,2024-01-04 03:09:00,66.80511078634247,City,-2.856231689254381,2,Comfort,2,Moderate,35.08903867014738,Warm,79.14317029971497,16.147511891896688,6.579381641270625,2.454
1556,2024-01-04 03:10:00,88.59546125739692,Highway,1.5853229030538518,3,Sport,1,No Traffic,23.54685488133143,Mild,93.294971845911,25.88090787515414,9.617642238915012,2.691
1000,2024-01-04 03:11:00,40.27310930890816,Local,0.48548338947767,3,Sport,2,Moderate,18.838210040058165,Mild,56.6171241198586,46.45449541000539,10.422547425112995,4.457
1167,2024-01-04 03:12:00,91.8127909959757,Highway,0.7535375008185161,2,Comfort,2,Moderate,4.784733301058878,Mild,71.42589506203453,28.715265247683305,11.097187996465829,2.588
1619,2024-01-04 03:13:00,51.93204980498324,City,-2.689674704672079,2,Comfort,1,No Traffic,0.4622923932641019,Mild,28.24297047800804,14.81570840314298,8.357411971876083,1.773
1018,2024-01-04 03:14:00,58.10213979871162,City,-1.7337700187483076,2,Comfort,2,Moderate,22.286607293201406,Mild,92.35710068418628,17.67431529857136,8.104343325028056,2.181
1331,2024-01-04 03:15:00,77.77225527132858,City,-2.5540147658785193,1,Eco,1,No Traffic,31.988076552530167,Warm,65.48833708559475,17.02403161462334,7.792900705118712,2.185
1583,2024-01-04 03:16:00,2.203006079906875,Local,-1.2665141051771294,1,Eco,3,High,25.988973454414943,Mild,82.42705981001257,9.100432040853162,2.7815843368080424,3.272
1455,2024-01-04 03:17:00,78.4793065704298,City,0.764634046092906,3,Sport,3,High,3.136019065031018,Mild,83.5552960737115,7.327948976368913,8.50595220448175,0.862
1956,2024-01-04 03:18:00,74.23021788865384,City,0.3971159059042515,2,Comfort,1,No Traffic,8.05083881132695,Mild,40.51844210944847,24.083707812521155,8.02196128972962,3.002
1108,2024-01-04 03:19:00,37.181654010393586,Local,0.6728989296803416,3,Sport,3,High,19.588791423528377,Mild,62.33395625454797,13.586025952722544,5.706756868064806,2.381
1267,2024-01-04 03:20:00,10.295314187938738,Local,0.2955076282673659,3,Sport,3,High,23.124663289455803,Mild,96.8383801248782,4.682959123428928,3.1639524176354707,1.48
1444,2024-01-04 03:21:00,10.912253989564938,Local,-1.3618272259448438,1,Eco,3,High,-1.748632437168998,Mild,27.170763585666226,10.902284975410645,7.052912790309375,1.546
1239,2024-01-04 03:22:00,110.78684963822742,Highway,-1.5329550159334486,1,Eco,1,No Traffic,22.63232372101055,Mild,74.64399184236507,26.084231072471766,11.046813641547171,2.361
1928,2024-01-04 03:23:00,82.71351854710045,Highway,-2.1776418987805126,3,Sport,2,Moderate,28.134372768863024,Warm,96.98112624281376,12.918972094709584,8.972067937364468,1.44
1300,2024-01-04 03:24:00,15.252313652488848,Local,2.0944252494209525,2,Comfort,3,High,3.1611031873521647,Mild,44.046168644321774,11.963334902798392,5.314663630425519,2.251
1601,2024-01-04 03:25:00,42.80678031706877,Local,0.6988761512474668,1,Eco,2,Moderate,6.079842177387812,Mild,88.91583371234785,31.070759138388535,7.392318073815298,4.203
1102,2024-01-04 03:26:00,71.09795926819157,City,-1.8809339249756416,1,Eco,2,Moderate,6.650346558042141,Mild,94.69260363266172,34.50187662834025,7.977719069954725,4.325
1987,2024-01-04 03:27:00,100.26860461087784,Highway,-1.9367437210725629,1,Eco,3,High,37.29146136591346,Warm,79.766896751586,12.138169847261556,8.365657114656013,1.451
1249,2024-01-04 03:28:00,5.2393114455610235,Local,2.23821360915682,3,Sport,3,High,13.315725435459523,Mild,38.506264984556665,23.659850229213152,6.620790237632382,3.574
1452,2024-01-04 03:29:00,28.395975776401063,Local,1.4563851825799157,1,Eco,2,Moderate,18.87571553730548,Mild,46.72005750612751,38.25188097573508,8.59068795605265,4.453
1519,2024-01-04 03:30:00,106.7698788354456,Highway,0.9563944794322286,2,Comfort,3,High,27.59414573726609,Mild,22.864743553418457,34.52622250434101,11.465987023649648,3.011
1152,2024-01-04 03:31:00,1.099866022057978,Local,-0.5588153547642012,1,Eco,1,No Traffic,11.71571185241362,Mild,86.51625873962841,3.557607174191194,2.724173943329636,1.306
1858,2024-01-04 03:32:00,24.167892335266487,Local,-1.4281466143288948,3,Sport,1,No Traffic,-0.2500003875040253,Mild,87.9688949208864,18.067533116277893,5.660880347282642,3.192
1173,2024-01-04 03:33:00,115.08290111675592,Highway,2.876704578676943,3,Sport,3,High,24.44448418234243,Mild,70.61682479729541,36.19145702483606,11.59901191435338,3.12
1342,2024-01-04 03:34:00,73.60822158266053,City,1.7834374501368009,3,Sport,2,Moderate,25.02729249581765,Mild,48.202228101108105,9.053930772098337,9.61552976213048,0.942
1669,2024-01-04 03:35:00,31.400563996500775,Local,-1.1893246611823411,3,Sport,3,High,6.724651675054632,Mild,26.144882211193643,9.876766409837158,6.018766992943135,1.641
1430,2024-01-04 03:36:00,8.038931327501713,Local,2.0853887776709676,2,Comfort,1,No Traffic,-3.414699056717519,Mild,80.24460879319275,31.545568218342954,5.543018136816456,5.691
1726,2024-01-04 03:37:00,3.382960853666659,Local,1.553591691688089,3,Sport,2,Moderate,24.94089194104194,Mild,78.12209548879383,14.2591725836455,4.422535352361875,3.224
1688,2024-01-04 03:38:00,29.369409556431272,Local,-1.2175167007320098,1,Eco,3,High,26.65414986017,Mild,93.00820173911208,16.255146318190654,5.806693258487305,2.799
1686,2024-01-04 03:39:00,105.77829835066926,Highway,-0.4406828745501618,2,Comfort,1,No Traffic,-3.8270798342255894,Mild,78.44256168042898,26.1884994000488,10.878541530137344,2.407
1851,2024-01-04 03:40:00,49.90963851570114,Local,-1.88427932765384,3,Sport,2,Moderate,26.1932470805298,Mild,86.29559537952015,37.55397278834397,8.860896047777201,4.238
1849,2024-01-04 03:41:00,86.44000429991917,Highway,-2.333685333731344,3,Sport,1,No Traffic,37.25178560797326,Warm,79.67636943231996,24.96461429229123,9.422802920325063,2.649
1657,2024-01-04 03:42:00,110.19420424559492,Highway,1.3365721970381808,2,Comfort,3,High,3.045337735634716,Mild,70.45497506498532,44.68200135378369,12.66969449765931,3.527
1961,2024-01-04 03:43:00,48.964855392337995,Local,-1.3949288558768005,1,Eco,3,High,18.45956895708756,Mild,54.15731153528074,5.421376854436516,7.417937988520405,0.731
1323,2024-01-04 03:44:00,22.95328452448765,Local,1.920356194477522,2,Comfort,1,No Traffic,26.354940461876556,Mild,92.16938469138222,37.73204648269305,8.321321150270311,4.534
1989,2024-01-04 03:45:00,62.05415170283034,City,2.973652269086557,1,Eco,1,No Traffic,5.35357309523655,Mild,72.07748575259758,27.227545853866463,8.601526689810811,3.165
1672,2024-01-04 03:46:00,108.97004244718254,Highway,-2.5402811164221077,1,Eco,1,No Traffic,28.819700124814624,Warm,51.868425757272725,40.85265702806893,11.090731179105804,3.683
1638,2024-01-04 03:47:00,96.52492969652408,Highway,-0.1617892494977981,3,Sport,1,No Traffic,34.06397933371384,Warm,26.677543614556576,15.88852272271149,11.63110019522433,1.366
1419,2024-01-04 03:48:00,7.899581203578454,Local,1.812375355864818,2,Comfort,1,No Traffic,31.65479323464247,Warm,43.256388472350565,24.156862203045844,5.6619556659049435,4.267
1593,2024-01-04 03:49:00,83.10873600930982,Highway,1.733705379247401,2,Comfort,2,Moderate,6.650451201745813,Mild,63.49813878641318,41.19752621721715,10.346706895689955,3.982
1484,2024-01-04 03:50:00,68.62770269507445,City,1.5599829499858109,3,Sport,3,High,31.189739837578937,Warm,42.05082960129556,41.60589102959279,10.574618604258823,3.935
1658,2024-01-04 03:51:00,108.89558116157106,Highway,-0.906030388188534,3,Sport,2,Moderate,13.600445998107263,Mild,37.69882783343217,18.86192445888258,11.229831611875042,1.68
1750,2024-01-04 03:52:00,14.697770022035668,Local,-0.2768804658896862,1,Eco,1,No Traffic,6.990854117001062,Mild,62.19148112702777,41.127580161815565,6.876694330079928,5.981
1411,2024-01-04 03:53:00,64.08433358455879,City,0.5698101440488212,3,Sport,2,Moderate,2.5587160228717076,Mild,33.58562767165877,34.151681650771856,9.959954998864232,3.429
1935,2024-01-04 03:54:00,105.53552322142708,Highway,2.8436435014395434,2,Comfort,3,High,35.904164912800915,Warm,84.03280506600828,20.530533218775567,9.99401771002343,2.054
1083,2024-01-04 03:55:00,49.20285440900916,Local,-1.0347163743690426,3,Sport,1,No Traffic,14.210389368248247,Mild,58.74945210741264,48.48830399593654,7.888059639862317,6.147
1112,2024-01-04 03:56:00,57.83939012794405,City,2.538863326301146,3,Sport,1,No Traffic,33.9579034097263,Warm,65.90902191701201,1.6416266227156564,6.806842462747738,0.241
1736,2024-01-04 03:57:00,8.455281320034995,Local,-1.3838584909170353,3,Sport,3,High,2.1795245018406835,Mild,31.790661407787884,19.194878149850567,6.376125569609611,3.01
1331,2024-01-04 03:58:00,33.3772368538693,Local,2.934446792842228,3,Sport,2,Moderate,29.514705976890347,Warm,45.96610685034939,15.416937000740672,7.309323791993119,2.109
1377,2024-01-04 03:59:00,38.94079790027368,Local,1.021582120965551,3,Sport,3,High,-0.0493993494549638,Mild,52.80717466089223,46.79444635865643,10.532950525074131,4.443
1754,2024-01-04 04:00:00,113.41469384938644,Highway,-0.2189311178486943,1,Eco,3,High,-4.209577426402577,Mild,84.65702644132024,5.062716481602997,8.929755414261036,0.567
1654,2024-01-04 04:01:00,33.92008326493909,Local,0.6803425683816293,3,Sport,2,Moderate,39.77721884768858,Warm,81.6127618468922,31.438420054105652,7.366925888861709,4.268
1040,2024-01-04 04:02:00,55.30424823235824,City,-1.3648129857587592,3,Sport,2,Moderate,-1.6908200034354066,Mild,37.83819798301451,35.85973846510487,9.749515115023568,3.678
1934,2024-01-04 04:03:00,80.55653082771357,Highway,-1.3549568549312003,2,Comfort,1,No Traffic,15.769320342827555,Mild,69.29432652856062,9.290373619007813,9.043770803761348,1.027
1769,2024-01-04 04:04:00,19.462004688945285,Local,-2.318672736939037,3,Sport,1,No Traffic,34.52734223185589,Warm,39.476508621759805,7.582380954258693,5.315735889248581,1.426
1958,2024-01-04 04:05:00,58.37308645702494,City,-2.315698213767607,2,Comfort,1,No Traffic,31.87207966295906,Warm,99.05977245521964,2.486783526837092,6.570874446483721,0.378
1796,2024-01-04 04:06:00,88.62468473710891,Highway,-0.9139695511865318,2,Comfort,3,High,16.202907083002366,Mild,96.16991025046966,8.027872503841605,9.65643069107042,0.831
1104,2024-01-04 04:07:00,104.02262556324791,Highway,1.5771328673782303,2,Comfort,2,Moderate,22.4881828003052,Mild,65.06117764164964,40.42993030947609,12.036597332942955,3.359
1201,2024-01-04 04:08:00,75.1511129594912,City,0.647827005588975,2,Comfort,2,Moderate,23.336776824826867,Mild,75.91220575153145,47.2034127060632,10.64620140124124,4.434
1449,2024-01-04 04:09:00,80.28642183803375,Highway,-2.3844926380138753,1,Eco,1,No Traffic,-0.0578757645204941,Mild,84.1144305766916,45.08096983092295,11.047468831899833,4.081
1818,2024-01-04 04:10:00,15.154016710148277,Local,2.1134191498554653,1,Eco,3,High,7.820684245284086,Mild,77.67987360359231,18.328709308798626,4.687626305316745,3.91
1842,2024-01-04 04:11:00,113.49317966956166,Highway,0.6082057619403987,2,Comfort,3,High,8.544242253149346,Mild,75.98629528659367,36.32118792495309,11.750769524364138,3.091
1972,2024-01-04 04:12:00,15.908889298137884,Local,2.765133460708679,1,Eco,2,Moderate,12.015766774060085,Mild,96.68432063596224,41.369479174625745,6.126684439184943,6.752
1265,2024-01-04 04:13:00,92.9607524618158,Highway,1.0211128044672453,1,Eco,2,Moderate,7.326289081568778,Mild,67.71648850458266,40.643025877778314,11.264869699695971,3.608
1909,2024-01-04 04:14:00,31.77795861339826,Local,-1.948950817774914,3,Sport,2,Moderate,6.317430765759516,Mild,70.90421374552446,3.227978803659952,5.228291403234131,0.617
1209,2024-01-04 04:15:00,112.0311772441502,Highway,-0.1572998261530664,1,Eco,2,Moderate,10.965348072330956,Mild,87.94150003505449,10.820035637523388,8.90293695537494,1.215
1562,2024-01-04 04:16:00,86.39514472433754,Highway,0.8909855852832251,2,Comfort,3,High,12.065192855643186,Mild,73.59126942867255,46.95335204194376,11.446949421190336,4.102
1117,2024-01-04 04:17:00,90.45764555740428,Highway,-2.830411793700134,2,Comfort,1,No Traffic,16.92508255413976,Mild,78.6346097614018,37.02131769027063,10.65031859382729,3.476
1712,2024-01-04 04:18:00,26.287100767185997,Local,-2.9105384150711524,2,Comfort,2,Moderate,2.8090930966730294,Mild,38.7334948957314,41.73418499897837,8.835704866581649,4.723
1376,2024-01-04 04:19:00,53.1647971962193,City,-2.2235819964085923,2,Comfort,2,Moderate,30.47514985835364,Warm,49.70135392920567,25.75474999553849,8.47910161278537,3.037
1550,2024-01-04 04:20:00,74.13758335071437,City,-1.4900133897271757,3,Sport,2,Moderate,33.7300465166788,Warm,31.78410765695144,19.713496818684337,10.473930004244083,1.882
1539,2024-01-04 04:21:00,92.39683418479213,Highway,-0.422705258875947,1,Eco,3,High,6.167419757076178,Mild,60.46123538678444,32.59606028374015,9.713446808723411,3.356
1770,2024-01-04 04:22:00,12.475125109486749,Local,-0.0753571574412697,2,Comfort,1,No Traffic,0.5485327203061781,Mild,56.458192054419705,23.695550517401415,5.631727560525361,4.208
1083,2024-01-04 04:23:00,115.4838379745434,Highway,-2.171834346372619,3,Sport,3,High,27.504039156855036,Mild,99.77302514235654,18.75072942057573,9.216782695442898,2.034
1453,2024-01-04 04:24:00,106.82648046654673,Highway,1.0403494746949846,2,Comfort,1,No Traffic,36.59103052253205,Warm,68.8966922252434,17.458990608023864,9.886813409862931,1.766
1666,2024-01-04 04:25:00,32.44183085947012,Local,0.576828370179209,1,Eco,3,High,-3.4183247372167695,Mild,82.91558585555387,7.979559014728493,5.073544994975002,1.573
1628,2024-01-04 04:26:00,98.73122916387985,Highway,-1.2332154069530388,3,Sport,2,Moderate,-4.350380943455568,Mild,46.72117366061234,26.51771814645845,11.659985827866732,2.274
1513,2024-01-04 04:27:00,62.19887076477881,City,-2.918040699388248,1,Eco,2,Moderate,3.2541457622951455,Mild,86.52362650742373,26.040343879158996,8.86478468092046,2.938
1604,2024-01-04 04:28:00,55.41677778744224,City,-2.5341125078802555,3,Sport,1,No Traffic,25.81566183885715,Mild,69.20679731901467,29.579400532174223,8.847601508100572,3.343
1677,2024-01-04 04:29:00,37.73209269736865,Local,-0.6498313469349632,2,Comfort,3,High,38.41514535239013,Warm,75.75938652787508,5.899560397120707,5.754123568556268,1.025
1386,2024-01-04 04:30:00,69.7162303957911,City,-2.0761538930058965,2,Comfort,1,No Traffic,28.76714298216968,Warm,43.55446223595635,45.75465757403057,10.497313395721552,4.359
1911,2024-01-04 04:31:00,87.58669412443173,Highway,-0.7390823631121748,1,Eco,3,High,20.786467016436767,Mild,63.891071335646174,37.12860054553719,9.609768021397668,3.864
1349,2024-01-04 04:32:00,49.31194859553099,Local,0.7690956270621307,1,Eco,2,Moderate,26.52472267939965,Mild,70.72295787308869,6.6351085956212525,6.001017873225391,1.106
1295,2024-01-04 04:33:00,75.50630316099505,City,0.2834245672757012,3,Sport,1,No Traffic,5.381424008148514,Mild,67.12757406532648,4.059262795014127,8.356305604336145,0.486
1257,2024-01-04 04:34:00,83.91755053863645,Highway,-1.6129447011756346,1,Eco,1,No Traffic,25.984837662930424,Mild,93.21549691396532,32.181741558382896,9.543536067011011,3.372
1080,2024-01-04 04:35:00,85.3346180418343,Highway,-0.9370650524474856,1,Eco,2,Moderate,9.465022906538914,Mild,91.86181315940428,17.140985703579805,8.311356589810723,2.062
1936,2024-01-04 04:36:00,6.23593177574163,Local,0.6841871906919037,2,Comfort,2,Moderate,5.008995977470525,Mild,97.67872463014965,16.020522827008033,5.699095263512762,2.811
1267,2024-01-04 04:37:00,103.16973668220804,Highway,2.165130168260692,2,Comfort,2,Moderate,5.645019933053575,Mild,73.39424048055915,42.01555395040127,11.473039758456489,3.662
1418,2024-01-04 04:38:00,54.99039777180575,City,1.5192806324332633,2,Comfort,2,Moderate,25.050448833526588,Mild,97.75313041005477,17.322645654285942,6.200427472609331,2.794
1234,2024-01-04 04:39:00,31.489929803545735,Local,0.3204001610004896,2,Comfort,2,Moderate,29.525157499013133,Warm,86.59824000255271,31.645882899139984,5.980738554174716,5.291
1832,2024-01-04 04:40:00,29.01174089756179,Local,-0.8262420101010828,2,Comfort,2,Moderate,21.181094975134616,Mild,41.66657122719674,26.9000181249228,6.64981970074945,4.045
1310,2024-01-04 04:41:00,57.96169354127406,City,-0.8096923347491671,2,Comfort,3,High,-2.126513237334853,Mild,54.19485356410377,13.222072391246538,7.812406880423431,1.692
1812,2024-01-04 04:42:00,106.4197847362751,Highway,2.2765038615863764,2,Comfort,3,High,-3.28957998325421,Mild,39.07139537512079,16.648839554535904,10.190163557212497,1.634
1974,2024-01-04 04:43:00,45.40170980191763,Local,-2.764538543756722,3,Sport,1,No Traffic,4.772508253517682,Mild,20.335772866445215,47.165325206244965,9.38036545019314,5.028
1985,2024-01-04 04:44:00,89.9670896140252,Highway,2.927895866521566,2,Comfort,3,High,7.891091609079332,Mild,35.04390025175269,16.635506372676588,10.1231931627456,1.643
1356,2024-01-04 04:45:00,11.618247718466232,Local,0.9862524651093736,2,Comfort,1,No Traffic,13.216895177853306,Mild,20.324846902950053,39.22177120584915,7.4261107262420305,5.282
1212,2024-01-04 04:46:00,57.126804258127414,City,1.0868261944343427,2,Comfort,3,High,-1.578736518376851,Mild,77.5870769080392,43.07764695603206,9.563652790394588,4.504
1573,2024-01-04 04:47:00,119.00233684712828,Highway,-2.7720129761715473,2,Comfort,3,High,27.632144467404636,Mild,54.04274381769597,3.644795989254328,12.096666946345206,0.301
1048,2024-01-04 04:48:00,92.45253633508044,Highway,0.633175649347633,2,Comfort,2,Moderate,27.01741714210712,Mild,45.00597816622866,33.188964460662994,10.83201022135448,3.064
1126,2024-01-04 04:49:00,25.26341861287356,Local,-0.091331639457318,1,Eco,3,High,10.600491714593792,Mild,80.93767128761503,37.48810197865673,6.014691520247553,6.233
1222,2024-01-04 04:50:00,60.17297684374928,City,-2.365326558635598,1,Eco,3,High,20.33511359657847,Mild,86.5989419695716,21.75768204092851,6.96329757566783,3.125
1920,2024-01-04 04:51:00,28.034971637827987,Local,-1.3324679353838456,2,Comfort,3,High,-0.4587825033998118,Mild,98.0239630919904,28.509321310490886,7.8349113946386675,3.639
1278,2024-01-04 04:52:00,49.14731127150111,Local,2.341886737281907,2,Comfort,2,Moderate,13.684838926004762,Mild,71.3610867740193,8.174112186226578,7.604556095456369,1.075
1407,2024-01-04 04:53:00,93.61008284819576,Highway,0.2999304951957176,2,Comfort,2,Moderate,33.59041408660251,Warm,56.92231668320414,15.993013310960766,9.958013995647242,1.606
1504,2024-01-04 04:54:00,92.54697783484843,Highway,-0.5195005489565476,3,Sport,3,High,24.72801084047189,Mild,44.421144128594875,35.41258150052822,11.514564921732267,3.075
1293,2024-01-04 04:55:00,27.372045348286218,Local,-2.563907064955134,2,Comfort,1,No Traffic,-0.322530094675364,Mild,37.785456737138105,30.16830454005712,6.674693317035283,4.52
1795,2024-01-04 04:56:00,110.66679817858322,Highway,1.284729164413834,3,Sport,3,High,33.14101140478096,Warm,37.0340760386081,6.905648606926169,9.922731004836722,0.696
1276,2024-01-04 04:57:00,71.10818193177921,City,1.2171049403761955,3,Sport,2,Moderate,25.631330323857224,Mild,52.7351499775839,49.403630034935375,11.56203275702481,4.273
1437,2024-01-04 04:58:00,45.59091491544174,Local,0.6842616418353815,2,Comfort,2,Moderate,15.387533233866565,Mild,99.3429084230344,46.89567725762728,7.828743880098487,5.99
1106,2024-01-04 04:59:00,60.23226969370328,City,0.0615758773238952,1,Eco,1,No Traffic,26.144096755591622,Mild,20.06829579499226,11.283452484307508,7.638401928500619,1.477
1657,2024-01-04 05:00:00,72.60855041252924,City,-0.3972935867557639,2,Comfort,2,Moderate,2.776911494364369,Mild,35.776471778480065,43.768516108130555,12.605732020227665,3.472
1419,2024-01-04 05:01:00,67.18686382149426,City,0.5596265579279538,2,Comfort,2,Moderate,19.771891162264687,Mild,35.07143859228591,13.431748206576964,8.499651962832052,1.58
1610,2024-01-04 05:02:00,58.368604264341386,City,-1.5996272896295598,1,Eco,3,High,22.806715160448743,Mild,77.36955884258339,28.230582605723065,8.644727124809124,3.266
1428,2024-01-04 05:03:00,60.59193649072802,City,2.6475543850658863,1,Eco,1,No Traffic,36.74851703244013,Warm,48.198778207844946,39.12434507017672,10.952527028859931,3.572
1374,2024-01-04 05:04:00,21.16942925134634,Local,0.5327671750813776,2,Comfort,2,Moderate,-1.989873013926144,Mild,56.58086436734565,17.269602030864714,4.606085042551921,3.749
1072,2024-01-04 05:05:00,97.52794851656152,Highway,-1.1328453338737408,2,Comfort,2,Moderate,11.865222141738196,Mild,31.8899304375924,27.80185493356524,11.247589772901424,2.472
1948,2024-01-04 05:06:00,65.01123839292184,City,-0.3019208946890561,3,Sport,3,High,37.15666194689201,Warm,52.39976311015582,22.572645046065357,8.098816932529033,2.787
1997,2024-01-04 05:07:00,15.729583404564371,Local,1.8341087332613544,1,Eco,3,High,4.774947480786697,Mild,28.25598495246688,38.03391096641579,9.162126170990565,4.151
1633,2024-01-04 05:08:00,91.93885218993336,Highway,-2.0303036356182154,3,Sport,3,High,31.594014774519856,Warm,62.643463031086654,23.985917698410105,9.025899021734206,2.657
1029,2024-01-04 05:09:00,111.8932774052821,Highway,-1.2429862652384376,3,Sport,3,High,-4.92775092682269,Mild,27.835069230628477,28.388868772644177,10.793233280559788,2.63
1187,2024-01-04 05:10:00,113.67682790843546,Highway,1.0770481364193325,3,Sport,1,No Traffic,-3.835216856863149,Mild,83.24067049385249,42.29332912702071,11.206056373274562,3.774
1363,2024-01-04 05:11:00,44.28212788934073,Local,-1.1070647611066566,3,Sport,3,High,9.743029836390274,Mild,65.32813740323917,34.962412328040934,7.48539657088666,4.671
1865,2024-01-04 05:12:00,16.262024827290485,Local,1.7550100911687956,1,Eco,1,No Traffic,29.582666987362263,Warm,77.91742990188135,26.42241344222553,4.7420744631486915,5.572
1799,2024-01-04 05:13:00,62.20795519596782,City,-2.217279076935835,1,Eco,2,Moderate,-0.313543884420091,Mild,53.48131093221471,23.11845063662765,9.851351216065256,2.347
1450,2024-01-04 05:14:00,13.513107521906482,Local,1.5761170227276509,1,Eco,2,Moderate,12.228413963265307,Mild,50.519303459378186,6.425606034888236,5.844116067409288,1.1
1194,2024-01-04 05:15:00,112.07849022151407,Highway,-2.5898897108966024,2,Comfort,3,High,0.916067592827293,Mild,27.856711123909086,2.912687503467991,9.52082250032062,0.306
1155,2024-01-04 05:16:00,22.02955528261752,Local,-2.924444323995031,3,Sport,3,High,5.061710624863368,Mild,61.90844856342581,47.64349378552406,8.421306099882878,5.657
1171,2024-01-04 05:17:00,30.331903194139688,Local,2.389341112992973,2,Comfort,3,High,17.6347386457869,Mild,61.16017318856736,9.407675471072244,5.226482398011688,1.8
1846,2024-01-04 05:18:00,48.796383226196454,Local,0.4880353015937917,1,Eco,2,Moderate,9.36124338816453,Mild,57.44816355596843,13.915898203113167,6.906144110734525,2.015
1040,2024-01-04 05:19:00,45.979736227095096,Local,-0.8890386174791312,1,Eco,2,Moderate,4.536069069103718,Mild,79.24146917459595,30.586331983662895,8.222065966599542,3.72
1062,2024-01-04 05:20:00,95.35954708774668,Highway,-1.6044321782168975,2,Comfort,2,Moderate,12.707364148911733,Mild,86.60035200258835,41.41349333904552,10.554099958274811,3.924
1022,2024-01-04 05:21:00,54.75801846611548,City,0.7013146995648967,3,Sport,1,No Traffic,26.547473392313396,Mild,80.06317399588065,41.673784178844926,7.747846926909516,5.379
1359,2024-01-04 05:22:00,20.492191200400427,Local,0.0540131012204292,1,Eco,2,Moderate,0.3738147970444778,Mild,31.50925942454751,41.4994061384552,7.298426434466374,5.686
1074,2024-01-04 05:23:00,32.06518745832889,Local,2.949586653179911,3,Sport,3,High,16.581750041234102,Mild,69.76476074256865,48.9065915791194,9.414566281179717,5.195
1559,2024-01-04 05:24:00,61.09360622250264,City,2.8992959199224746,3,Sport,1,No Traffic,7.362386887627281,Mild,26.425848455162672,2.879582032641561,9.476969196838374,0.304
1671,2024-01-04 05:25:00,17.69447009113619,Local,0.8101473968496578,1,Eco,1,No Traffic,12.037939309298046,Mild,75.56978299523811,20.05242509197631,3.819522675142214,5.25
1824,2024-01-04 05:26:00,73.39868107752169,City,-0.3427769633646571,2,Comfort,1,No Traffic,31.969983050868684,Warm,50.54712772489013,45.68802852053223,11.689643670307508,3.908
1117,2024-01-04 05:27:00,67.88967678613751,City,-0.0531541851920271,3,Sport,2,Moderate,36.83784908669928,Warm,30.59991650130293,23.420157098254496,9.31261755569491,2.515
1611,2024-01-04 05:28:00,85.76427796587092,Highway,1.0948743974211714,2,Comfort,2,Moderate,5.934005730443188,Mild,88.96406855809022,43.57770150882117,10.834795327716346,4.022
1379,2024-01-04 05:29:00,112.52455384552412,Highway,-2.390552734587712,3,Sport,2,Moderate,23.348693057327058,Mild,69.120667123115,0.9810568884527662,8.873455255014589,0.111
1928,2024-01-04 05:30:00,109.47054733213868,Highway,-1.029887557135691,3,Sport,2,Moderate,25.450477594022765,Mild,48.3779974358022,25.26795415158568,11.774658931591304,2.146
1919,2024-01-04 05:31:00,113.52907416825975,Highway,-2.5483665539783766,1,Eco,3,High,32.91186995420947,Warm,22.458174372039963,46.13036557428753,12.668880173608295,3.641
1678,2024-01-04 05:32:00,29.365871642844112,Local,-2.559835442898483,2,Comfort,1,No Traffic,35.45691108255385,Warm,62.98482072028884,13.138016000184738,6.800812953846999,1.932
1289,2024-01-04 05:33:00,15.787836796722557,Local,-1.8249645486345976,3,Sport,1,No Traffic,16.05963088903117,Mild,93.8580702788986,46.489949661094194,6.982981866396819,6.658
1439,2024-01-04 05:34:00,36.27320405957382,Local,-0.0884804724406387,2,Comfort,1,No Traffic,39.21590403618251,Warm,67.71038661618925,0.5230166317366115,5.4808384348709875,0.095
1667,2024-01-04 05:35:00,107.41022073195776,Highway,1.708645926976736,3,Sport,1,No Traffic,38.687303811867835,Warm,97.73204836955944,4.0384841389736605,9.48086328284646,0.426
1932,2024-01-04 05:36:00,116.6464169548186,Highway,-0.0870246530047644,2,Comfort,1,No Traffic,17.7910586877311,Mild,30.91608946163668,23.89354866355252,10.69954235182055,2.233
1006,2024-01-04 05:37:00,103.11899412845712,Highway,-0.9871403366347816,2,Comfort,3,High,19.39144542910979,Mild,65.46440836758694,5.408342461473545,9.829765648018006,0.55
1195,2024-01-04 05:38:00,13.202126535305233,Local,-2.505882057979451,1,Eco,3,High,25.048742779790448,Mild,83.85000384051436,11.357306045904489,4.859110030188401,2.337
1420,2024-01-04 05:39:00,113.6913597671752,Highway,0.3017731390987777,3,Sport,1,No Traffic,11.821726489890713,Mild,62.0432584900573,14.946498566788264,10.869729338259065,1.375
1567,2024-01-04 05:40:00,50.80296328209432,City,-1.3723884811009397,3,Sport,1,No Traffic,24.791976125963995,Mild,27.28530847899781,24.12665086722368,9.345936279247148,2.582
1832,2024-01-04 05:41:00,1.1172348914824417,Local,0.6896050675028844,3,Sport,2,Moderate,18.14284271446189,Mild,66.63088012377742,19.586630402601095,4.4245852986890775,4.427
1192,2024-01-04 05:42:00,53.08724888978323,City,2.86312643479451,3,Sport,1,No Traffic,-3.405345540024236,Mild,68.93903246739774,46.115167168614825,9.485004775759888,4.862
1558,2024-01-04 05:43:00,5.528300361056111,Local,-2.332114071134699,1,Eco,3,High,33.37280215045379,Warm,78.2967398780282,44.31213160819147,5.745539938843699,7.712
1147,2024-01-04 05:44:00,65.26535053933411,City,-1.7272476076683605,1,Eco,2,Moderate,37.320061052065384,Warm,80.89692121323792,37.428737466559255,8.622740811563588,4.341
1786,2024-01-04 05:45:00,40.62648329244616,Local,-0.1614327714037515,3,Sport,3,High,-3.8196914653851866,Mild,81.66181505684858,32.999484720846475,7.0787355291955185,4.662
1668,2024-01-04 05:46:00,56.81219203128585,City,2.811682892075577,2,Comfort,2,Moderate,30.51678184632783,Warm,73.07555149111728,10.296618905477173,8.096091183133922,1.272
1201,2024-01-04 05:47:00,73.58044328917404,City,1.6308586576199735,1,Eco,2,Moderate,12.36159674234623,Mild,37.264894913492654,30.13113029314287,9.824735950748568,3.067
1443,2024-01-04 05:48:00,104.25613149813844,Highway,2.3893751589769803,2,Comfort,1,No Traffic,21.35343100130159,Mild,52.33886046715835,7.438432100328369,9.46723800629105,0.786
1913,2024-01-04 05:49:00,79.42818917663143,City,-0.9977109091452424,2,Comfort,3,High,17.49977261323221,Mild,82.0903978091519,22.690683972773957,9.020522205782086,2.515
1987,2024-01-04 05:50:00,52.08586421738168,City,2.9522308426715673,2,Comfort,3,High,19.80897928748712,Mild,96.27415867206506,23.1300352134818,8.304463049977462,2.785
1418,2024-01-04 05:51:00,98.3313424404438,Highway,-2.3830031036150556,3,Sport,1,No Traffic,17.2833837141138,Mild,26.31575718692976,34.516526832949346,12.1990930276375,2.829
1426,2024-01-04 05:52:00,108.66985650877588,Highway,-2.682162563723395,1,Eco,2,Moderate,33.4018917169544,Warm,62.842934223775586,41.772823584520395,13.549885801193229,3.083
1478,2024-01-04 05:53:00,14.371195971863669,Local,2.133615762324169,3,Sport,2,Moderate,25.75780081128901,Mild,45.00178170594451,16.09306324291645,5.3626535353157605,3.001
1474,2024-01-04 05:54:00,63.83195730633497,City,2.5635892212419176,2,Comfort,3,High,13.56867649956224,Mild,38.03151154534638,2.1549456803217137,9.087166230061252,0.237
1125,2024-01-04 05:55:00,34.1414351690933,Local,-2.4564878547233895,3,Sport,1,No Traffic,25.985586151774704,Mild,60.4648546815772,2.443821545380265,4.887522053489116,0.5
1394,2024-01-04 05:56:00,5.647343745233688,Local,-2.319435439524951,2,Comfort,1,No Traffic,38.427151858774664,Warm,68.48714724452293,43.753731985533335,6.723559261115799,6.508
1816,2024-01-04 05:57:00,80.22560341367824,Highway,-2.800955053465357,3,Sport,3,High,-1.38612820759553,Mild,20.7817785135585,24.367660428070575,10.527966096828838,2.315
1880,2024-01-04 05:58:00,103.53249329510707,Highway,-2.372954624143655,3,Sport,2,Moderate,12.464048720112572,Mild,82.41652577609528,12.475827896146118,8.191331167468977,1.523
1805,2024-01-04 05:59:00,19.548318537287287,Local,-1.7434810991983147,1,Eco,2,Moderate,34.17043145457081,Warm,85.59057050075582,1.7111076972251669,4.3006814957189,0.398
1575,2024-01-04 06:00:00,97.48963891486808,Highway,2.8204597134600053,1,Eco,1,No Traffic,28.2574799865163,Warm,97.24086596543464,26.485340468478885,10.856753010960208,2.44
1324,2024-01-04 06:01:00,102.407488024433,Highway,1.0071613334380825,2,Comfort,2,Moderate,37.071800025175826,Warm,34.4514986579756,6.941029514690184,8.563064795642514,0.811
1391,2024-01-04 06:02:00,109.72085311997802,Highway,1.6713181531112529,2,Comfort,2,Moderate,-3.2085550569542347,Mild,67.56420498887584,20.90970055328331,11.415929164759277,1.832
1929,2024-01-04 06:03:00,31.83421069032629,Local,1.6568364221491327,2,Comfort,2,Moderate,33.82490241457542,Warm,54.13002987811156,25.852277979301913,6.047684502385875,4.275
1687,2024-01-04 06:04:00,108.47436782278672,Highway,0.2104424986752877,3,Sport,3,High,30.630944647969237,Warm,46.78622812442805,11.537096257248209,8.566130829086468,1.347
1627,2024-01-04 06:05:00,38.47953056837187,Local,1.7849338662781031,2,Comfort,1,No Traffic,31.67675572370677,Warm,65.25067611500037,10.02195662798785,5.708605755958162,1.756
1439,2024-01-04 06:06:00,66.28056161466034,City,0.5748451943398178,1,Eco,3,High,21.876822765046786,Mild,82.59064745788402,1.0884227275736835,7.5835949216983325,0.144
1203,2024-01-04 06:07:00,6.060896499873856,Local,-1.1127234143798543,2,Comfort,3,High,-2.6637334195727416,Mild,21.84422267561681,29.31748717671652,7.958937160802211,3.684
1485,2024-01-04 06:08:00,5.265730604249232,Local,0.3666606526104043,2,Comfort,2,Moderate,19.26084680278764,Mild,97.55200900529492,10.102016431715834,3.987048157905128,2.534
1832,2024-01-04 06:09:00,86.44478552786435,Highway,0.2010515168070807,3,Sport,1,No Traffic,13.348801164544014,Mild,84.79052685645686,43.923599446809654,11.966519866766918,3.671
1030,2024-01-04 06:10:00,53.33759735733493,City,1.9407183225559237,1,Eco,2,Moderate,18.716878869333023,Mild,80.09229629164628,30.22844983381478,7.370393369446617,4.101
1387,2024-01-04 06:11:00,30.755085044306107,Local,2.890363304289954,2,Comfort,1,No Traffic,28.31331881296039,Warm,80.83099057444028,27.865075054377833,6.905078073113184,4.035
1624,2024-01-04 06:12:00,22.849619522989222,Local,-0.533744607474417,1,Eco,2,Moderate,21.81822855302924,Mild,51.124856769492204,25.28376476394598,6.556341404798724,3.856
1876,2024-01-04 06:13:00,80.39441890310617,Highway,1.5803440706481575,2,Comfort,1,No Traffic,8.16533004366806,Mild,80.1296440675851,10.843972911706064,8.049155687477878,1.347
1433,2024-01-04 06:14:00,0.0481852830407847,Local,-2.401421975771199,1,Eco,1,No Traffic,21.97783043816897,Mild,50.94161668823661,48.47358116942185,6.564495648519679,7.384
1836,2024-01-04 06:15:00,96.7069403036225,Highway,1.6609882166897316,2,Comfort,2,Moderate,-1.258770061353904,Mild,91.89654636598344,48.355527010773336,9.886918553706954,4.891
1925,2024-01-04 06:16:00,9.509952735591458,Local,-0.771498528040607,2,Comfort,2,Moderate,-4.758530395220607,Mild,34.17779066451757,16.131493986533556,5.986095115480641,2.695
1375,2024-01-04 06:17:00,22.978753788974338,Local,-2.76365902266188,3,Sport,3,High,13.068761228164664,Mild,43.38779393721211,38.833189578746435,7.671015284459661,5.062
1343,2024-01-04 06:18:00,46.34836743589075,Local,-0.8205229286269367,3,Sport,3,High,29.0733862490831,Warm,64.10700341592609,6.050378678973628,6.69440725925549,0.904
1442,2024-01-04 06:19:00,58.18304876593243,City,0.6638565055298686,1,Eco,1,No Traffic,32.018540394497734,Warm,45.5368828709818,39.04838939702914,9.47386453506866,4.122
1578,2024-01-04 06:20:00,42.59941389767302,Local,-2.2844989939112006,1,Eco,2,Moderate,19.74276909883729,Mild,53.93897962362187,14.387963455267126,7.122763141149902,2.02
1074,2024-01-04 06:21:00,38.485459798115265,Local,2.5442069545815276,1,Eco,2,Moderate,34.060309882379734,Warm,59.39381515188757,14.52781035076615,6.558070385576328,2.215
1556,2024-01-04 06:22:00,115.66992144878262,Highway,-2.5339655203629685,1,Eco,3,High,0.6661682753249929,Mild,88.50826790508069,25.410942141435186,10.466861955929785,2.428
1771,2024-01-04 06:23:00,76.98956174920731,City,2.5800403189989973,3,Sport,2,Moderate,38.38476348857833,Warm,61.85538028869543,19.677215187270452,9.325986727859496,2.11
1665,2024-01-04 06:24:00,2.811954644086585,Local,1.2428251076141184,1,Eco,1,No Traffic,36.47921514285185,Warm,48.996787889164835,5.979774034392145,3.6137037328767874,1.655
1154,2024-01-04 06:25:00,51.621109013317586,City,-1.0217269475147783,2,Comfort,1,No Traffic,21.965676272399925,Mild,39.818893122809264,29.694549432204724,8.038532071401086,3.694
1429,2024-01-04 06:26:00,105.00104396927642,Highway,-0.6554979137454406,2,Comfort,1,No Traffic,-2.357504418456365,Mild,52.694078303375775,10.770796108175327,9.51657882128783,1.132
1362,2024-01-04 06:27:00,36.17474236928015,Local,1.4448561883964652,2,Comfort,3,High,15.4391288263963,Mild,61.258888353149594,22.279541087112342,7.704164746385087,2.892
1447,2024-01-04 06:28:00,11.346761372926588,Local,0.608826605287244,3,Sport,1,No Traffic,3.0672832505118865,Mild,79.68918857625891,11.6274334225593,4.31626739984641,2.694
1986,2024-01-04 06:29:00,91.00617259079011,Highway,1.0298575287296714,1,Eco,3,High,23.279137078480385,Mild,29.683902093787093,42.893503557165104,11.164059035835097,3.842
1233,2024-01-04 06:30:00,72.72165983232975,City,-0.6650123009191198,2,Comfort,3,High,3.5484337610625385,Mild,37.72873505913207,16.967281695876206,8.668823732798018,1.957
1562,2024-01-04 06:31:00,68.43750093918047,City,-0.0731191091544061,2,Comfort,1,No Traffic,16.680894719085934,Mild,50.37232126949385,44.385792175781624,10.28623249617153,4.315
1817,2024-01-04 06:32:00,6.429187152888951,Local,2.93920490422736,3,Sport,3,High,4.253211708708552,Mild,48.83187240956117,16.3722524536093,5.36830054263272,3.05
1261,2024-01-04 06:33:00,16.85988117546208,Local,-1.7164627770016938,3,Sport,3,High,3.1830308648058434,Mild,51.33984700841694,9.056903895460202,6.229092711736684,1.454
1826,2024-01-04 06:34:00,74.70592754557366,City,-0.4928628808672117,3,Sport,1,No Traffic,6.156560917391898,Mild,83.48170117122596,28.87406866985659,8.745079041852827,3.302
1124,2024-01-04 06:35:00,24.938860975060297,Local,-1.2490608745561962,2,Comfort,1,No Traffic,-3.6861595017803137,Mild,45.93235223697385,27.80137503516176,6.274249561288374,4.431
1910,2024-01-04 06:36:00,60.48840956981092,City,1.5906690626390994,3,Sport,3,High,27.225171732093955,Mild,60.15185443221317,30.983786499936556,9.628501910369646,3.218
1244,2024-01-04 06:37:00,65.38580232352722,City,1.5840757539943242,2,Comfort,3,High,8.802686935753137,Mild,69.91256262863172,15.176765968959824,6.926168996973786,2.191
1541,2024-01-04 06:38:00,34.02086283251273,Local,-1.2453272340156247,1,Eco,2,Moderate,26.414862427227114,Mild,38.57428401468841,16.066448901582238,7.167690754038899,2.242
1937,2024-01-04 06:39:00,113.81101866497914,Highway,-2.5116581002021023,2,Comfort,1,No Traffic,24.406519829545612,Mild,77.49563097180311,11.947761168026556,9.799910978673283,1.219
1484,2024-01-04 06:40:00,101.09569282026902,Highway,-2.931403939966776,1,Eco,2,Moderate,-2.024930361956603,Mild,63.76890557906248,46.42720841422731,10.85618836242154,4.277
1121,2024-01-04 06:41:00,86.68482091593582,Highway,-0.4352968005450872,2,Comfort,3,High,9.041564115550033,Mild,55.74249304251025,34.17949100503753,10.285779641423527,3.323
1124,2024-01-04 06:42:00,9.35926396912909,Local,-0.5379744339853749,1,Eco,2,Moderate,20.508723998865747,Mild,84.7827221390651,37.83716186483124,8.258484905464945,4.582
1548,2024-01-04 06:43:00,12.735602317082332,Local,2.930339271839178,2,Comfort,3,High,36.32805372953237,Warm,39.47962073481456,9.78874069136726,6.081879770305646,1.609
1169,2024-01-04 06:44:00,59.13376150379469,City,-0.1811875458139225,2,Comfort,2,Moderate,13.059386970182604,Mild,90.65407764914583,33.11275671423807,8.382881318151433,3.95
1123,2024-01-04 06:45:00,19.28560190291828,Local,-1.4614897825474762,2,Comfort,3,High,17.71561953469364,Mild,64.8838988293363,38.1569494313897,7.481237732401247,5.1
1868,2024-01-04 06:46:00,117.39185562353688,Highway,2.3473766461888044,2,Comfort,3,High,28.757146157515777,Warm,68.73399035037266,17.188559743104193,10.133615855260608,1.696
1034,2024-01-04 06:47:00,19.022428083289135,Local,-0.0535923020785293,3,Sport,3,High,31.148296321691333,Warm,90.00471713351543,7.96886108992248,4.868851947426794,1.637
1086,2024-01-04 06:48:00,58.49614025567688,City,0.5950538112634671,2,Comfort,1,No Traffic,36.550322665904254,Warm,85.40661502794688,34.880512050608694,9.68481418369334,3.602
1645,2024-01-04 06:49:00,43.69452682098065,Local,-2.4259877374307237,2,Comfort,3,High,17.373524680505774,Mild,68.12496550575203,30.59606524247015,8.045598516861096,3.803
1707,2024-01-04 06:50:00,76.72637057449175,City,-0.7025015560213559,3,Sport,1,No Traffic,3.7227068275839432,Mild,80.25501630785394,28.823350582295628,9.6108827666095,2.999
1785,2024-01-04 06:51:00,15.48436906673099,Local,2.6653420468427207,3,Sport,3,High,29.398955341047717,Warm,54.66555921863175,9.210075630687529,4.748964990776588,1.939
1200,2024-01-04 06:52:00,51.637971365086905,City,0.5370323050525525,3,Sport,2,Moderate,0.650886907241647,Mild,63.7902202799797,13.19835531285357,8.150186867462015,1.619
1368,2024-01-04 06:53:00,32.96460393685724,Local,-0.93298886914523,3,Sport,3,High,13.82540404776747,Mild,24.96561093668089,31.281738006562392,8.762521738909893,3.57
1796,2024-01-04 06:54:00,106.53018296060256,Highway,0.7540030837895584,3,Sport,3,High,23.26958724334077,Mild,27.18863344000375,30.71795258184225,11.096039642765628,2.768
1076,2024-01-04 06:55:00,4.87028545616341,Local,2.4624665374686963,3,Sport,2,Moderate,26.133528389668328,Mild,86.35403233490656,27.780669390740705,6.761259339542007,4.109
1058,2024-01-04 06:56:00,109.64729928077512,Highway,-1.3560563971644597,3,Sport,3,High,27.98624727471671,Mild,24.77373245459973,38.4301543627636,14.399468178387028,2.669
1430,2024-01-04 06:57:00,99.95929662636004,Highway,0.0307003108240464,3,Sport,3,High,3.708957619318845,Mild,33.55193005060858,40.751394175348814,12.356949626551618,3.298
1637,2024-01-04 06:58:00,35.708485972897854,Local,2.7521439234705323,3,Sport,3,High,39.17421406174228,Warm,83.66661271603533,13.898055355292632,6.727609251716437,2.066
1499,2024-01-04 06:59:00,94.71487856125256,Highway,-1.965623140209284,3,Sport,2,Moderate,3.028835947853199,Mild,20.091676050260503,7.964617458129696,9.846195040234903,0.809
1912,2024-01-04 07:00:00,3.745627240649707,Local,1.3179835535802695,3,Sport,3,High,-0.6766967634702556,Mild,42.592346307669146,10.13827242667541,4.6365180534539245,2.187
1108,2024-01-04 07:01:00,116.02386603520723,Highway,0.6868860492178941,1,Eco,1,No Traffic,24.88226808679893,Mild,66.72309262612974,14.137308916993092,10.50560948055126,1.346
1735,2024-01-04 07:02:00,63.19139311077472,City,1.078050786843809,2,Comfort,1,No Traffic,35.94999999354637,Warm,67.63599451754374,47.39265377319752,9.127397363394255,5.192
1277,2024-01-04 07:03:00,36.393723127853434,Local,-0.892682215994582,2,Comfort,1,No Traffic,20.17226724247132,Mild,82.17223265835788,6.94438954206847,5.364670826994193,1.294
1067,2024-01-04 07:04:00,43.50998551136125,Local,-1.1167237590974104,3,Sport,1,No Traffic,21.79670955316327,Mild,60.47410035937364,43.95019840715478,6.858453267333551,6.408
1068,2024-01-04 07:05:00,7.9686424152596835,Local,1.1052580235302225,3,Sport,2,Moderate,19.231813657044356,Mild,60.752149562477626,10.24853521428778,4.233155261615629,2.421
1164,2024-01-04 07:06:00,118.7219416850447,Highway,-1.706740289372728,1,Eco,3,High,-3.0763312658199853,Mild,78.02484604325603,17.487441081162803,9.426395350424173,1.855
1488,2024-01-04 07:07:00,4.715033418083094,Local,-0.4820715308459693,3,Sport,1,No Traffic,25.6590207622013,Mild,59.88995706130268,6.381045903475934,4.379953825220415,1.457
1304,2024-01-04 07:08:00,78.58885477774308,City,-1.870952123682492,1,Eco,3,High,11.118960424456295,Mild,68.67928692508934,5.257681513690452,8.451478552097191,0.622
1908,2024-01-04 07:09:00,53.128311324775,City,-2.9501709532600215,2,Comfort,3,High,37.10532078910537,Warm,91.82192546040407,4.847637851831331,7.391792573020327,0.656
1673,2024-01-04 07:10:00,113.8699461826458,Highway,2.8203441602284167,2,Comfort,2,Moderate,3.4055521396876234,Mild,52.116080608989755,17.203669442623134,10.913117880880932,1.576
1364,2024-01-04 07:11:00,29.51996883681542,Local,-0.4097821280614857,3,Sport,3,High,8.595210177232628,Mild,50.81000567353777,26.232235240811967,7.434061205168889,3.529
1853,2024-01-04 07:12:00,63.85041887256136,City,2.816097686518951,1,Eco,1,No Traffic,17.71846369969212,Mild,20.283919349181705,10.120296246616764,8.659685394728244,1.169
1820,2024-01-04 07:13:00,57.882745029930355,City,-2.1580588813930435,1,Eco,1,No Traffic,16.48097696285541,Mild,69.07410092169854,46.64044414917024,9.478375751278474,4.921
1378,2024-01-04 07:14:00,84.34397328601216,Highway,0.5242006767449165,2,Comfort,2,Moderate,13.013713375575442,Mild,22.381752592570557,29.36229713036169,10.62228921166638,2.764
1342,2024-01-04 07:15:00,8.161227834290461,Local,-1.7941558032525624,2,Comfort,1,No Traffic,9.14813219592797,Mild,60.331879178265304,44.26473127202538,6.223155814434195,7.113
1946,2024-01-04 07:16:00,23.25469560280258,Local,1.7404447617796484,1,Eco,1,No Traffic,1.623313146963258,Mild,84.33870312257812,7.526057304012776,4.991933422014212,1.508
1898,2024-01-04 07:17:00,25.74777841114198,Local,1.7022179325658513,1,Eco,2,Moderate,31.941484279312256,Warm,63.99368564157305,7.260374954833588,3.8823465617404103,1.87
1553,2024-01-04 07:18:00,88.57809058100275,Highway,-2.324357105764129,2,Comfort,2,Moderate,15.194640427248302,Mild,41.57089321733408,42.35295983393172,10.210952066849709,4.148
1353,2024-01-04 07:19:00,22.69664355920881,Local,2.4723867172583347,1,Eco,1,No Traffic,20.78304515945763,Mild,82.89347371594971,28.442269592977823,6.065829981141591,4.689
1415,2024-01-04 07:20:00,68.8190116669172,City,-1.8322221167806525,2,Comfort,2,Moderate,19.59487886360956,Mild,41.577360326603106,46.935481084027295,12.496304578104857,3.756
1108,2024-01-04 07:21:00,25.829258460114445,Local,0.6778640495361623,1,Eco,2,Moderate,20.897002599169177,Mild,78.64254247567189,7.430152932152878,4.128589565148256,1.8
1562,2024-01-04 07:22:00,103.3949940100774,Highway,2.9138017205262248,3,Sport,1,No Traffic,26.717816733010757,Mild,68.8206764152185,1.3982971830810664,8.232315289074174,0.17
1761,2024-01-04 07:23:00,113.06225453875662,Highway,2.2943792085981833,2,Comfort,1,No Traffic,23.32214477681068,Mild,33.599703739840095,45.83637139936737,13.39661183950716,3.421
1496,2024-01-04 07:24:00,62.21915699306885,City,2.7393835713670143,1,Eco,2,Moderate,7.325631282935404,Mild,92.41070998753486,34.971971551869515,8.418410320435308,4.154
1340,2024-01-04 07:25:00,42.27706610510139,Local,-0.9444073726912832,2,Comfort,3,High,19.91694667146747,Mild,36.051494636575654,40.37768561266362,9.819204520755072,4.112
1941,2024-01-04 07:26:00,28.086933002099897,Local,-2.36654614668322,1,Eco,3,High,6.003080749342578,Mild,99.1669659312536,14.87109927859759,5.470308077124304,2.719
1382,2024-01-04 07:27:00,5.973720182765252,Local,-1.8699187602632992,3,Sport,1,No Traffic,21.49764069586608,Mild,20.584839092395264,0.253014332207335,4.690751659624822,0.054
1532,2024-01-04 07:28:00,32.22000914369944,Local,0.0029693704596827,3,Sport,1,No Traffic,14.43705790910941,Mild,41.07867017143224,24.19570449249823,7.061572039557701,3.426
1299,2024-01-04 07:29:00,78.50829359343815,City,1.7593780696399328,3,Sport,3,High,-3.226172976653414,Mild,35.988823781935906,49.50146984765605,12.376433108886753,4.0
1138,2024-01-04 07:30:00,64.0340317571053,City,-2.0990781348967484,2,Comfort,2,Moderate,28.029355931573527,Warm,21.11947281363701,45.38611711168587,11.500871897394356,3.946
1358,2024-01-04 07:31:00,113.28495339371128,Highway,0.9583891935645426,3,Sport,3,High,7.359988798164773,Mild,78.58943201178525,3.6939369737002288,9.254891337495636,0.399
1835,2024-01-04 07:32:00,47.55327149900407,Local,-1.0585343757629289,2,Comfort,3,High,36.40874598102176,Warm,75.4740641679677,9.470404632679072,7.338372336724935,1.291
1498,2024-01-04 07:33:00,83.26360107940734,Highway,-0.9527875656470792,3,Sport,1,No Traffic,7.625075874782647,Mild,83.38807714839444,15.630272066228704,6.54078395488506,2.39
1384,2024-01-04 07:34:00,58.71872969701457,City,0.9715063809475576,2,Comfort,2,Moderate,39.84802344108271,Warm,40.53588371716522,41.536982718291554,10.590044000055451,3.922
1603,2024-01-04 07:35:00,61.50914591090539,City,-0.1980034828006784,3,Sport,3,High,15.83280255132053,Mild,55.54681336663759,41.25325014412574,10.705701286644286,3.853
1958,2024-01-04 07:36:00,32.1329177524941,Local,1.872199758155963,1,Eco,2,Moderate,-3.811670618492612,Mild,72.72908172972379,9.33172469140935,5.832858168713933,1.6
1279,2024-01-04 07:37:00,54.59409322103996,City,-2.0644889420230377,1,Eco,1,No Traffic,-1.5678958173569408,Mild,55.18148031105149,26.70069584952255,8.161181848006377,3.272
1636,2024-01-04 07:38:00,56.49419964152487,City,1.739689618602231,2,Comfort,3,High,-1.3060392921243995,Mild,75.78606162543326,25.13956380728628,6.883758322593438,3.652
1482,2024-01-04 07:39:00,84.79710260987207,Highway,-2.614588511655475,3,Sport,1,No Traffic,-2.4703510546942415,Mild,70.71787267523537,20.772596740317525,9.089579902920551,2.285
1908,2024-01-04 07:40:00,112.87679990233366,Highway,-1.83567671852637,3,Sport,3,High,7.050522985176091,Mild,29.17182424177412,26.8424307495084,11.903929925676929,2.255
1110,2024-01-04 07:41:00,39.51855329790051,Local,0.9368982870189924,1,Eco,2,Moderate,9.606497311749274,Mild,82.48344968615744,14.710164314887034,5.891534668368957,2.497
1865,2024-01-04 07:42:00,5.064056229755813,Local,2.129553939066428,3,Sport,1,No Traffic,0.0078638845229797,Mild,77.65410872740146,26.624303715659625,5.177611832017127,5.142
1138,2024-01-04 07:43:00,59.55541506007676,City,-1.4839222335639055,3,Sport,2,Moderate,14.715916816062393,Mild,72.46675100939242,34.31184833547361,10.1939324432958,3.366
1995,2024-01-04 07:44:00,65.33535985790023,City,-1.0368503650265224,2,Comfort,3,High,11.44078697579145,Mild,32.407488501680184,3.2189135389835837,7.505097390734243,0.429
1434,2024-01-04 07:45:00,20.21286613582983,Local,0.2227244897204396,1,Eco,1,No Traffic,23.634579811913433,Mild,41.43971590362909,48.368564403797464,7.999308096725887,6.047
1508,2024-01-04 07:46:00,91.255752753128,Highway,-1.730563161064186,3,Sport,2,Moderate,3.813905177581617,Mild,51.45416252700804,8.348649588442933,10.37007736401829,0.805
1272,2024-01-04 07:47:00,118.191493012979,Highway,1.8669375695250336,3,Sport,2,Moderate,36.12934705978031,Warm,42.39436973251547,18.078903294663565,11.595216682084391,1.559
1098,2024-01-04 07:48:00,113.49296604101532,Highway,1.6418198700345652,2,Comfort,3,High,18.219585046349344,Mild,38.22482325409051,23.58430538936158,11.775149047792931,2.003
1763,2024-01-04 07:49:00,23.652724658838263,Local,-2.1282497282053106,2,Comfort,1,No Traffic,23.067986776726784,Mild,84.42861361294206,2.14512358237829,3.7114154994937616,0.578
1849,2024-01-04 07:50:00,105.04358878809128,Highway,-0.2170216091002075,2,Comfort,2,Moderate,-3.2215847719809494,Mild,71.05857970881618,27.46325559557028,10.27084933551692,2.674
1103,2024-01-04 07:51:00,84.53923636940216,Highway,1.6489665999277283,2,Comfort,1,No Traffic,20.158991449030832,Mild,65.23777052402002,43.51169097158418,10.333578733603357,4.211
1213,2024-01-04 07:52:00,54.46158765682939,City,-0.9760228133795112,3,Sport,1,No Traffic,11.564509203024253,Mild,38.07621686826031,45.060806331077416,9.243006287910074,4.875
1760,2024-01-04 07:53:00,64.87331931896749,City,0.79864093630639,3,Sport,1,No Traffic,36.587742196689774,Warm,93.44612498149132,16.37696221670469,7.610675957255261,2.152
1663,2024-01-04 07:54:00,101.95202099789498,Highway,-2.6987212712545636,3,Sport,1,No Traffic,34.85394919965354,Warm,35.2946431277853,27.98395077293212,11.446410588553148,2.445
1761,2024-01-04 07:55:00,57.61619275660478,City,0.6521325631759076,2,Comfort,3,High,23.69419150097726,Mild,83.59607462597417,38.8621918373248,9.714997462431866,4.0
1786,2024-01-04 07:56:00,44.784884292615224,Local,-2.084082119996358,3,Sport,2,Moderate,29.553310786258383,Warm,97.33381333642345,12.717001023120403,6.303175503929921,2.018
1164,2024-01-04 07:57:00,59.1896991631183,City,1.983499950686708,1,Eco,1,No Traffic,24.00669207021742,Mild,78.16741833793888,26.470778154610528,7.350112384662786,3.601
1998,2024-01-04 07:58:00,69.4955764842059,City,-0.8673032185171294,1,Eco,2,Moderate,-4.236434977665338,Mild,99.42870201477038,18.399407823275915,9.143268470468197,2.012
1852,2024-01-04 07:59:00,22.68931845340186,Local,-1.3106768236308255,3,Sport,2,Moderate,26.64069451029254,Mild,72.08408935823573,18.97093048808151,5.869598716974686,3.232
1519,2024-01-04 08:00:00,108.10892763203888,Highway,2.0453338602689097,2,Comfort,2,Moderate,2.969084372966262,Mild,37.3968274883116,4.797462880720732,10.7713645677747,0.445
1283,2024-01-04 08:01:00,80.90243385955365,Highway,-2.6991358615691388,1,Eco,3,High,25.715692973659888,Mild,36.30555949732091,20.403792791666273,9.11326785644286,2.239
1516,2024-01-04 08:02:00,75.99227008049867,City,-0.6203472039939313,3,Sport,1,No Traffic,-4.5271947096423135,Mild,45.96514274043811,8.127874914475276,8.040263649967581,1.011
1656,2024-01-04 08:03:00,11.939547141676575,Local,-0.779978756549812,1,Eco,1,No Traffic,8.990806377658377,Mild,20.570401617680485,15.133376615648586,5.280400628645229,2.866
1612,2024-01-04 08:04:00,72.50087258071102,City,-1.291197754502695,1,Eco,2,Moderate,18.261759058338217,Mild,74.53587760662677,16.581027034707276,7.714812576862961,2.149
1163,2024-01-04 08:05:00,14.51527946861908,Local,2.470525992008862,1,Eco,2,Moderate,9.992677016235024,Mild,41.4934227702262,21.58693727992329,5.452050412859067,3.959
1885,2024-01-04 08:06:00,9.443721023447884,Local,1.5055703611003333,1,Eco,3,High,26.22942634135292,Mild,85.21465858342023,45.85399557408107,6.486149976428019,7.07
1658,2024-01-04 08:07:00,63.2773074770872,City,-2.616461014848367,3,Sport,3,High,18.52192924377006,Mild,48.73381204474402,31.586754573990984,8.215480038080353,3.845
1063,2024-01-04 08:08:00,48.3342640855794,Local,1.2881246966097244,1,Eco,2,Moderate,38.18503214327583,Warm,58.39651947706501,48.72565572055619,9.928095205799192,4.908
1090,2024-01-04 08:09:00,70.65723241874679,City,0.1637947987727637,3,Sport,1,No Traffic,11.101559057990665,Mild,97.25511332482954,29.573510661314245,8.796829705684784,3.362
1116,2024-01-04 08:10:00,10.70666016686863,Local,2.405207366409475,1,Eco,3,High,27.48366991978527,Mild,39.37376984378217,40.29395315071308,7.369797853480566,5.467
1865,2024-01-04 08:11:00,51.71796754167101,City,-1.1223262959098492,1,Eco,1,No Traffic,32.612874898989666,Warm,77.70032779437916,41.72415816798535,9.385478708458733,4.446
1266,2024-01-04 08:12:00,20.974405805418957,Local,0.4449719976574977,1,Eco,3,High,6.412800419926391,Mild,80.40942314443338,36.976289847550376,6.885051566318915,5.371
1821,2024-01-04 08:13:00,118.452010310894,Highway,0.0045316484459161,3,Sport,1,No Traffic,28.93591641077142,Warm,37.679852601890815,33.52875712633791,11.432094521805958,2.933
1684,2024-01-04 08:14:00,67.33802549222092,City,-0.0626345626343658,1,Eco,2,Moderate,12.699129999234778,Mild,60.07974692897565,20.953958092639724,8.617290875435952,2.432
1558,2024-01-04 08:15:00,82.49242331290408,Highway,-0.2633676028967242,1,Eco,3,High,0.7927218234960893,Mild,48.016154025037466,28.407079645730494,10.696268844358707,2.656
1139,2024-01-04 08:16:00,39.05019368191294,Local,-1.7662231468063123,2,Comfort,2,Moderate,-4.835881515536899,Mild,81.75249947200713,9.766462014281649,4.459705421135969,2.19
1245,2024-01-04 08:17:00,11.368669773521296,Local,1.5342595349543569,1,Eco,3,High,28.469089868670626,Warm,69.79866552232299,30.950507654533727,6.752322899638858,4.584
1660,2024-01-04 08:18:00,117.1045035340244,Highway,-0.2919838035642677,2,Comfort,2,Moderate,3.3809835495296987,Mild,58.07864438884376,25.76339645270689,13.43016501692044,1.918
1757,2024-01-04 08:19:00,34.35108424598199,Local,2.751097650015634,3,Sport,3,High,-2.6962864605353514,Mild,82.34906120381746,40.23583025658348,7.949919769449156,5.061
1394,2024-01-04 08:20:00,50.856982220828904,City,-1.4351494368433422,1,Eco,3,High,17.374408939283853,Mild,38.81244560067336,45.13692686016544,8.299023935228519,5.439
1486,2024-01-04 08:21:00,77.983670604309,City,1.0964630377622466,1,Eco,3,High,10.601411558323727,Mild,80.28975044674873,6.726448134466458,8.134119470333781,0.827
1475,2024-01-04 08:22:00,2.9636757223333543,Local,2.6443024778346507,2,Comfort,1,No Traffic,26.131301701452234,Mild,89.22994496742595,34.576299300608255,6.866339570221619,5.036
1516,2024-01-04 08:23:00,97.23109566207444,Highway,0.9807499380965554,2,Comfort,1,No Traffic,-0.168606707410615,Mild,90.2897277446058,47.50731077238748,11.110634347354782,4.276
1976,2024-01-04 08:24:00,64.38938280343443,City,2.2276374457043673,1,Eco,3,High,0.9693926333588864,Mild,82.69388744156831,45.90225378711578,10.031877444470304,4.576
1183,2024-01-04 08:25:00,33.386062448258656,Local,1.964885758542037,3,Sport,2,Moderate,13.184846873527048,Mild,52.6411333598615,41.73786989015184,7.330329700702839,5.694
1019,2024-01-04 08:26:00,7.39295823509631,Local,-0.839293707065977,2,Comfort,2,Moderate,18.418367720601353,Mild,98.54464181742615,2.5122159216354327,3.3016243995166787,0.761
1936,2024-01-04 08:27:00,19.499809856932973,Local,0.6007436396369794,1,Eco,3,High,32.08872634247302,Warm,50.367491505795186,12.69895742032963,6.432926398835118,1.974
1557,2024-01-04 08:28:00,107.40406306241243,Highway,-2.0624319611318667,2,Comfort,1,No Traffic,21.353133592072275,Mild,71.09003192819405,7.499594389558387,10.824370174836032,0.693
1523,2024-01-04 08:29:00,82.32290687230692,Highway,0.2131552961735972,3,Sport,1,No Traffic,35.61688503156919,Warm,32.88593424555749,46.3540295957617,11.605485835357468,3.994
1581,2024-01-04 08:30:00,29.98820659642678,Local,-1.6174681691139767,2,Comfort,1,No Traffic,4.799552626226141,Mild,98.4359118909114,37.46960179573026,6.66663910631221,5.62
1528,2024-01-04 08:31:00,7.872091793403544,Local,1.462420889714673,1,Eco,1,No Traffic,21.829878219927295,Mild,76.31887374917306,26.636053352880648,6.235389621832833,4.272
1882,2024-01-04 08:32:00,82.87383748639635,Highway,0.1683505313527478,2,Comfort,2,Moderate,24.48572844066692,Mild,80.27020361970946,48.97207174750874,10.331630592308784,4.74
1146,2024-01-04 08:33:00,68.68892711613182,City,-0.5326358242100371,3,Sport,3,High,27.66122732718943,Mild,25.262136272891567,9.81646639051776,8.067760831768032,1.217
1665,2024-01-04 08:34:00,48.542342934988206,Local,-1.3872174229981349,1,Eco,3,High,39.4892814202898,Warm,81.07342513765374,32.11443869816545,7.802016062810087,4.116
1303,2024-01-04 08:35:00,43.63337390280766,Local,2.992190891047721,1,Eco,3,High,16.061522008544216,Mild,81.9778743376481,30.50811331085452,7.899743930758704,3.862
1619,2024-01-04 08:36:00,26.017713111492995,Local,-2.569736874690404,1,Eco,2,Moderate,11.619381093830256,Mild,73.74181810897838,17.088666821501043,5.85393412454639,2.919
1747,2024-01-04 08:37:00,80.35335078450211,Highway,-2.73863591656548,1,Eco,1,No Traffic,33.34930038192226,Warm,43.35276910322749,24.320476575009955,10.209009411038805,2.382
1819,2024-01-04 08:38:00,116.48016333526446,Highway,-1.6964555970368127,3,Sport,1,No Traffic,2.955590728839196,Mild,59.17520337287052,11.845769816132613,10.407740076600389,1.138
1863,2024-01-04 08:39:00,21.085829500419106,Local,2.826434751766918,1,Eco,2,Moderate,-3.3337356224102264,Mild,28.834749704697316,33.8880263118242,7.342625392514117,4.615
1581,2024-01-04 08:40:00,71.6539944018604,City,2.875429009919907,3,Sport,2,Moderate,14.961507408909991,Mild,57.726965316732205,20.970211445981203,9.196675326280223,2.28
1694,2024-01-04 08:41:00,50.90220668951714,City,0.929566408632816,3,Sport,3,High,6.124263454147098,Mild,39.50590820803239,1.2751498392546656,6.473573872042673,0.197
1761,2024-01-04 08:42:00,53.60264660935979,City,2.280640003238428,2,Comfort,3,High,12.84364305647908,Mild,47.92775891952657,47.544182631389766,9.715879918936771,4.893
1227,2024-01-04 08:43:00,30.497673615337728,Local,-1.7162296149552276,2,Comfort,2,Moderate,39.373749015084435,Warm,33.00803267229589,25.1208159478948,7.748966442814197,3.242
1101,2024-01-04 08:44:00,99.01618507937027,Highway,2.8322525650597417,1,Eco,2,Moderate,10.68197035986636,Mild,38.40434941975176,35.311130597093786,11.88498407798561,2.971
1586,2024-01-04 08:45:00,58.230672497668934,City,-2.1432908991626123,1,Eco,2,Moderate,26.85845687770211,Mild,26.125491345609294,9.926806509883791,9.672406068053313,1.026
1416,2024-01-04 08:46:00,65.2087022637917,City,-2.3932488709100506,3,Sport,1,No Traffic,6.268090438770924,Mild,93.5921093149537,6.448762924010201,6.429814247439381,1.003
1957,2024-01-04 08:47:00,36.57130953567909,Local,-2.326730764516362,2,Comfort,3,High,8.654032469477897,Mild,62.43285503803227,45.13085428936356,10.249303265194072,4.403
1215,2024-01-04 08:48:00,21.81701588003397,Local,0.4387675396353883,1,Eco,2,Moderate,5.941983705711596,Mild,51.73935770101917,29.587532913612883,7.450218663944553,3.971
1406,2024-01-04 08:49:00,10.309246584338458,Local,1.6858464043083146,1,Eco,2,Moderate,20.747239160158795,Mild,62.80233702150271,24.718208506961584,6.006628406327323,4.115
1398,2024-01-04 08:50:00,85.6942969109899,Highway,-0.7999969327522014,3,Sport,1,No Traffic,5.174886378839517,Mild,70.26345827852421,26.105386779140105,11.370084376769023,2.296
1922,2024-01-04 08:51:00,23.548113802542673,Local,2.8673759267167593,2,Comfort,2,Moderate,27.326384619779446,Mild,93.75030346954792,11.886509600533769,6.172643090636309,1.926
1714,2024-01-04 08:52:00,82.80904250265573,Highway,-0.3934791712900232,1,Eco,3,High,25.61233893410937,Mild,34.295436182905064,45.64304978878499,11.252508432709307,4.056
1703,2024-01-04 08:53:00,46.845173525634465,Local,-2.0973086953607023,1,Eco,1,No Traffic,13.95713541952313,Mild,43.64419989081741,10.790585211725354,6.888718769934806,1.566
1760,2024-01-04 08:54:00,49.89297611875818,Local,-0.2041995108831797,1,Eco,2,Moderate,-3.8490340532987544,Mild,98.06314690752916,7.984513263916517,5.345360423885333,1.494
1498,2024-01-04 08:55:00,56.30129953113261,City,1.0742229925346392,1,Eco,3,High,-3.980699049813433,Mild,49.69543893188195,46.509289803991486,9.768612047789526,4.761
1753,2024-01-04 08:56:00,44.12502097530518,Local,1.993354683026272,1,Eco,3,High,18.976306769901992,Mild,21.80493206058621,12.952935429523151,5.653432073325868,2.291
1464,2024-01-04 08:57:00,12.074397266710813,Local,-0.2473902602604427,1,Eco,1,No Traffic,32.76394728505107,Warm,31.811479410972705,43.13798747259949,7.147852662396123,6.035
1690,2024-01-04 08:58:00,37.155817200341495,Local,0.5616409562950047,2,Comfort,3,High,21.949315211919536,Mild,22.107096139884163,38.64838909406221,9.494877590971548,4.07
1948,2024-01-04 08:59:00,79.64812328327261,City,-1.3959317270468798,3,Sport,1,No Traffic,14.60427077132834,Mild,99.19385139365828,19.158986516167403,9.127576597863692,2.099
1973,2024-01-04 09:00:00,79.89412817626452,City,0.875499158433084,3,Sport,3,High,34.69534750671216,Warm,42.30966791929784,12.774700113826032,9.65699904375265,1.323
1730,2024-01-04 09:01:00,34.346916868799326,Local,2.915831663702062,3,Sport,2,Moderate,3.8647952062050113,Mild,93.88342055489808,37.973529870345885,8.856036320321282,4.288
1081,2024-01-04 09:02:00,55.21231518692255,City,-2.705678564473237,1,Eco,1,No Traffic,11.174099319233664,Mild,99.67090206077728,29.92017467840769,8.419340410236815,3.554
1603,2024-01-04 09:03:00,23.2136673614325,Local,2.3191840242310064,3,Sport,3,High,20.4389253341776,Mild,67.98729769144913,12.77661345367386,5.646011112018132,2.263
1946,2024-01-04 09:04:00,25.244649783580293,Local,0.3736950166051365,2,Comfort,1,No Traffic,8.125126111677375,Mild,22.655705205244946,44.5548853577478,8.041807805252784,5.54
1686,2024-01-04 09:05:00,2.765650608792889,Local,-1.4874080426262004,1,Eco,3,High,39.89706168369916,Warm,26.52733043095416,36.077022645873846,5.884093928711382,6.131
1750,2024-01-04 09:06:00,107.60958598892935,Highway,2.729338260055547,2,Comfort,1,No Traffic,15.354441262086029,Mild,58.52712440863022,45.472978721415906,11.0171450266658,4.127
1771,2024-01-04 09:07:00,25.284799808988744,Local,-0.0998741816466064,1,Eco,2,Moderate,-2.672499949648157,Mild,52.49376103291888,21.92977230952021,5.3653616324879,4.087
1902,2024-01-04 09:08:00,27.3040652323756,Local,-1.0098584899596863,1,Eco,1,No Traffic,2.9237538438589725,Mild,68.49418446254141,6.497155759215793,4.408505335080625,1.474
1364,2024-01-04 09:09:00,33.55217191741582,Local,-1.911014230374953,3,Sport,1,No Traffic,18.961639072360768,Mild,55.10782477690911,46.21136054334191,9.349498564956471,4.943
1162,2024-01-04 09:10:00,15.28896860345148,Local,-1.5332867384600275,2,Comfort,2,Moderate,19.75252898585242,Mild,94.72614794171876,30.111158925131452,6.016853525428788,5.004
1047,2024-01-04 09:11:00,76.71154598176354,City,1.9970942495486552,3,Sport,3,High,39.286492023761255,Warm,62.77917723308089,30.34236907349141,8.864458195772357,3.423
1510,2024-01-04 09:12:00,9.017154381310387,Local,0.686460055902995,1,Eco,2,Moderate,21.99848882918209,Mild,75.49808491699537,29.254845520356813,5.4562490513456385,5.362
1328,2024-01-04 09:13:00,16.10429115916203,Local,2.4794737169298964,2,Comfort,1,No Traffic,24.99822941616479,Mild,91.71882181139972,23.67241182423246,6.778955561209484,3.492
1839,2024-01-04 09:14:00,77.37080719081115,City,-1.608189287053285,2,Comfort,2,Moderate,4.617524647039081,Mild,31.74975006665659,12.826649682535246,9.646493334697784,1.33
1115,2024-01-04 09:15:00,40.75927445777313,Local,-2.273168556906591,1,Eco,2,Moderate,-0.1910803264229734,Mild,38.37877232948229,30.689791713243924,9.27981438407339,3.307
1940,2024-01-04 09:16:00,84.95373920414269,Highway,-2.96347481414646,3,Sport,1,No Traffic,22.090450366663948,Mild,28.585492837921205,35.958276940908355,11.02371575350567,3.262
1848,2024-01-04 09:17:00,66.89096936041705,City,0.047172225695963,1,Eco,1,No Traffic,33.919598947139654,Warm,31.171071938392984,45.83550493265471,10.88441370645203,4.211
1336,2024-01-04 09:18:00,30.722540767381567,Local,2.9898415822919286,2,Comfort,2,Moderate,21.431782830559815,Mild,61.006717354738655,3.700170632435962,5.401110635154097,0.685
1880,2024-01-04 09:19:00,78.09935405871937,City,1.169791612911833,2,Comfort,1,No Traffic,14.925244818307917,Mild,45.694340717397125,12.810005674369254,7.621487523657494,1.681
1736,2024-01-04 09:20:00,13.952841635145678,Local,-1.1496324482091236,2,Comfort,3,High,21.01929885947331,Mild,53.85382716214039,38.85662075909945,7.026655583484349,5.53
1863,2024-01-04 09:21:00,64.36924596960365,City,2.26115149815703,1,Eco,3,High,16.094721031857443,Mild,98.59918654352497,38.78001960484825,8.645902381715139,4.485
1839,2024-01-04 09:22:00,52.45777260540416,City,1.6903335959277577,2,Comfort,3,High,1.3846709206892711,Mild,32.53634782367585,10.680521855675082,8.401294397354093,1.271
1146,2024-01-04 09:23:00,32.1448299380929,Local,-2.907509003540764,2,Comfort,3,High,28.35329913638057,Warm,63.26496566384605,9.317412175932088,5.767019739991015,1.616
1574,2024-01-04 09:24:00,72.48059972874002,City,1.9011628832461351,3,Sport,2,Moderate,18.98671735591026,Mild,27.909692404292077,18.420296442046578,9.54496453525829,1.93
1805,2024-01-04 09:25:00,104.56003108083392,Highway,-1.196839456569024,3,Sport,2,Moderate,12.969529422617008,Mild,45.47970506111029,3.2394767177326833,8.634445126846243,0.375
1322,2024-01-04 09:26:00,119.8685639715692,Highway,-2.1019592124983935,2,Comfort,2,Moderate,20.183732591890283,Mild,62.20207389396789,36.54500319826606,11.727854526860808,3.116
1442,2024-01-04 09:27:00,72.93153224921095,City,-1.6420149615775526,3,Sport,1,No Traffic,5.85521295040007,Mild,95.730539677227,33.52345538273383,9.84146889767964,3.406
1836,2024-01-04 09:28:00,48.56470491950042,Local,-0.1885211737491658,1,Eco,2,Moderate,14.258097196169452,Mild,51.29825770267864,42.95040216722668,9.32170333691082,4.608
1012,2024-01-04 09:29:00,27.024852025944192,Local,-0.4507924375919341,3,Sport,2,Moderate,23.010034045167767,Mild,25.192535697173582,21.55945244056928,7.264880527315009,2.968
1942,2024-01-04 09:30:00,30.85153072741341,Local,-1.2666762037546395,3,Sport,1,No Traffic,5.1787108150254415,Mild,51.05291583682536,31.873126851082617,8.351874003292458,3.816
1493,2024-01-04 09:31:00,57.53459737797188,City,-1.966690066757804,3,Sport,1,No Traffic,28.704778809905427,Warm,31.659294069918214,47.7020794900744,10.8095664343313,4.413
1700,2024-01-04 09:32:00,44.07332415368511,Local,1.573384737853016,3,Sport,1,No Traffic,18.445491033546393,Mild,38.399169063315625,47.944235499804535,10.233961137782613,4.685
1286,2024-01-04 09:33:00,109.6577427149933,Highway,2.940658702409502,1,Eco,3,High,33.77680196883321,Warm,69.44724985319922,3.646772946272342,9.561902231247853,0.381
1719,2024-01-04 09:34:00,44.195456118685144,Local,1.666749482518142,3,Sport,2,Moderate,33.12564599633889,Warm,25.393909296294535,0.1940288130464451,6.633241904599367,0.029
1113,2024-01-04 09:35:00,44.813350937452256,Local,-1.2243781939707528,2,Comfort,2,Moderate,17.25326696737167,Mild,57.17790050000299,48.00322131199787,9.875887925797777,4.861
1479,2024-01-04 09:36:00,46.024141492077234,Local,-1.5311462315271998,3,Sport,2,Moderate,3.7959524784483616,Mild,68.75692688086116,26.812298437144555,7.828421046784279,3.425
1021,2024-01-04 09:37:00,100.39442524411898,Highway,-1.6940047436043706,3,Sport,1,No Traffic,28.148880397454164,Warm,53.74867138939975,35.04998699233764,10.75657455126367,3.258
1348,2024-01-04 09:38:00,78.09459850162823,City,-2.1798295530657823,2,Comfort,2,Moderate,13.840516105748309,Mild,21.53010804989843,45.63859818612869,11.499948488141175,3.969
1725,2024-01-04 09:39:00,73.70026203826713,City,0.3079832981538075,1,Eco,3,High,21.758236755362372,Mild,98.84154855222924,21.71441449525848,7.889747595253304,2.752
1682,2024-01-04 09:40:00,40.09716268606346,Local,0.6324022317200653,2,Comfort,2,Moderate,-0.1730619421727528,Mild,49.36926138724282,22.08859876921051,7.653311699226005,2.886
1834,2024-01-04 09:41:00,98.14850121989274,Highway,1.2330159639788238,2,Comfort,2,Moderate,23.421279528219653,Mild,82.28617495466136,8.432380389034561,10.183050491958326,0.828
1565,2024-01-04 09:42:00,4.603663362684136,Local,1.0812802256020078,2,Comfort,1,No Traffic,11.809772002530591,Mild,46.05171937499626,45.30083120119728,8.447829441939836,5.362
1905,2024-01-04 09:43:00,104.49566068057358,Highway,-1.2460001322997052,2,Comfort,3,High,10.038538737332251,Mild,58.001340559473505,32.41889797099485,10.674495339818836,3.037
1809,2024-01-04 09:44:00,61.52998797527155,City,-1.0181339676189207,3,Sport,2,Moderate,39.09620104500105,Warm,51.07709140887973,9.095435439848396,7.910863935041269,1.15
1319,2024-01-04 09:45:00,47.790028183609536,Local,1.089087212654027,3,Sport,1,No Traffic,14.459378924211126,Mild,47.403138360768615,28.033621526937495,7.654095203516812,3.663
1125,2024-01-04 09:46:00,59.66007368612228,City,-0.9033141552982302,3,Sport,3,High,25.51172701520804,Mild,21.748110176622298,16.475380525633618,8.207726349526451,2.007
1276,2024-01-04 09:47:00,80.08986366405973,Highway,-1.7242608622841218,3,Sport,3,High,23.247739100822848,Mild,48.80167502836028,7.444380293345657,9.524287119130571,0.782
1975,2024-01-04 09:48:00,1.5318511821476832,Local,-0.7539830778195626,1,Eco,1,No Traffic,-0.3063402101679067,Mild,91.1591992319624,9.17528542500046,4.185304047029027,2.192
1203,2024-01-04 09:49:00,104.58622277498972,Highway,-1.367495054532134,3,Sport,1,No Traffic,28.656739167894223,Warm,75.23146708749469,28.006932174729094,12.099662194166562,2.315
1193,2024-01-04 09:50:00,53.60874303736714,City,-2.4701236726885334,3,Sport,1,No Traffic,9.542164154510942,Mild,31.633828727635187,28.262822774044647,9.158706465482895,3.086
1680,2024-01-04 09:51:00,41.15598236400938,Local,1.980833413659921,1,Eco,1,No Traffic,30.952279713853073,Warm,67.29240036981913,39.51804497451106,7.781852568025431,5.078
1663,2024-01-04 09:52:00,16.58946787608685,Local,2.1186683349422175,2,Comfort,1,No Traffic,22.34383521769221,Mild,91.37846879590973,12.474415781746098,4.670031019887814,2.671
1546,2024-01-04 09:53:00,52.735844923013055,City,-1.6814981989987232,3,Sport,1,No Traffic,9.26911704790703,Mild,76.00272327718844,45.80008577384475,9.201602825148228,4.977
1695,2024-01-04 09:54:00,59.55873255412546,City,-2.6113668028487895,3,Sport,2,Moderate,11.033183214898193,Mild,31.894751388535735,25.97878528419605,8.98401933576661,2.892
1285,2024-01-04 09:55:00,48.43760333921733,Local,1.4329646241070773,2,Comfort,1,No Traffic,27.91783163498623,Mild,89.42659973875973,10.288217173180175,5.90692303475951,1.742
1056,2024-01-04 09:56:00,81.43921125922765,Highway,-1.7308282448195178,3,Sport,1,No Traffic,19.752669180529683,Mild,44.12352106310923,20.722700722609208,8.676374133380115,2.388
1733,2024-01-04 09:57:00,50.50758345110712,City,-0.6393870633788383,2,Comfort,3,High,25.075796830209185,Mild,56.32609154498734,46.175627674832285,9.59506009513958,4.812
1302,2024-01-04 09:58:00,115.3701093415888,Highway,-2.6151884865757005,2,Comfort,3,High,2.124324448383473,Mild,62.09142077513171,23.960011489056615,11.22536709870072,2.134
1162,2024-01-04 09:59:00,71.91330213883103,City,-1.642382491449389,2,Comfort,3,High,30.413950250278837,Warm,88.04052835025561,43.74828401290436,9.61360314098901,4.551
1018,2024-01-04 10:00:00,96.89735227822908,Highway,1.7574136699778151,3,Sport,1,No Traffic,9.417609351176562,Mild,94.52859961181288,8.075653484815286,9.2616348795314,0.872
1369,2024-01-04 10:01:00,13.122708373137462,Local,1.826378681491211,2,Comfort,1,No Traffic,22.8937570220953,Mild,94.37223022324449,45.70652409060387,6.601588352280648,6.924
1263,2024-01-04 10:02:00,47.67495515350869,Local,-1.7574910506737376,3,Sport,2,Moderate,0.1605921358903916,Mild,20.63633450228325,21.58787839442186,7.899903795647571,2.733
1793,2024-01-04 10:03:00,40.421724173658326,Local,-0.984516929359863,1,Eco,2,Moderate,9.463910852063515,Mild,93.75107884683658,46.81273448218514,7.883731467360628,5.938
1112,2024-01-04 10:04:00,68.33788657639101,City,-2.1945694854375386,2,Comfort,2,Moderate,24.19902818799888,Mild,24.350957280125787,43.31731812117034,9.586324403219756,4.519
1487,2024-01-04 10:05:00,103.33362240737108,Highway,-2.5549642182904657,3,Sport,2,Moderate,7.339275953061277,Mild,41.26189254539483,33.03231871345792,12.34114460725869,2.677
1326,2024-01-04 10:06:00,9.4005861314408,Local,2.9530302866904563,2,Comfort,1,No Traffic,34.61404885374177,Warm,61.19902837822664,33.67503620595568,7.335399116575697,4.591
1541,2024-01-04 10:07:00,8.708975765365295,Local,0.9335637074690352,3,Sport,3,High,24.755277974953916,Mild,58.39405512035152,10.65424859505728,6.021040043251069,1.77
1646,2024-01-04 10:08:00,102.03812497891188,Highway,0.2525790551899125,3,Sport,1,No Traffic,34.1625276983558,Warm,68.37678351099136,30.18120596825381,10.292459740944809,2.932
1578,2024-01-04 10:09:00,25.54201032460289,Local,1.5929910024317977,1,Eco,1,No Traffic,12.792581601300434,Mild,58.35569829896046,27.51982903739604,8.010061978719387,3.436
1064,2024-01-04 10:10:00,80.25039053397765,Highway,2.0404629581263443,2,Comfort,1,No Traffic,-3.470668581889625,Mild,94.75005437123366,16.773937113388538,7.28969133446749,2.301
1291,2024-01-04 10:11:00,65.14537588329662,City,1.8402886082683647,3,Sport,1,No Traffic,20.926298350979625,Mild,39.24390785716696,25.330514059997952,9.250457528838467,2.738
1024,2024-01-04 10:12:00,99.94723138646754,Highway,-2.9007633042607406,1,Eco,3,High,10.263707622641752,Mild,41.92197552307887,46.464263246208645,12.297491938327791,3.778
1548,2024-01-04 10:13:00,15.010669180368424,Local,-1.8791526108570091,3,Sport,3,High,15.1684769165059,Mild,93.65903485544447,0.36475262319375,4.374737034961277,0.083
1000,2024-01-04 10:14:00,15.573955886713351,Local,0.9294318127069864,3,Sport,2,Moderate,25.6499596265237,Mild,26.139161099620495,20.91449223060043,5.20031925255861,4.022
1910,2024-01-04 10:15:00,66.8182032333969,City,-0.7454439131762225,1,Eco,1,No Traffic,26.529910018189227,Mild,68.7648657523848,16.74857216646628,7.532926933036048,2.223
1548,2024-01-04 10:16:00,113.5654384030045,Highway,2.894895906366642,2,Comfort,2,Moderate,-3.759961331038307,Mild,74.53887616524887,48.06543026424993,12.906883411814563,3.724
1140,2024-01-04 10:17:00,49.79973100449051,Local,0.9924287558295242,1,Eco,3,High,29.61862027778261,Warm,60.443337874379154,48.697322141156086,10.809087500555568,4.505
1743,2024-01-04 10:18:00,39.23305203056339,Local,2.7392934523752395,2,Comfort,3,High,17.20835117302355,Mild,75.53855030585098,29.324460728239117,6.415326810784432,4.571
1647,2024-01-04 10:19:00,72.8027187837463,City,-1.791321110125237,3,Sport,2,Moderate,20.05144479960475,Mild,33.82037168095736,27.545347725189256,10.43648917089771,2.639
1900,2024-01-04 10:20:00,111.65383206540372,Highway,2.183742168690138,3,Sport,3,High,8.409738333543364,Mild,88.21057862172319,45.17030359084519,11.649934234882256,3.877
1187,2024-01-04 10:21:00,100.43133994135484,Highway,-1.071886165108648,1,Eco,3,High,13.937520370026142,Mild,31.20205515759085,0.4264694408537692,8.13007870669395,0.052
1127,2024-01-04 10:22:00,119.45803328798638,Highway,2.9373888494268403,1,Eco,1,No Traffic,26.966881029069928,Mild,52.064995545259976,28.157802085823516,10.993262044276053,2.561
1200,2024-01-04 10:23:00,2.708229984285251,Local,-2.053867967561116,1,Eco,1,No Traffic,29.952121132491634,Warm,26.020608104656464,1.3291571752475002,4.046721620922116,0.328
1126,2024-01-04 10:24:00,13.542977365531469,Local,0.0980389130299594,3,Sport,3,High,12.419778152559012,Mild,63.616886305392015,48.41129733872247,9.619410385432452,5.033
1256,2024-01-04 10:25:00,73.13613160399464,City,1.757067203022732,2,Comfort,3,High,26.100288969309855,Mild,73.57966459405114,16.075961911331024,8.350332369031236,1.925
1675,2024-01-04 10:26:00,98.46917272006196,Highway,-0.4041451163757847,1,Eco,2,Moderate,6.611957575979712,Mild,95.29773080762324,26.08798496174266,9.228960435146606,2.827
1546,2024-01-04 10:27:00,34.229321076811985,Local,-0.1914956388741195,2,Comfort,2,Moderate,32.44101993298818,Warm,79.14689567168007,20.936668379403624,5.9808001386472,3.501
1193,2024-01-04 10:28:00,28.70533056410625,Local,2.9181347730344465,1,Eco,3,High,22.44164075083144,Mild,63.28823331633209,44.69184379459519,9.456365427855491,4.726
1702,2024-01-04 10:29:00,94.4370959257441,Highway,-0.4481510981930801,1,Eco,1,No Traffic,29.883393223010273,Warm,94.6093613736267,49.99091541350492,10.724128761983682,4.662
1103,2024-01-04 10:30:00,6.765822462387789,Local,0.6244326035943812,1,Eco,1,No Traffic,16.471968354303133,Mild,58.27494704327013,3.512560101512826,5.092511402425346,0.69
1534,2024-01-04 10:31:00,44.325917709910215,Local,-2.672762035949096,1,Eco,2,Moderate,5.309917824187988,Mild,64.89645224790955,36.62835368556758,8.221862684462613,4.455
1264,2024-01-04 10:32:00,60.69710671107957,City,2.05326048126156,3,Sport,1,No Traffic,14.315400099113976,Mild,67.68788221360765,18.46313133501786,8.48408128030099,2.176
1801,2024-01-04 10:33:00,67.24184092203882,City,0.8890082938772608,3,Sport,1,No Traffic,12.166842751524436,Mild,52.798378070925345,7.039738695445834,7.229851515497855,0.974
1941,2024-01-04 10:34:00,87.43381881513322,Highway,-0.5758793828231186,1,Eco,2,Moderate,9.97224445480716,Mild,87.07861524526594,20.331332728810832,8.148323011549143,2.495
1973,2024-01-04 10:35:00,42.581486811678985,Local,-2.9029827602728817,3,Sport,2,Moderate,4.547818648366526,Mild,34.81407510760473,49.90751684652454,10.503596855257827,4.751
1383,2024-01-04 10:36:00,73.52212136095287,City,0.5500129235610234,3,Sport,1,No Traffic,29.16252138459128,Warm,64.38737522972863,17.942608237658366,7.902337096191721,2.271
1259,2024-01-04 10:37:00,70.24505073491476,City,-2.924053029095026,3,Sport,2,Moderate,-1.1141752405747778,Mild,77.77866049497553,13.94223447438141,7.405750110155151,1.883
1413,2024-01-04 10:38:00,65.71393207844966,City,-2.9927783165458925,3,Sport,3,High,34.94024184486253,Warm,92.31809375012618,42.32395159253559,9.998848857517793,4.233
1990,2024-01-04 10:39:00,76.85799517706546,City,0.6965913728961279,2,Comfort,2,Moderate,2.876112530398908,Mild,90.71347171474228,43.41010619119048,9.880945718640644,4.393
1357,2024-01-04 10:40:00,31.133900528169157,Local,-1.8658975959926745,2,Comfort,3,High,39.09431433331936,Warm,60.69922315441136,17.00957082611507,5.558787243940224,3.06
1074,2024-01-04 10:41:00,10.157850430155476,Local,-1.848674701691428,3,Sport,3,High,39.481062163918345,Warm,71.45291609306733,15.003789716560297,4.892708999403623,3.067
1354,2024-01-04 10:42:00,14.312600644769212,Local,0.9196293949964622,2,Comfort,3,High,12.927416855851828,Mild,51.53901889034408,32.39934572961611,7.056930200836796,4.591
1583,2024-01-04 10:43:00,26.949885918468127,Local,-2.6778168723637545,1,Eco,2,Moderate,39.45194826845183,Warm,57.45422103041602,10.338406337658432,7.830603978701172,1.32
1770,2024-01-04 10:44:00,60.02375226273423,City,-1.119566631152662,2,Comfort,2,Moderate,34.10808327763269,Warm,92.50126340584396,24.23590159087239,8.301391815711193,2.919
1909,2024-01-04 10:45:00,100.85313006552242,Highway,-2.103408587147886,1,Eco,2,Moderate,-1.2906375374000478,Mild,94.45631945539792,7.153050213220695,9.863994460438697,0.725
1187,2024-01-04 10:46:00,84.1552010506061,Highway,0.4810582187792032,2,Comfort,3,High,37.629785363287816,Warm,91.63312464536158,15.30726343381931,7.697127530430695,1.989
1972,2024-01-04 10:47:00,94.68487250424566,Highway,0.9705909283643752,2,Comfort,2,Moderate,-3.08685263429326,Mild,31.06966894509106,14.944326735167358,10.412612613698602,1.435
1684,2024-01-04 10:48:00,42.11707487113097,Local,1.3268151215942616,1,Eco,1,No Traffic,3.186143218259822,Mild,88.00672170645089,34.775508253971346,7.671707971848496,4.533
1991,2024-01-04 10:49:00,48.55844899782602,Local,-1.4686126984886074,1,Eco,1,No Traffic,21.306799338100344,Mild,95.86909848171842,14.185424446238455,6.233911217857901,2.276
1289,2024-01-04 10:50:00,47.241826318873535,Local,-2.464501490180496,3,Sport,2,Moderate,-1.3668269719993882,Mild,48.899975565888376,44.93493559918933,9.476431434560336,4.742
1044,2024-01-04 10:51:00,23.02478212854018,Local,-2.527898058348613,2,Comfort,3,High,2.2777490645216014,Mild,61.49170315373354,49.15400010902465,9.10757296565072,5.397
1572,2024-01-04 10:52:00,7.345998977228643,Local,-0.4430907092956575,1,Eco,2,Moderate,37.90713042005074,Warm,82.32762046503967,4.144978892746801,3.522021193043398,1.177
1082,2024-01-04 10:53:00,70.90993113926721,City,2.6750664543762905,3,Sport,1,No Traffic,39.76095481994236,Warm,64.9662510052519,19.94261682919539,8.083822137290602,2.467
1122,2024-01-04 10:54:00,118.70600201047031,Highway,-1.6936257945178523,1,Eco,3,High,30.916144380113373,Warm,99.47868173649996,15.16186906835744,10.53679617083886,1.439
1357,2024-01-04 10:55:00,20.01956459403154,Local,-1.459550391950704,3,Sport,2,Moderate,18.184422615911625,Mild,56.45706921254627,17.664307412696406,5.387468806246664,3.279
1527,2024-01-04 10:56:00,5.602178387912851,Local,-2.3946671873648464,3,Sport,2,Moderate,35.513542106125385,Warm,77.1154168965902,13.34120881489064,4.77073642500871,2.796
1065,2024-01-04 10:57:00,93.54380181887196,Highway,0.6334216433635813,1,Eco,3,High,0.0354446897605917,Mild,83.40729121572353,19.194976574030942,9.2213371067005,2.082
1935,2024-01-04 10:58:00,30.310320802166903,Local,1.0792372436830495,1,Eco,3,High,37.4301341160254,Warm,59.52803326067516,7.156588179172525,5.756062417726625,1.243
1656,2024-01-04 10:59:00,99.5572566423514,Highway,0.8575872489645597,2,Comfort,1,No Traffic,10.81988173549445,Mild,88.55870445691006,14.062931949712349,9.012995129509203,1.56
1374,2024-01-04 11:00:00,84.47240004414185,Highway,2.1667814582686873,2,Comfort,2,Moderate,33.76702260549375,Warm,63.69236729657572,37.41611211002356,10.753601326608912,3.479
1161,2024-01-04 11:01:00,113.48082444609656,Highway,-0.0814449898435696,3,Sport,1,No Traffic,25.07680326934259,Mild,52.93206374413052,17.267921630022823,11.052563510404228,1.562
1745,2024-01-04 11:02:00,49.07126829080064,Local,-2.193257755397614,1,Eco,1,No Traffic,38.21234368250749,Warm,28.62589390815576,10.470961376509912,7.0605557569551465,1.483
1379,2024-01-04 11:03:00,79.4363807340761,City,-1.263569215773524,2,Comfort,3,High,33.910507650811816,Warm,51.47308610803393,5.511357524385592,8.861922996053595,0.622
1655,2024-01-04 11:04:00,55.78257369759248,City,0.9745798405281104,3,Sport,2,Moderate,34.955401609790776,Warm,78.71491637866274,17.46540694943098,6.748807077693613,2.588
1357,2024-01-04 11:05:00,75.67064367702523,City,0.6787318424493591,2,Comfort,1,No Traffic,23.428946025401373,Mild,93.7029129344086,32.20611352215558,9.36315174923109,3.44
1187,2024-01-04 11:06:00,53.95186872092848,City,0.1860187784577749,3,Sport,1,No Traffic,32.49213389393241,Warm,40.13435230882482,12.73991306622688,6.338601766231602,2.01
1321,2024-01-04 11:07:00,22.63586957088898,Local,1.0977865121321226,2,Comfort,3,High,29.070901784260236,Warm,48.41884138644021,21.180039976701572,6.816366794408599,3.107
1449,2024-01-04 11:08:00,60.94768992040571,City,0.8243451022397963,1,Eco,2,Moderate,2.2730408906749258,Mild,32.31687952835409,47.62468912948368,10.346203975282418,4.603
1473,2024-01-04 11:09:00,63.43010417249308,City,2.28794933678971,3,Sport,2,Moderate,24.18686011089594,Mild,75.2578315383175,27.662906306492964,9.22948961637356,2.997
1012,2024-01-04 11:10:00,97.27246179121931,Highway,0.5160982648697798,3,Sport,1,No Traffic,1.6678995934071388,Mild,96.81507440079402,26.643736931621756,11.196285534303833,2.38
1183,2024-01-04 11:11:00,88.26248469522974,Highway,1.6716081522033388,2,Comfort,3,High,34.12552548484884,Warm,71.27617758785405,20.55617129719758,9.153945525077951,2.246
1110,2024-01-04 11:12:00,79.65499487297329,City,-1.5077570642011928,2,Comfort,2,Moderate,-2.032259029701419,Mild,69.36612240049811,27.88631485266205,9.78915441413318,2.849
1926,2024-01-04 11:13:00,13.606451466308704,Local,1.0690955075344082,2,Comfort,2,Moderate,39.41710015869739,Warm,64.27919444003471,49.229906992419174,8.74291763759281,5.631
1507,2024-01-04 11:14:00,86.4739548796458,Highway,2.413164710296054,1,Eco,1,No Traffic,13.028199976197016,Mild,27.076459254842923,12.764964582400586,10.3816897077735,1.23
1289,2024-01-04 11:15:00,60.03661876254177,City,-0.6856060326010005,2,Comfort,2,Moderate,2.678320916564603,Mild,78.36030611435069,47.10220195298058,10.089577340535394,4.668
1294,2024-01-04 11:16:00,107.2919443327391,Highway,1.6746251240318797,2,Comfort,2,Moderate,37.105374264755035,Warm,68.16396348394807,7.538642120412186,9.600691633270412,0.785
1450,2024-01-04 11:17:00,110.38451209566512,Highway,1.3487358071726128,1,Eco,2,Moderate,-2.9558306196568425,Mild,72.91814150850297,5.6441576409731375,9.148391543605674,0.617
1903,2024-01-04 11:18:00,6.618790872214255,Local,-2.642842818769065,2,Comfort,2,Moderate,16.154753552904257,Mild,91.90488744219373,32.76800783758389,5.581430978202492,5.871
1214,2024-01-04 11:19:00,98.47698724253743,Highway,0.4890498577444337,1,Eco,1,No Traffic,29.66022075660262,Warm,82.71686296488143,12.63383333098669,7.841474037737496,1.611
